timestamp,load_factor
2025-01-01 00:00:00,0.53072
2025-01-01 00:15:00,0.69244
2025-01-01 00:30:00,0.69823
2025-01-01 00:45:00,0.48718
2025-01-01 01:00:00,0.37047
2025-01-01 01:15:00,0.47497
2025-01-01 01:30:00,0.59052
2025-01-01 01:45:00,0.59553
2025-01-01 02:00:00,0.72740
2025-01-01 02:15:00,0.66785
2025-01-01 02:30:00,0.63635
2025-01-01 02:45:00,0.48889
2025-01-01 03:00:00,0.40053
2025-01-01 03:15:00,0.62992
2025-01-01 03:30:00,0.56797
2025-01-01 03:45:00,0.62406
2025-01-01 04:00:00,0.42661
2025-01-01 04:15:00,0.45341
2025-01-01 04:30:00,0.37940
2025-01-01 04:45:00,0.40729
2025-01-01 05:00:00,0.58734
2025-01-01 05:15:00,0.41456
2025-01-01 05:30:00,0.45145
2025-01-01 05:45:00,0.53699
2025-01-01 06:00:00,0.48665
2025-01-01 06:15:00,0.51372
2025-01-01 06:30:00,0.52938
2025-01-01 06:45:00,0.60210
2025-01-01 07:00:00,0.54590
2025-01-01 07:15:00,0.59993
2025-01-01 07:30:00,0.60068
2025-01-01 07:45:00,0.64112
2025-01-01 08:00:00,0.63872
2025-01-01 08:15:00,0.78455
2025-01-01 08:30:00,0.60684
2025-01-01 08:45:00,0.73426
2025-01-01 09:00:00,0.62197
2025-01-01 09:15:00,0.53037
2025-01-01 09:30:00,0.71836
2025-01-01 09:45:00,0.62214
2025-01-01 10:00:00,0.59660
2025-01-01 10:15:00,0.49039
2025-01-01 10:30:00,0.38496
2025-01-01 10:45:00,0.62387
2025-01-01 11:00:00,0.52993
2025-01-01 11:15:00,0.69365
2025-01-01 11:30:00,0.86001
2025-01-01 11:45:00,0.72383
2025-01-01 12:00:00,0.57668
2025-01-01 12:15:00,0.67876
2025-01-01 12:30:00,0.75254
2025-01-01 12:45:00,0.67709
2025-01-01 13:00:00,0.67949
2025-01-01 13:15:00,0.81277
2025-01-01 13:30:00,0.85287
2025-01-01 13:45:00,0.81157
2025-01-01 14:00:00,0.63947
2025-01-01 14:15:00,0.66028
2025-01-01 14:30:00,0.73276
2025-01-01 14:45:00,0.67598
2025-01-01 15:00:00,0.61540
2025-01-01 15:15:00,0.57756
2025-01-01 15:30:00,0.57634
2025-01-01 15:45:00,0.57044
2025-01-01 16:00:00,0.58871
2025-01-01 16:15:00,0.75289
2025-01-01 16:30:00,0.61363
2025-01-01 16:45:00,0.73140
2025-01-01 17:00:00,0.72326
2025-01-01 17:15:00,0.69007
2025-01-01 17:30:00,0.57902
2025-01-01 17:45:00,0.57439
2025-01-01 18:00:00,0.81284
2025-01-01 18:15:00,0.70578
2025-01-01 18:30:00,0.70908
2025-01-01 18:45:00,0.71948
2025-01-01 19:00:00,0.75909
2025-01-01 19:15:00,0.64029
2025-01-01 19:30:00,0.55806
2025-01-01 19:45:00,0.58094
2025-01-01 20:00:00,0.56541
2025-01-01 20:15:00,0.66173
2025-01-01 20:30:00,0.63196
2025-01-01 20:45:00,0.62316
2025-01-01 21:00:00,0.60736
2025-01-01 21:15:00,0.70695
2025-01-01 21:30:00,0.56155
2025-01-01 21:45:00,0.51404
2025-01-01 22:00:00,0.63081
2025-01-01 22:15:00,0.56970
2025-01-01 22:30:00,0.59234
2025-01-01 22:45:00,0.48872
2025-01-01 23:00:00,0.52528
2025-01-01 23:15:00,0.57668
2025-01-01 23:30:00,0.41668
2025-01-01 23:45:00,0.42204
2025-01-02 00:00:00,0.53402
2025-01-02 00:15:00,0.75429
2025-01-02 00:30:00,0.65143
2025-01-02 00:45:00,0.56222
2025-01-02 01:00:00,0.45150
2025-01-02 01:15:00,0.53577
2025-01-02 01:30:00,0.27553
2025-01-02 01:45:00,0.42941
2025-01-02 02:00:00,0.45522
2025-01-02 02:15:00,0.44556
2025-01-02 02:30:00,0.72660
2025-01-02 02:45:00,0.34626
2025-01-02 03:00:00,0.45915
2025-01-02 03:15:00,0.50889
2025-01-02 03:30:00,0.56745
2025-01-02 03:45:00,0.38256
2025-01-02 04:00:00,0.43306
2025-01-02 04:15:00,0.34976
2025-01-02 04:30:00,0.45947
2025-01-02 04:45:00,0.53247
2025-01-02 05:00:00,0.55730
2025-01-02 05:15:00,0.53230
2025-01-02 05:30:00,0.56466
2025-01-02 05:45:00,0.57797
2025-01-02 06:00:00,0.60835
2025-01-02 06:15:00,0.58406
2025-01-02 06:30:00,0.39790
2025-01-02 06:45:00,0.43280
2025-01-02 07:00:00,0.56433
2025-01-02 07:15:00,0.48812
2025-01-02 07:30:00,0.47602
2025-01-02 07:45:00,0.56637
2025-01-02 08:00:00,0.58551
2025-01-02 08:15:00,0.68954
2025-01-02 08:30:00,0.69114
2025-01-02 08:45:00,0.60034
2025-01-02 09:00:00,0.62679
2025-01-02 09:15:00,0.34196
2025-01-02 09:30:00,0.45156
2025-01-02 09:45:00,0.55797
2025-01-02 10:00:00,0.37418
2025-01-02 10:15:00,0.51916
2025-01-02 10:30:00,0.63002
2025-01-02 10:45:00,0.74970
2025-01-02 11:00:00,0.73080
2025-01-02 11:15:00,0.87455
2025-01-02 11:30:00,0.89131
2025-01-02 11:45:00,0.58282
2025-01-02 12:00:00,0.61738
2025-01-02 12:15:00,0.63797
2025-01-02 12:30:00,0.67126
2025-01-02 12:45:00,0.61755
2025-01-02 13:00:00,0.71794
2025-01-02 13:15:00,0.76720
2025-01-02 13:30:00,0.55795
2025-01-02 13:45:00,0.73189
2025-01-02 14:00:00,0.63347
2025-01-02 14:15:00,0.76917
2025-01-02 14:30:00,0.76705
2025-01-02 14:45:00,0.69612
2025-01-02 15:00:00,0.88229
2025-01-02 15:15:00,0.83653
2025-01-02 15:30:00,0.73341
2025-01-02 15:45:00,0.71747
2025-01-02 16:00:00,0.92680
2025-01-02 16:15:00,0.89836
2025-01-02 16:30:00,0.83958
2025-01-02 16:45:00,0.74331
2025-01-02 17:00:00,0.74195
2025-01-02 17:15:00,0.69748
2025-01-02 17:30:00,0.51178
2025-01-02 17:45:00,0.68509
2025-01-02 18:00:00,0.69570
2025-01-02 18:15:00,0.51982
2025-01-02 18:30:00,0.52593
2025-01-02 18:45:00,0.56428
2025-01-02 19:00:00,0.63177
2025-01-02 19:15:00,0.79237
2025-01-02 19:30:00,0.67408
2025-01-02 19:45:00,0.43338
2025-01-02 20:00:00,0.60483
2025-01-02 20:15:00,0.57965
2025-01-02 20:30:00,0.40999
2025-01-02 20:45:00,0.29337
2025-01-02 21:00:00,0.37100
2025-01-02 21:15:00,0.53921
2025-01-02 21:30:00,0.48127
2025-01-02 21:45:00,0.59375
2025-01-02 22:00:00,0.54209
2025-01-02 22:15:00,0.56765
2025-01-02 22:30:00,0.62583
2025-01-02 22:45:00,0.63123
2025-01-02 23:00:00,0.46757
2025-01-02 23:15:00,0.70611
2025-01-02 23:30:00,0.39699
2025-01-02 23:45:00,0.46585
2025-01-03 00:00:00,0.40489
2025-01-03 00:15:00,0.60323
2025-01-03 00:30:00,0.42128
2025-01-03 00:45:00,0.38415
2025-01-03 01:00:00,0.35979
2025-01-03 01:15:00,0.32668
2025-01-03 01:30:00,0.39520
2025-01-03 01:45:00,0.49427
2025-01-03 02:00:00,0.41397
2025-01-03 02:15:00,0.31366
2025-01-03 02:30:00,0.42029
2025-01-03 02:45:00,0.48183
2025-01-03 03:00:00,0.57850
2025-01-03 03:15:00,0.46130
2025-01-03 03:30:00,0.48382
2025-01-03 03:45:00,0.60268
2025-01-03 04:00:00,0.45601
2025-01-03 04:15:00,0.49625
2025-01-03 04:30:00,0.48605
2025-01-03 04:45:00,0.37663
2025-01-03 05:00:00,0.47329
2025-01-03 05:15:00,0.63362
2025-01-03 05:30:00,0.80462
2025-01-03 05:45:00,0.49851
2025-01-03 06:00:00,0.63199
2025-01-03 06:15:00,0.70009
2025-01-03 06:30:00,0.73744
2025-01-03 06:45:00,0.58860
2025-01-03 07:00:00,0.61492
2025-01-03 07:15:00,0.53490
2025-01-03 07:30:00,0.62745
2025-01-03 07:45:00,0.72706
2025-01-03 08:00:00,0.62069
2025-01-03 08:15:00,0.63378
2025-01-03 08:30:00,0.70556
2025-01-03 08:45:00,0.71983
2025-01-03 09:00:00,0.59021
2025-01-03 09:15:00,0.75128
2025-01-03 09:30:00,0.72223
2025-01-03 09:45:00,0.68211
2025-01-03 10:00:00,0.65964
2025-01-03 10:15:00,0.72047
2025-01-03 10:30:00,0.77756
2025-01-03 10:45:00,0.57044
2025-01-03 11:00:00,0.54043
2025-01-03 11:15:00,0.44656
2025-01-03 11:30:00,0.63269
2025-01-03 11:45:00,0.69398
2025-01-03 12:00:00,0.64372
2025-01-03 12:15:00,0.55292
2025-01-03 12:30:00,0.76308
2025-01-03 12:45:00,0.86680
2025-01-03 13:00:00,0.90187
2025-01-03 13:15:00,0.76195
2025-01-03 13:30:00,0.72248
2025-01-03 13:45:00,0.70865
2025-01-03 14:00:00,0.67649
2025-01-03 14:15:00,0.55576
2025-01-03 14:30:00,0.57522
2025-01-03 14:45:00,0.72356
2025-01-03 15:00:00,0.69276
2025-01-03 15:15:00,0.63349
2025-01-03 15:30:00,0.63392
2025-01-03 15:45:00,0.83270
2025-01-03 16:00:00,0.87431
2025-01-03 16:15:00,0.84849
2025-01-03 16:30:00,0.74481
2025-01-03 16:45:00,0.56760
2025-01-03 17:00:00,0.64358
2025-01-03 17:15:00,0.61594
2025-01-03 17:30:00,0.69778
2025-01-03 17:45:00,0.76397
2025-01-03 18:00:00,0.61359
2025-01-03 18:15:00,0.75796
2025-01-03 18:30:00,0.67930
2025-01-03 18:45:00,0.65175
2025-01-03 19:00:00,0.57399
2025-01-03 19:15:00,0.58065
2025-01-03 19:30:00,0.60756
2025-01-03 19:45:00,0.58425
2025-01-03 20:00:00,0.56098
2025-01-03 20:15:00,0.54168
2025-01-03 20:30:00,0.77474
2025-01-03 20:45:00,0.62865
2025-01-03 21:00:00,0.67036
2025-01-03 21:15:00,0.61390
2025-01-03 21:30:00,0.29117
2025-01-03 21:45:00,0.77940
2025-01-03 22:00:00,0.63532
2025-01-03 22:15:00,0.52675
2025-01-03 22:30:00,0.67274
2025-01-03 22:45:00,0.73823
2025-01-03 23:00:00,0.55325
2025-01-03 23:15:00,0.46008
2025-01-03 23:30:00,0.41996
2025-01-03 23:45:00,0.52767
2025-01-04 00:00:00,0.54501
2025-01-04 00:15:00,0.61166
2025-01-04 00:30:00,0.54390
2025-01-04 00:45:00,0.47923
2025-01-04 01:00:00,0.51889
2025-01-04 01:15:00,0.46306
2025-01-04 01:30:00,0.56622
2025-01-04 01:45:00,0.57779
2025-01-04 02:00:00,0.59578
2025-01-04 02:15:00,0.59193
2025-01-04 02:30:00,0.50387
2025-01-04 02:45:00,0.34334
2025-01-04 03:00:00,0.58708
2025-01-04 03:15:00,0.65526
2025-01-04 03:30:00,0.49757
2025-01-04 03:45:00,0.60819
2025-01-04 04:00:00,0.57421
2025-01-04 04:15:00,0.54137
2025-01-04 04:30:00,0.53863
2025-01-04 04:45:00,0.45751
2025-01-04 05:00:00,0.50152
2025-01-04 05:15:00,0.53780
2025-01-04 05:30:00,0.56829
2025-01-04 05:45:00,0.49888
2025-01-04 06:00:00,0.57845
2025-01-04 06:15:00,0.51281
2025-01-04 06:30:00,0.50079
2025-01-04 06:45:00,0.55820
2025-01-04 07:00:00,0.52734
2025-01-04 07:15:00,0.46280
2025-01-04 07:30:00,0.49398
2025-01-04 07:45:00,0.49100
2025-01-04 08:00:00,0.57631
2025-01-04 08:15:00,0.66413
2025-01-04 08:30:00,0.68908
2025-01-04 08:45:00,0.57552
2025-01-04 09:00:00,0.57029
2025-01-04 09:15:00,0.63420
2025-01-04 09:30:00,0.47089
2025-01-04 09:45:00,0.66431
2025-01-04 10:00:00,0.77138
2025-01-04 10:15:00,0.75865
2025-01-04 10:30:00,0.46954
2025-01-04 10:45:00,0.61575
2025-01-04 11:00:00,0.45731
2025-01-04 11:15:00,0.68187
2025-01-04 11:30:00,0.45234
2025-01-04 11:45:00,0.44952
2025-01-04 12:00:00,0.62794
2025-01-04 12:15:00,0.51301
2025-01-04 12:30:00,0.34089
2025-01-04 12:45:00,0.44889
2025-01-04 13:00:00,0.64045
2025-01-04 13:15:00,0.54538
2025-01-04 13:30:00,0.52110
2025-01-04 13:45:00,0.64012
2025-01-04 14:00:00,0.66409
2025-01-04 14:15:00,0.79695
2025-01-04 14:30:00,0.80424
2025-01-04 14:45:00,0.68662
2025-01-04 15:00:00,0.60708
2025-01-04 15:15:00,0.75721
2025-01-04 15:30:00,0.63250
2025-01-04 15:45:00,0.54556
2025-01-04 16:00:00,0.66993
2025-01-04 16:15:00,0.60430
2025-01-04 16:30:00,0.48439
2025-01-04 16:45:00,0.65745
2025-01-04 17:00:00,0.74440
2025-01-04 17:15:00,0.56147
2025-01-04 17:30:00,0.57838
2025-01-04 17:45:00,0.57067
2025-01-04 18:00:00,0.59645
2025-01-04 18:15:00,0.57418
2025-01-04 18:30:00,0.45694
2025-01-04 18:45:00,0.56732
2025-01-04 19:00:00,0.56590
2025-01-04 19:15:00,0.60903
2025-01-04 19:30:00,0.67389
2025-01-04 19:45:00,0.70852
2025-01-04 20:00:00,0.67833
2025-01-04 20:15:00,0.35797
2025-01-04 20:30:00,0.40234
2025-01-04 20:45:00,0.52727
2025-01-04 21:00:00,0.64133
2025-01-04 21:15:00,0.49225
2025-01-04 21:30:00,0.46163
2025-01-04 21:45:00,0.69975
2025-01-04 22:00:00,0.35096
2025-01-04 22:15:00,0.44834
2025-01-04 22:30:00,0.44537
2025-01-04 22:45:00,0.46835
2025-01-04 23:00:00,0.47906
2025-01-04 23:15:00,0.58131
2025-01-04 23:30:00,0.64637
2025-01-04 23:45:00,0.88090
2025-01-05 00:00:00,0.83218
2025-01-05 00:15:00,0.62804
2025-01-05 00:30:00,0.58676
2025-01-05 00:45:00,0.65163
2025-01-05 01:00:00,0.83607
2025-01-05 01:15:00,0.61352
2025-01-05 01:30:00,0.59413
2025-01-05 01:45:00,0.52864
2025-01-05 02:00:00,0.64354
2025-01-05 02:15:00,0.42790
2025-01-05 02:30:00,0.50412
2025-01-05 02:45:00,0.38367
2025-01-05 03:00:00,0.50323
2025-01-05 03:15:00,0.59910
2025-01-05 03:30:00,0.51334
2025-01-05 03:45:00,0.50168
2025-01-05 04:00:00,0.63683
2025-01-05 04:15:00,0.56119
2025-01-05 04:30:00,0.60413
2025-01-05 04:45:00,0.54067
2025-01-05 05:00:00,0.45142
2025-01-05 05:15:00,0.47452
2025-01-05 05:30:00,0.73794
2025-01-05 05:45:00,0.59384
2025-01-05 06:00:00,0.58060
2025-01-05 06:15:00,0.69398
2025-01-05 06:30:00,0.65378
2025-01-05 06:45:00,0.65981
2025-01-05 07:00:00,0.84159
2025-01-05 07:15:00,0.77089
2025-01-05 07:30:00,0.57594
2025-01-05 07:45:00,0.66066
2025-01-05 08:00:00,0.56558
2025-01-05 08:15:00,0.56039
2025-01-05 08:30:00,0.70432
2025-01-05 08:45:00,0.65724
2025-01-05 09:00:00,0.60784
2025-01-05 09:15:00,0.56638
2025-01-05 09:30:00,0.62616
2025-01-05 09:45:00,0.60837
2025-01-05 10:00:00,0.72975
2025-01-05 10:15:00,0.69795
2025-01-05 10:30:00,0.65362
2025-01-05 10:45:00,0.96524
2025-01-05 11:00:00,0.79973
2025-01-05 11:15:00,0.63939
2025-01-05 11:30:00,0.53340
2025-01-05 11:45:00,0.50907
2025-01-05 12:00:00,0.47818
2025-01-05 12:15:00,0.59686
2025-01-05 12:30:00,0.64585
2025-01-05 12:45:00,0.72655
2025-01-05 13:00:00,0.59441
2025-01-05 13:15:00,0.60292
2025-01-05 13:30:00,0.59540
2025-01-05 13:45:00,0.81592
2025-01-05 14:00:00,0.74221
2025-01-05 14:15:00,0.74608
2025-01-05 14:30:00,0.81457
2025-01-05 14:45:00,0.74920
2025-01-05 15:00:00,0.69648
2025-01-05 15:15:00,0.63963
2025-01-05 15:30:00,0.63230
2025-01-05 15:45:00,0.65377
2025-01-05 16:00:00,0.63969
2025-01-05 16:15:00,0.63336
2025-01-05 16:30:00,0.84305
2025-01-05 16:45:00,0.59006
2025-01-05 17:00:00,0.42630
2025-01-05 17:15:00,0.61044
2025-01-05 17:30:00,0.77213
2025-01-05 17:45:00,0.66124
2025-01-05 18:00:00,0.73007
2025-01-05 18:15:00,0.83315
2025-01-05 18:30:00,0.67747
2025-01-05 18:45:00,0.66416
2025-01-05 19:00:00,0.55283
2025-01-05 19:15:00,0.52900
2025-01-05 19:30:00,0.54074
2025-01-05 19:45:00,0.65516
2025-01-05 20:00:00,0.76735
2025-01-05 20:15:00,0.72334
2025-01-05 20:30:00,0.54924
2025-01-05 20:45:00,0.49338
2025-01-05 21:00:00,0.51203
2025-01-05 21:15:00,0.55333
2025-01-05 21:30:00,0.62233
2025-01-05 21:45:00,0.43537
2025-01-05 22:00:00,0.41175
2025-01-05 22:15:00,0.68456
2025-01-05 22:30:00,0.64575
2025-01-05 22:45:00,0.62474
2025-01-05 23:00:00,0.43373
2025-01-05 23:15:00,0.60727
2025-01-05 23:30:00,0.61787
2025-01-05 23:45:00,0.41914
2025-01-06 00:00:00,0.37095
2025-01-06 00:15:00,0.53946
2025-01-06 00:30:00,0.40220
2025-01-06 00:45:00,0.54491
2025-01-06 01:00:00,0.48018
2025-01-06 01:15:00,0.57730
2025-01-06 01:30:00,0.63572
2025-01-06 01:45:00,0.75028
2025-01-06 02:00:00,0.42794
2025-01-06 02:15:00,0.34512
2025-01-06 02:30:00,0.45268
2025-01-06 02:45:00,0.67079
2025-01-06 03:00:00,0.62993
2025-01-06 03:15:00,0.42938
2025-01-06 03:30:00,0.58763
2025-01-06 03:45:00,0.54561
2025-01-06 04:00:00,0.66932
2025-01-06 04:15:00,0.46919
2025-01-06 04:30:00,0.61031
2025-01-06 04:45:00,0.70800
2025-01-06 05:00:00,0.50650
2025-01-06 05:15:00,0.55218
2025-01-06 05:30:00,0.60142
2025-01-06 05:45:00,0.59725
2025-01-06 06:00:00,0.49165
2025-01-06 06:15:00,0.64623
2025-01-06 06:30:00,0.51034
2025-01-06 06:45:00,0.56657
2025-01-06 07:00:00,0.63022
2025-01-06 07:15:00,0.64283
2025-01-06 07:30:00,0.67409
2025-01-06 07:45:00,0.44623
2025-01-06 08:00:00,0.32379
2025-01-06 08:15:00,0.53472
2025-01-06 08:30:00,0.62306
2025-01-06 08:45:00,0.76353
2025-01-06 09:00:00,0.65260
2025-01-06 09:15:00,0.62338
2025-01-06 09:30:00,0.48273
2025-01-06 09:45:00,0.62597
2025-01-06 10:00:00,0.78287
2025-01-06 10:15:00,0.65705
2025-01-06 10:30:00,0.70225
2025-01-06 10:45:00,0.79320
2025-01-06 11:00:00,0.82700
2025-01-06 11:15:00,0.81635
2025-01-06 11:30:00,0.82376
2025-01-06 11:45:00,0.38768
2025-01-06 12:00:00,0.38744
2025-01-06 12:15:00,0.61303
2025-01-06 12:30:00,0.48752
2025-01-06 12:45:00,0.71085
2025-01-06 13:00:00,0.63478
2025-01-06 13:15:00,0.50926
2025-01-06 13:30:00,0.71062
2025-01-06 13:45:00,0.62873
2025-01-06 14:00:00,0.56660
2025-01-06 14:15:00,0.71746
2025-01-06 14:30:00,0.67290
2025-01-06 14:45:00,0.55800
2025-01-06 15:00:00,0.52844
2025-01-06 15:15:00,0.46144
2025-01-06 15:30:00,0.76360
2025-01-06 15:45:00,0.83659
2025-01-06 16:00:00,0.73272
2025-01-06 16:15:00,0.62126
2025-01-06 16:30:00,0.69708
2025-01-06 16:45:00,0.65287
2025-01-06 17:00:00,0.73376
2025-01-06 17:15:00,0.74375
2025-01-06 17:30:00,0.68732
2025-01-06 17:45:00,0.63126
2025-01-06 18:00:00,0.69675
2025-01-06 18:15:00,0.65644
2025-01-06 18:30:00,0.47318
2025-01-06 18:45:00,0.59997
2025-01-06 19:00:00,0.79282
2025-01-06 19:15:00,0.63967
2025-01-06 19:30:00,0.64640
2025-01-06 19:45:00,0.58550
2025-01-06 20:00:00,0.62228
2025-01-06 20:15:00,0.57371
2025-01-06 20:30:00,0.82026
2025-01-06 20:45:00,0.71321
2025-01-06 21:00:00,0.62911
2025-01-06 21:15:00,0.62529
2025-01-06 21:30:00,0.59923
2025-01-06 21:45:00,0.72440
2025-01-06 22:00:00,0.54779
2025-01-06 22:15:00,0.47212
2025-01-06 22:30:00,0.57960
2025-01-06 22:45:00,0.53829
2025-01-06 23:00:00,0.47902
2025-01-06 23:15:00,0.33234
2025-01-06 23:30:00,0.46410
2025-01-06 23:45:00,0.45145
2025-01-07 00:00:00,0.61198
2025-01-07 00:15:00,0.44957
2025-01-07 00:30:00,0.54191
2025-01-07 00:45:00,0.52686
2025-01-07 01:00:00,0.45810
2025-01-07 01:15:00,0.62967
2025-01-07 01:30:00,0.70747
2025-01-07 01:45:00,0.55842
2025-01-07 02:00:00,0.51582
2025-01-07 02:15:00,0.31248
2025-01-07 02:30:00,0.54455
2025-01-07 02:45:00,0.51926
2025-01-07 03:00:00,0.64314
2025-01-07 03:15:00,0.52857
2025-01-07 03:30:00,0.58865
2025-01-07 03:45:00,0.60185
2025-01-07 04:00:00,0.61366
2025-01-07 04:15:00,0.52507
2025-01-07 04:30:00,0.47461
2025-01-07 04:45:00,0.41181
2025-01-07 05:00:00,0.52442
2025-01-07 05:15:00,0.46252
2025-01-07 05:30:00,0.57838
2025-01-07 05:45:00,0.37964
2025-01-07 06:00:00,0.63934
2025-01-07 06:15:00,0.65053
2025-01-07 06:30:00,0.61216
2025-01-07 06:45:00,0.51608
2025-01-07 07:00:00,0.48208
2025-01-07 07:15:00,0.50884
2025-01-07 07:30:00,0.63355
2025-01-07 07:45:00,0.63587
2025-01-07 08:00:00,0.66037
2025-01-07 08:15:00,0.72329
2025-01-07 08:30:00,0.72060
2025-01-07 08:45:00,0.74268
2025-01-07 09:00:00,0.66533
2025-01-07 09:15:00,0.54312
2025-01-07 09:30:00,0.74691
2025-01-07 09:45:00,0.81244
2025-01-07 10:00:00,0.53610
2025-01-07 10:15:00,0.59072
2025-01-07 10:30:00,0.86760
2025-01-07 10:45:00,0.86320
2025-01-07 11:00:00,0.84109
2025-01-07 11:15:00,0.50059
2025-01-07 11:30:00,0.57630
2025-01-07 11:45:00,0.56483
2025-01-07 12:00:00,0.62854
2025-01-07 12:15:00,0.65364
2025-01-07 12:30:00,0.77649
2025-01-07 12:45:00,0.66412
2025-01-07 13:00:00,0.65681
2025-01-07 13:15:00,0.58283
2025-01-07 13:30:00,0.50166
2025-01-07 13:45:00,0.65820
2025-01-07 14:00:00,0.78534
2025-01-07 14:15:00,0.71666
2025-01-07 14:30:00,0.83660
2025-01-07 14:45:00,0.69407
2025-01-07 15:00:00,0.73846
2025-01-07 15:15:00,0.49641
2025-01-07 15:30:00,0.64949
2025-01-07 15:45:00,0.84070
2025-01-07 16:00:00,0.65951
2025-01-07 16:15:00,0.71438
2025-01-07 16:30:00,0.72177
2025-01-07 16:45:00,0.65122
2025-01-07 17:00:00,0.67824
2025-01-07 17:15:00,0.64208
2025-01-07 17:30:00,0.57401
2025-01-07 17:45:00,0.61702
2025-01-07 18:00:00,0.60140
2025-01-07 18:15:00,0.63194
2025-01-07 18:30:00,0.40568
2025-01-07 18:45:00,0.50694
2025-01-07 19:00:00,0.68796
2025-01-07 19:15:00,0.70703
2025-01-07 19:30:00,0.76484
2025-01-07 19:45:00,0.65387
2025-01-07 20:00:00,0.72176
2025-01-07 20:15:00,0.80243
2025-01-07 20:30:00,0.61681
2025-01-07 20:45:00,0.58514
2025-01-07 21:00:00,0.87875
2025-01-07 21:15:00,0.63432
2025-01-07 21:30:00,0.40307
2025-01-07 21:45:00,0.66526
2025-01-07 22:00:00,0.61358
2025-01-07 22:15:00,0.42749
2025-01-07 22:30:00,0.38153
2025-01-07 22:45:00,0.52742
2025-01-07 23:00:00,0.39797
2025-01-07 23:15:00,0.41034
2025-01-07 23:30:00,0.34687
2025-01-07 23:45:00,0.47794
2025-01-08 00:00:00,0.50783
2025-01-08 00:15:00,0.34049
2025-01-08 00:30:00,0.61425
2025-01-08 00:45:00,0.45596
2025-01-08 01:00:00,0.45682
2025-01-08 01:15:00,0.70936
2025-01-08 01:30:00,0.56683
2025-01-08 01:45:00,0.48251
2025-01-08 02:00:00,0.44917
2025-01-08 02:15:00,0.57792
2025-01-08 02:30:00,0.48252
2025-01-08 02:45:00,0.30688
2025-01-08 03:00:00,0.31517
2025-01-08 03:15:00,0.38583
2025-01-08 03:30:00,0.46024
2025-01-08 03:45:00,0.34249
2025-01-08 04:00:00,0.47822
2025-01-08 04:15:00,0.46393
2025-01-08 04:30:00,0.40370
2025-01-08 04:45:00,0.46354
2025-01-08 05:00:00,0.70549
2025-01-08 05:15:00,0.56598
2025-01-08 05:30:00,0.54031
2025-01-08 05:45:00,0.63570
2025-01-08 06:00:00,0.56547
2025-01-08 06:15:00,0.61130
2025-01-08 06:30:00,0.62637
2025-01-08 06:45:00,0.46129
2025-01-08 07:00:00,0.59214
2025-01-08 07:15:00,0.52138
2025-01-08 07:30:00,0.52607
2025-01-08 07:45:00,0.56514
2025-01-08 08:00:00,0.46911
2025-01-08 08:15:00,0.63140
2025-01-08 08:30:00,0.70011
2025-01-08 08:45:00,0.87119
2025-01-08 09:00:00,0.65611
2025-01-08 09:15:00,0.60082
2025-01-08 09:30:00,0.79329
2025-01-08 09:45:00,0.51792
2025-01-08 10:00:00,0.53568
2025-01-08 10:15:00,0.75622
2025-01-08 10:30:00,0.60293
2025-01-08 10:45:00,0.87488
2025-01-08 11:00:00,0.68488
2025-01-08 11:15:00,0.55937
2025-01-08 11:30:00,0.63044
2025-01-08 11:45:00,0.65475
2025-01-08 12:00:00,0.61120
2025-01-08 12:15:00,0.60203
2025-01-08 12:30:00,0.66028
2025-01-08 12:45:00,0.62341
2025-01-08 13:00:00,0.55820
2025-01-08 13:15:00,0.63543
2025-01-08 13:30:00,0.65053
2025-01-08 13:45:00,0.50601
2025-01-08 14:00:00,0.64799
2025-01-08 14:15:00,0.65465
2025-01-08 14:30:00,0.80515
2025-01-08 14:45:00,0.67153
2025-01-08 15:00:00,0.56526
2025-01-08 15:15:00,0.55268
2025-01-08 15:30:00,0.75060
2025-01-08 15:45:00,0.75117
2025-01-08 16:00:00,0.68774
2025-01-08 16:15:00,0.55783
2025-01-08 16:30:00,0.56877
2025-01-08 16:45:00,0.62821
2025-01-08 17:00:00,0.70220
2025-01-08 17:15:00,0.62386
2025-01-08 17:30:00,0.76881
2025-01-08 17:45:00,0.65934
2025-01-08 18:00:00,0.76583
2025-01-08 18:15:00,0.53442
2025-01-08 18:30:00,0.65754
2025-01-08 18:45:00,0.59902
2025-01-08 19:00:00,0.40607
2025-01-08 19:15:00,0.60927
2025-01-08 19:30:00,0.54703
2025-01-08 19:45:00,0.68928
2025-01-08 20:00:00,0.51051
2025-01-08 20:15:00,0.55470
2025-01-08 20:30:00,0.60928
2025-01-08 20:45:00,0.42914
2025-01-08 21:00:00,0.49252
2025-01-08 21:15:00,0.60023
2025-01-08 21:30:00,0.49515
2025-01-08 21:45:00,0.47079
2025-01-08 22:00:00,0.61147
2025-01-08 22:15:00,0.85409
2025-01-08 22:30:00,0.59174
2025-01-08 22:45:00,0.60896
2025-01-08 23:00:00,0.50110
2025-01-08 23:15:00,0.67924
2025-01-08 23:30:00,0.52843
2025-01-08 23:45:00,0.55421
2025-01-09 00:00:00,0.65962
2025-01-09 00:15:00,0.46743
2025-01-09 00:30:00,0.56263
2025-01-09 00:45:00,0.51084
2025-01-09 01:00:00,0.34661
2025-01-09 01:15:00,0.39982
2025-01-09 01:30:00,0.47836
2025-01-09 01:45:00,0.45038
2025-01-09 02:00:00,0.58313
2025-01-09 02:15:00,0.50624
2025-01-09 02:30:00,0.53618
2025-01-09 02:45:00,0.57422
2025-01-09 03:00:00,0.75255
2025-01-09 03:15:00,0.67217
2025-01-09 03:30:00,0.50251
2025-01-09 03:45:00,0.67783
2025-01-09 04:00:00,0.59862
2025-01-09 04:15:00,0.58444
2025-01-09 04:30:00,0.43399
2025-01-09 04:45:00,0.47382
2025-01-09 05:00:00,0.54494
2025-01-09 05:15:00,0.39206
2025-01-09 05:30:00,0.46155
2025-01-09 05:45:00,0.52582
2025-01-09 06:00:00,0.47524
2025-01-09 06:15:00,0.67588
2025-01-09 06:30:00,0.77433
2025-01-09 06:45:00,0.50985
2025-01-09 07:00:00,0.36270
2025-01-09 07:15:00,0.36842
2025-01-09 07:30:00,0.64899
2025-01-09 07:45:00,0.49386
2025-01-09 08:00:00,0.54151
2025-01-09 08:15:00,0.72398
2025-01-09 08:30:00,0.72162
2025-01-09 08:45:00,0.75193
2025-01-09 09:00:00,0.67777
2025-01-09 09:15:00,0.87151
2025-01-09 09:30:00,0.67302
2025-01-09 09:45:00,0.52901
2025-01-09 10:00:00,0.61499
2025-01-09 10:15:00,0.92143
2025-01-09 10:30:00,0.90613
2025-01-09 10:45:00,0.71708
2025-01-09 11:00:00,0.51758
2025-01-09 11:15:00,0.61849
2025-01-09 11:30:00,0.70141
2025-01-09 11:45:00,0.74257
2025-01-09 12:00:00,0.68578
2025-01-09 12:15:00,0.57519
2025-01-09 12:30:00,0.58693
2025-01-09 12:45:00,0.68692
2025-01-09 13:00:00,0.82247
2025-01-09 13:15:00,0.83399
2025-01-09 13:30:00,0.70972
2025-01-09 13:45:00,0.66936
2025-01-09 14:00:00,0.79625
2025-01-09 14:15:00,0.82999
2025-01-09 14:30:00,0.78266
2025-01-09 14:45:00,0.48836
2025-01-09 15:00:00,0.47081
2025-01-09 15:15:00,0.67751
2025-01-09 15:30:00,0.78986
2025-01-09 15:45:00,0.76005
2025-01-09 16:00:00,0.71188
2025-01-09 16:15:00,0.68097
2025-01-09 16:30:00,0.70635
2025-01-09 16:45:00,0.53001
2025-01-09 17:00:00,0.54118
2025-01-09 17:15:00,0.67074
2025-01-09 17:30:00,0.62566
2025-01-09 17:45:00,0.62027
2025-01-09 18:00:00,0.62825
2025-01-09 18:15:00,0.66739
2025-01-09 18:30:00,0.58722
2025-01-09 18:45:00,0.50291
2025-01-09 19:00:00,0.60851
2025-01-09 19:15:00,0.43891
2025-01-09 19:30:00,0.53157
2025-01-09 19:45:00,0.43465
2025-01-09 20:00:00,0.64802
2025-01-09 20:15:00,0.84986
2025-01-09 20:30:00,0.56208
2025-01-09 20:45:00,0.66674
2025-01-09 21:00:00,0.55880
2025-01-09 21:15:00,0.50569
2025-01-09 21:30:00,0.49924
2025-01-09 21:45:00,0.57683
2025-01-09 22:00:00,0.62716
2025-01-09 22:15:00,0.50889
2025-01-09 22:30:00,0.47185
2025-01-09 22:45:00,0.63062
2025-01-09 23:00:00,0.71161
2025-01-09 23:15:00,0.49289
2025-01-09 23:30:00,0.48756
2025-01-09 23:45:00,0.61814
2025-01-10 00:00:00,0.77059
2025-01-10 00:15:00,0.63688
2025-01-10 00:30:00,0.61392
2025-01-10 00:45:00,0.46653
2025-01-10 01:00:00,0.60647
2025-01-10 01:15:00,0.60107
2025-01-10 01:30:00,0.51357
2025-01-10 01:45:00,0.51959
2025-01-10 02:00:00,0.74502
2025-01-10 02:15:00,0.75349
2025-01-10 02:30:00,0.75740
2025-01-10 02:45:00,0.51562
2025-01-10 03:00:00,0.39942
2025-01-10 03:15:00,0.32424
2025-01-10 03:30:00,0.52156
2025-01-10 03:45:00,0.41064
2025-01-10 04:00:00,0.38595
2025-01-10 04:15:00,0.60232
2025-01-10 04:30:00,0.37696
2025-01-10 04:45:00,0.53810
2025-01-10 05:00:00,0.42235
2025-01-10 05:15:00,0.51825
2025-01-10 05:30:00,0.78008
2025-01-10 05:45:00,0.67247
2025-01-10 06:00:00,0.57669
2025-01-10 06:15:00,0.55039
2025-01-10 06:30:00,0.54354
2025-01-10 06:45:00,0.51294
2025-01-10 07:00:00,0.39126
2025-01-10 07:15:00,0.43310
2025-01-10 07:30:00,0.67579
2025-01-10 07:45:00,0.75218
2025-01-10 08:00:00,0.72066
2025-01-10 08:15:00,0.64565
2025-01-10 08:30:00,0.69015
2025-01-10 08:45:00,0.67177
2025-01-10 09:00:00,0.70381
2025-01-10 09:15:00,0.81218
2025-01-10 09:30:00,0.82401
2025-01-10 09:45:00,0.67195
2025-01-10 10:00:00,0.56815
2025-01-10 10:15:00,0.41453
2025-01-10 10:30:00,0.49742
2025-01-10 10:45:00,0.59354
2025-01-10 11:00:00,0.62524
2025-01-10 11:15:00,0.64809
2025-01-10 11:30:00,0.70413
2025-01-10 11:45:00,0.78452
2025-01-10 12:00:00,0.56076
2025-01-10 12:15:00,0.53801
2025-01-10 12:30:00,0.53157
2025-01-10 12:45:00,0.69744
2025-01-10 13:00:00,0.86995
2025-01-10 13:15:00,0.77002
2025-01-10 13:30:00,0.75954
2025-01-10 13:45:00,0.66113
2025-01-10 14:00:00,0.57998
2025-01-10 14:15:00,0.58185
2025-01-10 14:30:00,0.80840
2025-01-10 14:45:00,0.72329
2025-01-10 15:00:00,0.67597
2025-01-10 15:15:00,0.74247
2025-01-10 15:30:00,0.71081
2025-01-10 15:45:00,0.79683
2025-01-10 16:00:00,0.71726
2025-01-10 16:15:00,0.71651
2025-01-10 16:30:00,0.73656
2025-01-10 16:45:00,0.63056
2025-01-10 17:00:00,0.61043
2025-01-10 17:15:00,0.70411
2025-01-10 17:30:00,0.68418
2025-01-10 17:45:00,0.60485
2025-01-10 18:00:00,0.62968
2025-01-10 18:15:00,0.88868
2025-01-10 18:30:00,0.70598
2025-01-10 18:45:00,0.57847
2025-01-10 19:00:00,0.64996
2025-01-10 19:15:00,0.79587
2025-01-10 19:30:00,0.65888
2025-01-10 19:45:00,0.60232
2025-01-10 20:00:00,0.55995
2025-01-10 20:15:00,0.45450
2025-01-10 20:30:00,0.53384
2025-01-10 20:45:00,0.67689
2025-01-10 21:00:00,0.65675
2025-01-10 21:15:00,0.61533
2025-01-10 21:30:00,0.41728
2025-01-10 21:45:00,0.47885
2025-01-10 22:00:00,0.42094
2025-01-10 22:15:00,0.24115
2025-01-10 22:30:00,0.38363
2025-01-10 22:45:00,0.55113
2025-01-10 23:00:00,0.45100
2025-01-10 23:15:00,0.42393
2025-01-10 23:30:00,0.67346
2025-01-10 23:45:00,0.65109
2025-01-11 00:00:00,0.70087
2025-01-11 00:15:00,0.72193
2025-01-11 00:30:00,0.66174
2025-01-11 00:45:00,0.56778
2025-01-11 01:00:00,0.58630
2025-01-11 01:15:00,0.69169
2025-01-11 01:30:00,0.60774
2025-01-11 01:45:00,0.56716
2025-01-11 02:00:00,0.55863
2025-01-11 02:15:00,0.62708
2025-01-11 02:30:00,0.50857
2025-01-11 02:45:00,0.68713
2025-01-11 03:00:00,0.67802
2025-01-11 03:15:00,0.51449
2025-01-11 03:30:00,0.70213
2025-01-11 03:45:00,0.42070
2025-01-11 04:00:00,0.26140
2025-01-11 04:15:00,0.50052
2025-01-11 04:30:00,0.44881
2025-01-11 04:45:00,0.44716
2025-01-11 05:00:00,0.56431
2025-01-11 05:15:00,0.66468
2025-01-11 05:30:00,0.81807
2025-01-11 05:45:00,0.69828
2025-01-11 06:00:00,0.53877
2025-01-11 06:15:00,0.61658
2025-01-11 06:30:00,0.55548
2025-01-11 06:45:00,0.51422
2025-01-11 07:00:00,0.66775
2025-01-11 07:15:00,0.74457
2025-01-11 07:30:00,0.45750
2025-01-11 07:45:00,0.65191
2025-01-11 08:00:00,0.63494
2025-01-11 08:15:00,0.66927
2025-01-11 08:30:00,0.53224
2025-01-11 08:45:00,0.47959
2025-01-11 09:00:00,0.52225
2025-01-11 09:15:00,0.64263
2025-01-11 09:30:00,0.61616
2025-01-11 09:45:00,0.58989
2025-01-11 10:00:00,0.71218
2025-01-11 10:15:00,0.58531
2025-01-11 10:30:00,0.43095
2025-01-11 10:45:00,0.61826
2025-01-11 11:00:00,0.52045
2025-01-11 11:15:00,0.62520
2025-01-11 11:30:00,0.75557
2025-01-11 11:45:00,0.60680
2025-01-11 12:00:00,0.58450
2025-01-11 12:15:00,0.49745
2025-01-11 12:30:00,0.59855
2025-01-11 12:45:00,0.56428
2025-01-11 13:00:00,0.44615
2025-01-11 13:15:00,0.56357
2025-01-11 13:30:00,0.72889
2025-01-11 13:45:00,0.56032
2025-01-11 14:00:00,0.65156
2025-01-11 14:15:00,0.59112
2025-01-11 14:30:00,0.45259
2025-01-11 14:45:00,0.72821
2025-01-11 15:00:00,0.73059
2025-01-11 15:15:00,0.69750
2025-01-11 15:30:00,0.59494
2025-01-11 15:45:00,0.44837
2025-01-11 16:00:00,0.67067
2025-01-11 16:15:00,0.58572
2025-01-11 16:30:00,0.80779
2025-01-11 16:45:00,0.62787
2025-01-11 17:00:00,0.59934
2025-01-11 17:15:00,0.60759
2025-01-11 17:30:00,0.59726
2025-01-11 17:45:00,0.65867
2025-01-11 18:00:00,0.62752
2025-01-11 18:15:00,0.63504
2025-01-11 18:30:00,0.56214
2025-01-11 18:45:00,0.74322
2025-01-11 19:00:00,0.66088
2025-01-11 19:15:00,0.58791
2025-01-11 19:30:00,0.60137
2025-01-11 19:45:00,0.49710
2025-01-11 20:00:00,0.51165
2025-01-11 20:15:00,0.57942
2025-01-11 20:30:00,0.60269
2025-01-11 20:45:00,0.75830
2025-01-11 21:00:00,0.62752
2025-01-11 21:15:00,0.61979
2025-01-11 21:30:00,0.48124
2025-01-11 21:45:00,0.65107
2025-01-11 22:00:00,0.55793
2025-01-11 22:15:00,0.74654
2025-01-11 22:30:00,0.43600
2025-01-11 22:45:00,0.64222
2025-01-11 23:00:00,0.54918
2025-01-11 23:15:00,0.51371
2025-01-11 23:30:00,0.40780
2025-01-11 23:45:00,0.54396
2025-01-12 00:00:00,0.64879
2025-01-12 00:15:00,0.43207
2025-01-12 00:30:00,0.50994
2025-01-12 00:45:00,0.44103
2025-01-12 01:00:00,0.51668
2025-01-12 01:15:00,0.54189
2025-01-12 01:30:00,0.39769
2025-01-12 01:45:00,0.28626
2025-01-12 02:00:00,0.41344
2025-01-12 02:15:00,0.55412
2025-01-12 02:30:00,0.40606
2025-01-12 02:45:00,0.47056
2025-01-12 03:00:00,0.55998
2025-01-12 03:15:00,0.46592
2025-01-12 03:30:00,0.37901
2025-01-12 03:45:00,0.43084
2025-01-12 04:00:00,0.56768
2025-01-12 04:15:00,0.53742
2025-01-12 04:30:00,0.65928
2025-01-12 04:45:00,0.45035
2025-01-12 05:00:00,0.74293
2025-01-12 05:15:00,0.64200
2025-01-12 05:30:00,0.50611
2025-01-12 05:45:00,0.67245
2025-01-12 06:00:00,0.54824
2025-01-12 06:15:00,0.48399
2025-01-12 06:30:00,0.48575
2025-01-12 06:45:00,0.28088
2025-01-12 07:00:00,0.54152
2025-01-12 07:15:00,0.54564
2025-01-12 07:30:00,0.52261
2025-01-12 07:45:00,0.45573
2025-01-12 08:00:00,0.69211
2025-01-12 08:15:00,0.62303
2025-01-12 08:30:00,0.56720
2025-01-12 08:45:00,0.67206
2025-01-12 09:00:00,0.57624
2025-01-12 09:15:00,0.54711
2025-01-12 09:30:00,0.68291
2025-01-12 09:45:00,0.71678
2025-01-12 10:00:00,0.72071
2025-01-12 10:15:00,0.72538
2025-01-12 10:30:00,0.66936
2025-01-12 10:45:00,0.55863
2025-01-12 11:00:00,0.60850
2025-01-12 11:15:00,0.81228
2025-01-12 11:30:00,0.68084
2025-01-12 11:45:00,0.76891
2025-01-12 12:00:00,0.63030
2025-01-12 12:15:00,0.68292
2025-01-12 12:30:00,0.60173
2025-01-12 12:45:00,0.66736
2025-01-12 13:00:00,0.61769
2025-01-12 13:15:00,0.47930
2025-01-12 13:30:00,0.57210
2025-01-12 13:45:00,0.73104
2025-01-12 14:00:00,0.62793
2025-01-12 14:15:00,0.60338
2025-01-12 14:30:00,0.60347
2025-01-12 14:45:00,0.60121
2025-01-12 15:00:00,0.72687
2025-01-12 15:15:00,0.70396
2025-01-12 15:30:00,0.65397
2025-01-12 15:45:00,0.54612
2025-01-12 16:00:00,0.76387
2025-01-12 16:15:00,0.68061
2025-01-12 16:30:00,0.63122
2025-01-12 16:45:00,0.51980
2025-01-12 17:00:00,0.66143
2025-01-12 17:15:00,0.67268
2025-01-12 17:30:00,0.65213
2025-01-12 17:45:00,0.48240
2025-01-12 18:00:00,0.42292
2025-01-12 18:15:00,0.52392
2025-01-12 18:30:00,0.81265
2025-01-12 18:45:00,0.67488
2025-01-12 19:00:00,0.71277
2025-01-12 19:15:00,0.83672
2025-01-12 19:30:00,0.82842
2025-01-12 19:45:00,0.69913
2025-01-12 20:00:00,0.45136
2025-01-12 20:15:00,0.56869
2025-01-12 20:30:00,0.64963
2025-01-12 20:45:00,0.64791
2025-01-12 21:00:00,0.55417
2025-01-12 21:15:00,0.43456
2025-01-12 21:30:00,0.57960
2025-01-12 21:45:00,0.68216
2025-01-12 22:00:00,0.60151
2025-01-12 22:15:00,0.55006
2025-01-12 22:30:00,0.58415
2025-01-12 22:45:00,0.41989
2025-01-12 23:00:00,0.43259
2025-01-12 23:15:00,0.49237
2025-01-12 23:30:00,0.37990
2025-01-12 23:45:00,0.54862
2025-01-13 00:00:00,0.53962
2025-01-13 00:15:00,0.59760
2025-01-13 00:30:00,0.40105
2025-01-13 00:45:00,0.50924
2025-01-13 01:00:00,0.42399
2025-01-13 01:15:00,0.51783
2025-01-13 01:30:00,0.41889
2025-01-13 01:45:00,0.51141
2025-01-13 02:00:00,0.75848
2025-01-13 02:15:00,0.52414
2025-01-13 02:30:00,0.55609
2025-01-13 02:45:00,0.57628
2025-01-13 03:00:00,0.65296
2025-01-13 03:15:00,0.64442
2025-01-13 03:30:00,0.65012
2025-01-13 03:45:00,0.43989
2025-01-13 04:00:00,0.45433
2025-01-13 04:15:00,0.37234
2025-01-13 04:30:00,0.37526
2025-01-13 04:45:00,0.62039
2025-01-13 05:00:00,0.55126
2025-01-13 05:15:00,0.43583
2025-01-13 05:30:00,0.48326
2025-01-13 05:45:00,0.63408
2025-01-13 06:00:00,0.50335
2025-01-13 06:15:00,0.51256
2025-01-13 06:30:00,0.46127
2025-01-13 06:45:00,0.44217
2025-01-13 07:00:00,0.57939
2025-01-13 07:15:00,0.71842
2025-01-13 07:30:00,0.57056
2025-01-13 07:45:00,0.75339
2025-01-13 08:00:00,0.57075
2025-01-13 08:15:00,0.78874
2025-01-13 08:30:00,0.69976
2025-01-13 08:45:00,0.84451
2025-01-13 09:00:00,0.59742
2025-01-13 09:15:00,0.70528
2025-01-13 09:30:00,0.75631
2025-01-13 09:45:00,0.58468
2025-01-13 10:00:00,0.51299
2025-01-13 10:15:00,0.58460
2025-01-13 10:30:00,0.55385
2025-01-13 10:45:00,0.72698
2025-01-13 11:00:00,0.63116
2025-01-13 11:15:00,0.63444
2025-01-13 11:30:00,0.66280
2025-01-13 11:45:00,0.84900
2025-01-13 12:00:00,0.84478
2025-01-13 12:15:00,0.81539
2025-01-13 12:30:00,0.73278
2025-01-13 12:45:00,0.73443
2025-01-13 13:00:00,0.50470
2025-01-13 13:15:00,0.59964
2025-01-13 13:30:00,0.54776
2025-01-13 13:45:00,0.64103
2025-01-13 14:00:00,0.65946
2025-01-13 14:15:00,0.61269
2025-01-13 14:30:00,0.66631
2025-01-13 14:45:00,0.69205
2025-01-13 15:00:00,0.57128
2025-01-13 15:15:00,0.71120
2025-01-13 15:30:00,0.72492
2025-01-13 15:45:00,0.67517
2025-01-13 16:00:00,0.71139
2025-01-13 16:15:00,0.80980
2025-01-13 16:30:00,0.83018
2025-01-13 16:45:00,0.81519
2025-01-13 17:00:00,0.73865
2025-01-13 17:15:00,0.90994
2025-01-13 17:30:00,0.91577
2025-01-13 17:45:00,0.54269
2025-01-13 18:00:00,0.69089
2025-01-13 18:15:00,0.43482
2025-01-13 18:30:00,0.66424
2025-01-13 18:45:00,0.74334
2025-01-13 19:00:00,0.67344
2025-01-13 19:15:00,0.63637
2025-01-13 19:30:00,0.66985
2025-01-13 19:45:00,0.70499
2025-01-13 20:00:00,0.66082
2025-01-13 20:15:00,0.47431
2025-01-13 20:30:00,0.49251
2025-01-13 20:45:00,0.66000
2025-01-13 21:00:00,0.62462
2025-01-13 21:15:00,0.59715
2025-01-13 21:30:00,0.71310
2025-01-13 21:45:00,0.59200
2025-01-13 22:00:00,0.47885
2025-01-13 22:15:00,0.42877
2025-01-13 22:30:00,0.67342
2025-01-13 22:45:00,0.53330
2025-01-13 23:00:00,0.68353
2025-01-13 23:15:00,0.60298
2025-01-13 23:30:00,0.54002
2025-01-13 23:45:00,0.58693
2025-01-14 00:00:00,0.52096
2025-01-14 00:15:00,0.41730
2025-01-14 00:30:00,0.56954
2025-01-14 00:45:00,0.61799
2025-01-14 01:00:00,0.49104
2025-01-14 01:15:00,0.43113
2025-01-14 01:30:00,0.70969
2025-01-14 01:45:00,0.61712
2025-01-14 02:00:00,0.64270
2025-01-14 02:15:00,0.48396
2025-01-14 02:30:00,0.41797
2025-01-14 02:45:00,0.66878
2025-01-14 03:00:00,0.45105
2025-01-14 03:15:00,0.34656
2025-01-14 03:30:00,0.52881
2025-01-14 03:45:00,0.51215
2025-01-14 04:00:00,0.42979
2025-01-14 04:15:00,0.39142
2025-01-14 04:30:00,0.51817
2025-01-14 04:45:00,0.55336
2025-01-14 05:00:00,0.53413
2025-01-14 05:15:00,0.47878
2025-01-14 05:30:00,0.66196
2025-01-14 05:45:00,0.42308
2025-01-14 06:00:00,0.62101
2025-01-14 06:15:00,0.85946
2025-01-14 06:30:00,0.63928
2025-01-14 06:45:00,0.65003
2025-01-14 07:00:00,0.49007
2025-01-14 07:15:00,0.48343
2025-01-14 07:30:00,0.78585
2025-01-14 07:45:00,0.72668
2025-01-14 08:00:00,0.76723
2025-01-14 08:15:00,0.76009
2025-01-14 08:30:00,0.48095
2025-01-14 08:45:00,0.40005
2025-01-14 09:00:00,0.48367
2025-01-14 09:15:00,0.65102
2025-01-14 09:30:00,0.46798
2025-01-14 09:45:00,0.64451
2025-01-14 10:00:00,0.64445
2025-01-14 10:15:00,0.79704
2025-01-14 10:30:00,0.66867
2025-01-14 10:45:00,0.58941
2025-01-14 11:00:00,0.58283
2025-01-14 11:15:00,0.58764
2025-01-14 11:30:00,0.56039
2025-01-14 11:45:00,0.51184
2025-01-14 12:00:00,0.64263
2025-01-14 12:15:00,0.90612
2025-01-14 12:30:00,0.80425
2025-01-14 12:45:00,0.87877
2025-01-14 13:00:00,0.64177
2025-01-14 13:15:00,0.76520
2025-01-14 13:30:00,0.73957
2025-01-14 13:45:00,0.79802
2025-01-14 14:00:00,0.76350
2025-01-14 14:15:00,0.63699
2025-01-14 14:30:00,0.57846
2025-01-14 14:45:00,0.68303
2025-01-14 15:00:00,0.62966
2025-01-14 15:15:00,0.74064
2025-01-14 15:30:00,0.62269
2025-01-14 15:45:00,0.64904
2025-01-14 16:00:00,0.70999
2025-01-14 16:15:00,0.70623
2025-01-14 16:30:00,0.70613
2025-01-14 16:45:00,0.69924
2025-01-14 17:00:00,0.48741
2025-01-14 17:15:00,0.35701
2025-01-14 17:30:00,0.66391
2025-01-14 17:45:00,0.79061
2025-01-14 18:00:00,0.77130
2025-01-14 18:15:00,0.77790
2025-01-14 18:30:00,0.64752
2025-01-14 18:45:00,0.37252
2025-01-14 19:00:00,0.49579
2025-01-14 19:15:00,0.70353
2025-01-14 19:30:00,0.60318
2025-01-14 19:45:00,0.56166
2025-01-14 20:00:00,0.65430
2025-01-14 20:15:00,0.56787
2025-01-14 20:30:00,0.54570
2025-01-14 20:45:00,0.49590
2025-01-14 21:00:00,0.52501
2025-01-14 21:15:00,0.59871
2025-01-14 21:30:00,0.73293
2025-01-14 21:45:00,0.77095
2025-01-14 22:00:00,0.58616
2025-01-14 22:15:00,0.54643
2025-01-14 22:30:00,0.61325
2025-01-14 22:45:00,0.52573
2025-01-14 23:00:00,0.31414
2025-01-14 23:15:00,0.64321
2025-01-14 23:30:00,0.47443
2025-01-14 23:45:00,0.52693
2025-01-15 00:00:00,0.51826
2025-01-15 00:15:00,0.53867
2025-01-15 00:30:00,0.48780
2025-01-15 00:45:00,0.52707
2025-01-15 01:00:00,0.34895
2025-01-15 01:15:00,0.47686
2025-01-15 01:30:00,0.43711
2025-01-15 01:45:00,0.46313
2025-01-15 02:00:00,0.57381
2025-01-15 02:15:00,0.53834
2025-01-15 02:30:00,0.61634
2025-01-15 02:45:00,0.52293
2025-01-15 03:00:00,0.73853
2025-01-15 03:15:00,0.54468
2025-01-15 03:30:00,0.47419
2025-01-15 03:45:00,0.47262
2025-01-15 04:00:00,0.55774
2025-01-15 04:15:00,0.47877
2025-01-15 04:30:00,0.59640
2025-01-15 04:45:00,0.53108
2025-01-15 05:00:00,0.56371
2025-01-15 05:15:00,0.49748
2025-01-15 05:30:00,0.68336
2025-01-15 05:45:00,0.48769
2025-01-15 06:00:00,0.42843
2025-01-15 06:15:00,0.62346
2025-01-15 06:30:00,0.58589
2025-01-15 06:45:00,0.64901
2025-01-15 07:00:00,0.74673
2025-01-15 07:15:00,0.72238
2025-01-15 07:30:00,0.56245
2025-01-15 07:45:00,0.59209
2025-01-15 08:00:00,0.42403
2025-01-15 08:15:00,0.49502
2025-01-15 08:30:00,0.50929
2025-01-15 08:45:00,0.49658
2025-01-15 09:00:00,0.49936
2025-01-15 09:15:00,0.57359
2025-01-15 09:30:00,0.63982
2025-01-15 09:45:00,0.35783
2025-01-15 10:00:00,0.66310
2025-01-15 10:15:00,0.62021
2025-01-15 10:30:00,0.62047
2025-01-15 10:45:00,0.68816
2025-01-15 11:00:00,0.90579
2025-01-15 11:15:00,0.97788
2025-01-15 11:30:00,0.71431
2025-01-15 11:45:00,0.78665
2025-01-15 12:00:00,0.74379
2025-01-15 12:15:00,0.69674
2025-01-15 12:30:00,0.59742
2025-01-15 12:45:00,0.61263
2025-01-15 13:00:00,0.70674
2025-01-15 13:15:00,0.71206
2025-01-15 13:30:00,0.93482
2025-01-15 13:45:00,0.68877
2025-01-15 14:00:00,0.68781
2025-01-15 14:15:00,0.69186
2025-01-15 14:30:00,0.80178
2025-01-15 14:45:00,0.74535
2025-01-15 15:00:00,0.75970
2025-01-15 15:15:00,0.62800
2025-01-15 15:30:00,0.70289
2025-01-15 15:45:00,0.65261
2025-01-15 16:00:00,0.71542
2025-01-15 16:15:00,0.88563
2025-01-15 16:30:00,0.82618
2025-01-15 16:45:00,0.65427
2025-01-15 17:00:00,0.60294
2025-01-15 17:15:00,0.62942
2025-01-15 17:30:00,0.69055
2025-01-15 17:45:00,0.72741
2025-01-15 18:00:00,0.57613
2025-01-15 18:15:00,0.74280
2025-01-15 18:30:00,0.67805
2025-01-15 18:45:00,0.56181
2025-01-15 19:00:00,0.42375
2025-01-15 19:15:00,0.44675
2025-01-15 19:30:00,0.36228
2025-01-15 19:45:00,0.63194
2025-01-15 20:00:00,0.62283
2025-01-15 20:15:00,0.64277
2025-01-15 20:30:00,0.48900
2025-01-15 20:45:00,0.27709
2025-01-15 21:00:00,0.45401
2025-01-15 21:15:00,0.49646
2025-01-15 21:30:00,0.50148
2025-01-15 21:45:00,0.53432
2025-01-15 22:00:00,0.52947
2025-01-15 22:15:00,0.31217
2025-01-15 22:30:00,0.47872
2025-01-15 22:45:00,0.60009
2025-01-15 23:00:00,0.53697
2025-01-15 23:15:00,0.30668
2025-01-15 23:30:00,0.44129
2025-01-15 23:45:00,0.40779
2025-01-16 00:00:00,0.52280
2025-01-16 00:15:00,0.74902
2025-01-16 00:30:00,0.44398
2025-01-16 00:45:00,0.29489
2025-01-16 01:00:00,0.51864
2025-01-16 01:15:00,0.32178
2025-01-16 01:30:00,0.53944
2025-01-16 01:45:00,0.52367
2025-01-16 02:00:00,0.45244
2025-01-16 02:15:00,0.32269
2025-01-16 02:30:00,0.40703
2025-01-16 02:45:00,0.44094
2025-01-16 03:00:00,0.52820
2025-01-16 03:15:00,0.67499
2025-01-16 03:30:00,0.48953
2025-01-16 03:45:00,0.59693
2025-01-16 04:00:00,0.64465
2025-01-16 04:15:00,0.51430
2025-01-16 04:30:00,0.46295
2025-01-16 04:45:00,0.57975
2025-01-16 05:00:00,0.33123
2025-01-16 05:15:00,0.50169
2025-01-16 05:30:00,0.38795
2025-01-16 05:45:00,0.44411
2025-01-16 06:00:00,0.52020
2025-01-16 06:15:00,0.48224
2025-01-16 06:30:00,0.48747
2025-01-16 06:45:00,0.51266
2025-01-16 07:00:00,0.68441
2025-01-16 07:15:00,0.39219
2025-01-16 07:30:00,0.68612
2025-01-16 07:45:00,0.71435
2025-01-16 08:00:00,0.45021
2025-01-16 08:15:00,0.60373
2025-01-16 08:30:00,0.56022
2025-01-16 08:45:00,0.49469
2025-01-16 09:00:00,0.58326
2025-01-16 09:15:00,0.66272
2025-01-16 09:30:00,0.68262
2025-01-16 09:45:00,0.48630
2025-01-16 10:00:00,0.50541
2025-01-16 10:15:00,0.52386
2025-01-16 10:30:00,0.64636
2025-01-16 10:45:00,0.72788
2025-01-16 11:00:00,0.65430
2025-01-16 11:15:00,0.74432
2025-01-16 11:30:00,0.70447
2025-01-16 11:45:00,0.72414
2025-01-16 12:00:00,0.60913
2025-01-16 12:15:00,0.81482
2025-01-16 12:30:00,0.82556
2025-01-16 12:45:00,0.77784
2025-01-16 13:00:00,0.55197
2025-01-16 13:15:00,0.68580
2025-01-16 13:30:00,0.75935
2025-01-16 13:45:00,0.76602
2025-01-16 14:00:00,0.60558
2025-01-16 14:15:00,0.58565
2025-01-16 14:30:00,0.86051
2025-01-16 14:45:00,0.62297
2025-01-16 15:00:00,0.55126
2025-01-16 15:15:00,0.66300
2025-01-16 15:30:00,0.81525
2025-01-16 15:45:00,0.71048
2025-01-16 16:00:00,0.71623
2025-01-16 16:15:00,0.74838
2025-01-16 16:30:00,0.49325
2025-01-16 16:45:00,0.52312
2025-01-16 17:00:00,0.54935
2025-01-16 17:15:00,0.57883
2025-01-16 17:30:00,0.53440
2025-01-16 17:45:00,0.58204
2025-01-16 18:00:00,0.81188
2025-01-16 18:15:00,0.71720
2025-01-16 18:30:00,0.78859
2025-01-16 18:45:00,0.68835
2025-01-16 19:00:00,0.66023
2025-01-16 19:15:00,0.62742
2025-01-16 19:30:00,0.72401
2025-01-16 19:45:00,0.59844
2025-01-16 20:00:00,0.58195
2025-01-16 20:15:00,0.42200
2025-01-16 20:30:00,0.59700
2025-01-16 20:45:00,0.49361
2025-01-16 21:00:00,0.61067
2025-01-16 21:15:00,0.64084
2025-01-16 21:30:00,0.60781
2025-01-16 21:45:00,0.57188
2025-01-16 22:00:00,0.48815
2025-01-16 22:15:00,0.47807
2025-01-16 22:30:00,0.47087
2025-01-16 22:45:00,0.58608
2025-01-16 23:00:00,0.59427
2025-01-16 23:15:00,0.53354
2025-01-16 23:30:00,0.62220
2025-01-16 23:45:00,0.66723
2025-01-17 00:00:00,0.27488
2025-01-17 00:15:00,0.35149
2025-01-17 00:30:00,0.59835
2025-01-17 00:45:00,0.61259
2025-01-17 01:00:00,0.51486
2025-01-17 01:15:00,0.58826
2025-01-17 01:30:00,0.63908
2025-01-17 01:45:00,0.64967
2025-01-17 02:00:00,0.47530
2025-01-17 02:15:00,0.44852
2025-01-17 02:30:00,0.55670
2025-01-17 02:45:00,0.55264
2025-01-17 03:00:00,0.56999
2025-01-17 03:15:00,0.32526
2025-01-17 03:30:00,0.54959
2025-01-17 03:45:00,0.53259
2025-01-17 04:00:00,0.45923
2025-01-17 04:15:00,0.46531
2025-01-17 04:30:00,0.43702
2025-01-17 04:45:00,0.63793
2025-01-17 05:00:00,0.50001
2025-01-17 05:15:00,0.57495
2025-01-17 05:30:00,0.49614
2025-01-17 05:45:00,0.44611
2025-01-17 06:00:00,0.49695
2025-01-17 06:15:00,0.62689
2025-01-17 06:30:00,0.49714
2025-01-17 06:45:00,0.35226
2025-01-17 07:00:00,0.53925
2025-01-17 07:15:00,0.45287
2025-01-17 07:30:00,0.55319
2025-01-17 07:45:00,0.71807
2025-01-17 08:00:00,0.70236
2025-01-17 08:15:00,0.69356
2025-01-17 08:30:00,0.39728
2025-01-17 08:45:00,0.51560
2025-01-17 09:00:00,0.63881
2025-01-17 09:15:00,0.63281
2025-01-17 09:30:00,0.64488
2025-01-17 09:45:00,0.55690
2025-01-17 10:00:00,0.73640
2025-01-17 10:15:00,0.58402
2025-01-17 10:30:00,0.58994
2025-01-17 10:45:00,0.51575
2025-01-17 11:00:00,0.64893
2025-01-17 11:15:00,0.70879
2025-01-17 11:30:00,0.65156
2025-01-17 11:45:00,0.60661
2025-01-17 12:00:00,0.63163
2025-01-17 12:15:00,0.91432
2025-01-17 12:30:00,0.52385
2025-01-17 12:45:00,0.59016
2025-01-17 13:00:00,0.72109
2025-01-17 13:15:00,0.71213
2025-01-17 13:30:00,0.65531
2025-01-17 13:45:00,0.68351
2025-01-17 14:00:00,0.63115
2025-01-17 14:15:00,0.56239
2025-01-17 14:30:00,0.58663
2025-01-17 14:45:00,0.77631
2025-01-17 15:00:00,0.79502
2025-01-17 15:15:00,0.66865
2025-01-17 15:30:00,0.67247
2025-01-17 15:45:00,0.68369
2025-01-17 16:00:00,0.74947
2025-01-17 16:15:00,0.59388
2025-01-17 16:30:00,0.75524
2025-01-17 16:45:00,0.62658
2025-01-17 17:00:00,0.70337
2025-01-17 17:15:00,0.70726
2025-01-17 17:30:00,0.55167
2025-01-17 17:45:00,0.66546
2025-01-17 18:00:00,0.76496
2025-01-17 18:15:00,0.89888
2025-01-17 18:30:00,0.78155
2025-01-17 18:45:00,0.64532
2025-01-17 19:00:00,0.61084
2025-01-17 19:15:00,0.73908
2025-01-17 19:30:00,0.84412
2025-01-17 19:45:00,0.73394
2025-01-17 20:00:00,0.65634
2025-01-17 20:15:00,0.68303
2025-01-17 20:30:00,0.67973
2025-01-17 20:45:00,0.61015
2025-01-17 21:00:00,0.52033
2025-01-17 21:15:00,0.48788
2025-01-17 21:30:00,0.43159
2025-01-17 21:45:00,0.60037
2025-01-17 22:00:00,0.59279
2025-01-17 22:15:00,0.64453
2025-01-17 22:30:00,0.42055
2025-01-17 22:45:00,0.48229
2025-01-17 23:00:00,0.52044
2025-01-17 23:15:00,0.56252
2025-01-17 23:30:00,0.47038
2025-01-17 23:45:00,0.62785
2025-01-18 00:00:00,0.48602
2025-01-18 00:15:00,0.31466
2025-01-18 00:30:00,0.33402
2025-01-18 00:45:00,0.41604
2025-01-18 01:00:00,0.54041
2025-01-18 01:15:00,0.30171
2025-01-18 01:30:00,0.43202
2025-01-18 01:45:00,0.58850
2025-01-18 02:00:00,0.64185
2025-01-18 02:15:00,0.54369
2025-01-18 02:30:00,0.64812
2025-01-18 02:45:00,0.55504
2025-01-18 03:00:00,0.57044
2025-01-18 03:15:00,0.51732
2025-01-18 03:30:00,0.52149
2025-01-18 03:45:00,0.73543
2025-01-18 04:00:00,0.66816
2025-01-18 04:15:00,0.67041
2025-01-18 04:30:00,0.56152
2025-01-18 04:45:00,0.45004
2025-01-18 05:00:00,0.47547
2025-01-18 05:15:00,0.55368
2025-01-18 05:30:00,0.48238
2025-01-18 05:45:00,0.62455
2025-01-18 06:00:00,0.38855
2025-01-18 06:15:00,0.69989
2025-01-18 06:30:00,0.60299
2025-01-18 06:45:00,0.79147
2025-01-18 07:00:00,0.85186
2025-01-18 07:15:00,0.86085
2025-01-18 07:30:00,0.68414
2025-01-18 07:45:00,0.68780
2025-01-18 08:00:00,0.52362
2025-01-18 08:15:00,0.59871
2025-01-18 08:30:00,0.60480
2025-01-18 08:45:00,0.42081
2025-01-18 09:00:00,0.46562
2025-01-18 09:15:00,0.70405
2025-01-18 09:30:00,0.53569
2025-01-18 09:45:00,0.69777
2025-01-18 10:00:00,0.66237
2025-01-18 10:15:00,0.63415
2025-01-18 10:30:00,0.49629
2025-01-18 10:45:00,0.64118
2025-01-18 11:00:00,0.71834
2025-01-18 11:15:00,0.93584
2025-01-18 11:30:00,0.73660
2025-01-18 11:45:00,0.63158
2025-01-18 12:00:00,0.71842
2025-01-18 12:15:00,0.70051
2025-01-18 12:30:00,0.62816
2025-01-18 12:45:00,0.74411
2025-01-18 13:00:00,0.72238
2025-01-18 13:15:00,0.71973
2025-01-18 13:30:00,0.81783
2025-01-18 13:45:00,0.64810
2025-01-18 14:00:00,0.76557
2025-01-18 14:15:00,0.64000
2025-01-18 14:30:00,0.70860
2025-01-18 14:45:00,0.68241
2025-01-18 15:00:00,0.66314
2025-01-18 15:15:00,0.29460
2025-01-18 15:30:00,0.51672
2025-01-18 15:45:00,0.50804
2025-01-18 16:00:00,0.59658
2025-01-18 16:15:00,0.61586
2025-01-18 16:30:00,0.69485
2025-01-18 16:45:00,0.48767
2025-01-18 17:00:00,0.57148
2025-01-18 17:15:00,0.70400
2025-01-18 17:30:00,0.56899
2025-01-18 17:45:00,0.63314
2025-01-18 18:00:00,0.81323
2025-01-18 18:15:00,0.71227
2025-01-18 18:30:00,0.71150
2025-01-18 18:45:00,0.61434
2025-01-18 19:00:00,0.46967
2025-01-18 19:15:00,0.48489
2025-01-18 19:30:00,0.62048
2025-01-18 19:45:00,0.81960
2025-01-18 20:00:00,0.54614
2025-01-18 20:15:00,0.47966
2025-01-18 20:30:00,0.52203
2025-01-18 20:45:00,0.42438
2025-01-18 21:00:00,0.51361
2025-01-18 21:15:00,0.58925
2025-01-18 21:30:00,0.58759
2025-01-18 21:45:00,0.52561
2025-01-18 22:00:00,0.35679
2025-01-18 22:15:00,0.55961
2025-01-18 22:30:00,0.47609
2025-01-18 22:45:00,0.52181
2025-01-18 23:00:00,0.47764
2025-01-18 23:15:00,0.41630
2025-01-18 23:30:00,0.42604
2025-01-18 23:45:00,0.43164
2025-01-19 00:00:00,0.31228
2025-01-19 00:15:00,0.30599
2025-01-19 00:30:00,0.46693
2025-01-19 00:45:00,0.57406
2025-01-19 01:00:00,0.52067
2025-01-19 01:15:00,0.40019
2025-01-19 01:30:00,0.44826
2025-01-19 01:45:00,0.58357
2025-01-19 02:00:00,0.47211
2025-01-19 02:15:00,0.60653
2025-01-19 02:30:00,0.50678
2025-01-19 02:45:00,0.50976
2025-01-19 03:00:00,0.41969
2025-01-19 03:15:00,0.52175
2025-01-19 03:30:00,0.65216
2025-01-19 03:45:00,0.51775
2025-01-19 04:00:00,0.55306
2025-01-19 04:15:00,0.45341
2025-01-19 04:30:00,0.53571
2025-01-19 04:45:00,0.57855
2025-01-19 05:00:00,0.63991
2025-01-19 05:15:00,0.54162
2025-01-19 05:30:00,0.36464
2025-01-19 05:45:00,0.49996
2025-01-19 06:00:00,0.52519
2025-01-19 06:15:00,0.46420
2025-01-19 06:30:00,0.61387
2025-01-19 06:45:00,0.55419
2025-01-19 07:00:00,0.58966
2025-01-19 07:15:00,0.58905
2025-01-19 07:30:00,0.63890
2025-01-19 07:45:00,0.67737
2025-01-19 08:00:00,0.56350
2025-01-19 08:15:00,0.62656
2025-01-19 08:30:00,0.70938
2025-01-19 08:45:00,0.72949
2025-01-19 09:00:00,0.73673
2025-01-19 09:15:00,0.46574
2025-01-19 09:30:00,0.50973
2025-01-19 09:45:00,0.57917
2025-01-19 10:00:00,0.59394
2025-01-19 10:15:00,0.55981
2025-01-19 10:30:00,0.62036
2025-01-19 10:45:00,0.89360
2025-01-19 11:00:00,0.69368
2025-01-19 11:15:00,0.64038
2025-01-19 11:30:00,0.74146
2025-01-19 11:45:00,0.53498
2025-01-19 12:00:00,0.52967
2025-01-19 12:15:00,0.50548
2025-01-19 12:30:00,0.61840
2025-01-19 12:45:00,0.55939
2025-01-19 13:00:00,0.59749
2025-01-19 13:15:00,0.51799
2025-01-19 13:30:00,0.63782
2025-01-19 13:45:00,0.81084
2025-01-19 14:00:00,0.70722
2025-01-19 14:15:00,0.63611
2025-01-19 14:30:00,0.65500
2025-01-19 14:45:00,0.64714
2025-01-19 15:00:00,0.75296
2025-01-19 15:15:00,0.85667
2025-01-19 15:30:00,0.62720
2025-01-19 15:45:00,0.68232
2025-01-19 16:00:00,0.88115
2025-01-19 16:15:00,0.80392
2025-01-19 16:30:00,0.58373
2025-01-19 16:45:00,0.75994
2025-01-19 17:00:00,0.61821
2025-01-19 17:15:00,0.56739
2025-01-19 17:30:00,0.58184
2025-01-19 17:45:00,0.52865
2025-01-19 18:00:00,0.60721
2025-01-19 18:15:00,0.64637
2025-01-19 18:30:00,0.69124
2025-01-19 18:45:00,0.67716
2025-01-19 19:00:00,0.66077
2025-01-19 19:15:00,0.65524
2025-01-19 19:30:00,0.70576
2025-01-19 19:45:00,0.66944
2025-01-19 20:00:00,0.49127
2025-01-19 20:15:00,0.42661
2025-01-19 20:30:00,0.45471
2025-01-19 20:45:00,0.51327
2025-01-19 21:00:00,0.56905
2025-01-19 21:15:00,0.32837
2025-01-19 21:30:00,0.46973
2025-01-19 21:45:00,0.57191
2025-01-19 22:00:00,0.63904
2025-01-19 22:15:00,0.54787
2025-01-19 22:30:00,0.50470
2025-01-19 22:45:00,0.57110
2025-01-19 23:00:00,0.65382
2025-01-19 23:15:00,0.65675
2025-01-19 23:30:00,0.57266
2025-01-19 23:45:00,0.57611
2025-01-20 00:00:00,0.58536
2025-01-20 00:15:00,0.48253
2025-01-20 00:30:00,0.37872
2025-01-20 00:45:00,0.36043
2025-01-20 01:00:00,0.49957
2025-01-20 01:15:00,0.57857
2025-01-20 01:30:00,0.40218
2025-01-20 01:45:00,0.58046
2025-01-20 02:00:00,0.56922
2025-01-20 02:15:00,0.52014
2025-01-20 02:30:00,0.46561
2025-01-20 02:45:00,0.49338
2025-01-20 03:00:00,0.41723
2025-01-20 03:15:00,0.62836
2025-01-20 03:30:00,0.40696
2025-01-20 03:45:00,0.47884
2025-01-20 04:00:00,0.42225
2025-01-20 04:15:00,0.56232
2025-01-20 04:30:00,0.34794
2025-01-20 04:45:00,0.38662
2025-01-20 05:00:00,0.42339
2025-01-20 05:15:00,0.63393
2025-01-20 05:30:00,0.65206
2025-01-20 05:45:00,0.64743
2025-01-20 06:00:00,0.49958
2025-01-20 06:15:00,0.67941
2025-01-20 06:30:00,0.54214
2025-01-20 06:45:00,0.58458
2025-01-20 07:00:00,0.63348
2025-01-20 07:15:00,0.57917
2025-01-20 07:30:00,0.54477
2025-01-20 07:45:00,0.58012
2025-01-20 08:00:00,0.35100
2025-01-20 08:15:00,0.62277
2025-01-20 08:30:00,0.57056
2025-01-20 08:45:00,0.53867
2025-01-20 09:00:00,0.77782
2025-01-20 09:15:00,0.72326
2025-01-20 09:30:00,0.72666
2025-01-20 09:45:00,0.75455
2025-01-20 10:00:00,0.82131
2025-01-20 10:15:00,0.58646
2025-01-20 10:30:00,0.86815
2025-01-20 10:45:00,0.77650
2025-01-20 11:00:00,0.57455
2025-01-20 11:15:00,0.64682
2025-01-20 11:30:00,0.80872
2025-01-20 11:45:00,0.64048
2025-01-20 12:00:00,0.66844
2025-01-20 12:15:00,0.60604
2025-01-20 12:30:00,0.40000
2025-01-20 12:45:00,0.50788
2025-01-20 13:00:00,0.52511
2025-01-20 13:15:00,0.54110
2025-01-20 13:30:00,0.74386
2025-01-20 13:45:00,0.68206
2025-01-20 14:00:00,0.77088
2025-01-20 14:15:00,0.78063
2025-01-20 14:30:00,0.64589
2025-01-20 14:45:00,0.60721
2025-01-20 15:00:00,0.56264
2025-01-20 15:15:00,0.75005
2025-01-20 15:30:00,0.53932
2025-01-20 15:45:00,0.48740
2025-01-20 16:00:00,0.63586
2025-01-20 16:15:00,0.60886
2025-01-20 16:30:00,0.80292
2025-01-20 16:45:00,0.60842
2025-01-20 17:00:00,0.62893
2025-01-20 17:15:00,0.64559
2025-01-20 17:30:00,0.52428
2025-01-20 17:45:00,0.58573
2025-01-20 18:00:00,0.63369
2025-01-20 18:15:00,0.61098
2025-01-20 18:30:00,0.56777
2025-01-20 18:45:00,0.78708
2025-01-20 19:00:00,0.65655
2025-01-20 19:15:00,0.55245
2025-01-20 19:30:00,0.60694
2025-01-20 19:45:00,0.68439
2025-01-20 20:00:00,0.52678
2025-01-20 20:15:00,0.45190
2025-01-20 20:30:00,0.61299
2025-01-20 20:45:00,0.57669
2025-01-20 21:00:00,0.72546
2025-01-20 21:15:00,0.79074
2025-01-20 21:30:00,0.60154
2025-01-20 21:45:00,0.52704
2025-01-20 22:00:00,0.53786
2025-01-20 22:15:00,0.55848
2025-01-20 22:30:00,0.62371
2025-01-20 22:45:00,0.57085
2025-01-20 23:00:00,0.61824
2025-01-20 23:15:00,0.59599
2025-01-20 23:30:00,0.36897
2025-01-20 23:45:00,0.35368
2025-01-21 00:00:00,0.61989
2025-01-21 00:15:00,0.59545
2025-01-21 00:30:00,0.45230
2025-01-21 00:45:00,0.71603
2025-01-21 01:00:00,0.72429
2025-01-21 01:15:00,0.44977
2025-01-21 01:30:00,0.48273
2025-01-21 01:45:00,0.53795
2025-01-21 02:00:00,0.49334
2025-01-21 02:15:00,0.41882
2025-01-21 02:30:00,0.55700
2025-01-21 02:45:00,0.51123
2025-01-21 03:00:00,0.49647
2025-01-21 03:15:00,0.68827
2025-01-21 03:30:00,0.58009
2025-01-21 03:45:00,0.44071
2025-01-21 04:00:00,0.49127
2025-01-21 04:15:00,0.58318
2025-01-21 04:30:00,0.68492
2025-01-21 04:45:00,0.63342
2025-01-21 05:00:00,0.41785
2025-01-21 05:15:00,0.39741
2025-01-21 05:30:00,0.44373
2025-01-21 05:45:00,0.44204
2025-01-21 06:00:00,0.57623
2025-01-21 06:15:00,0.48312
2025-01-21 06:30:00,0.64271
2025-01-21 06:45:00,0.72288
2025-01-21 07:00:00,0.62927
2025-01-21 07:15:00,0.45316
2025-01-21 07:30:00,0.61766
2025-01-21 07:45:00,0.64704
2025-01-21 08:00:00,0.58795
2025-01-21 08:15:00,0.55929
2025-01-21 08:30:00,0.56412
2025-01-21 08:45:00,0.52840
2025-01-21 09:00:00,0.54634
2025-01-21 09:15:00,0.67378
2025-01-21 09:30:00,0.59410
2025-01-21 09:45:00,0.75331
2025-01-21 10:00:00,0.55754
2025-01-21 10:15:00,0.75452
2025-01-21 10:30:00,0.75709
2025-01-21 10:45:00,0.71241
2025-01-21 11:00:00,0.62416
2025-01-21 11:15:00,0.53193
2025-01-21 11:30:00,0.73412
2025-01-21 11:45:00,0.66570
2025-01-21 12:00:00,0.55942
2025-01-21 12:15:00,0.66990
2025-01-21 12:30:00,0.55232
2025-01-21 12:45:00,0.66671
2025-01-21 13:00:00,0.69494
2025-01-21 13:15:00,0.87596
2025-01-21 13:30:00,0.47977
2025-01-21 13:45:00,0.66943
2025-01-21 14:00:00,0.63967
2025-01-21 14:15:00,0.67664
2025-01-21 14:30:00,0.69460
2025-01-21 14:45:00,0.69550
2025-01-21 15:00:00,0.67278
2025-01-21 15:15:00,0.69521
2025-01-21 15:30:00,0.61620
2025-01-21 15:45:00,0.53453
2025-01-21 16:00:00,0.49454
2025-01-21 16:15:00,0.64577
2025-01-21 16:30:00,0.72857
2025-01-21 16:45:00,0.71385
2025-01-21 17:00:00,0.57602
2025-01-21 17:15:00,0.76016
2025-01-21 17:30:00,0.61574
2025-01-21 17:45:00,0.54729
2025-01-21 18:00:00,0.55016
2025-01-21 18:15:00,0.64166
2025-01-21 18:30:00,0.42730
2025-01-21 18:45:00,0.43262
2025-01-21 19:00:00,0.72502
2025-01-21 19:15:00,0.56650
2025-01-21 19:30:00,0.47408
2025-01-21 19:45:00,0.44707
2025-01-21 20:00:00,0.37307
2025-01-21 20:15:00,0.52068
2025-01-21 20:30:00,0.52691
2025-01-21 20:45:00,0.60847
2025-01-21 21:00:00,0.28407
2025-01-21 21:15:00,0.54025
2025-01-21 21:30:00,0.49147
2025-01-21 21:45:00,0.70058
2025-01-21 22:00:00,0.41889
2025-01-21 22:15:00,0.52971
2025-01-21 22:30:00,0.44880
2025-01-21 22:45:00,0.40575
2025-01-21 23:00:00,0.47098
2025-01-21 23:15:00,0.50437
2025-01-21 23:30:00,0.32905
2025-01-21 23:45:00,0.39564
2025-01-22 00:00:00,0.73253
2025-01-22 00:15:00,0.54467
2025-01-22 00:30:00,0.66251
2025-01-22 00:45:00,0.42541
2025-01-22 01:00:00,0.48381
2025-01-22 01:15:00,0.71613
2025-01-22 01:30:00,0.64008
2025-01-22 01:45:00,0.46480
2025-01-22 02:00:00,0.35088
2025-01-22 02:15:00,0.49599
2025-01-22 02:30:00,0.47321
2025-01-22 02:45:00,0.47326
2025-01-22 03:00:00,0.34127
2025-01-22 03:15:00,0.57821
2025-01-22 03:30:00,0.40058
2025-01-22 03:45:00,0.46703
2025-01-22 04:00:00,0.50433
2025-01-22 04:15:00,0.62992
2025-01-22 04:30:00,0.49107
2025-01-22 04:45:00,0.34733
2025-01-22 05:00:00,0.48670
2025-01-22 05:15:00,0.48954
2025-01-22 05:30:00,0.38612
2025-01-22 05:45:00,0.42859
2025-01-22 06:00:00,0.52591
2025-01-22 06:15:00,0.61523
2025-01-22 06:30:00,0.67860
2025-01-22 06:45:00,0.72462
2025-01-22 07:00:00,0.70639
2025-01-22 07:15:00,0.55080
2025-01-22 07:30:00,0.57690
2025-01-22 07:45:00,0.56019
2025-01-22 08:00:00,0.49612
2025-01-22 08:15:00,0.37881
2025-01-22 08:30:00,0.49652
2025-01-22 08:45:00,0.64122
2025-01-22 09:00:00,0.54552
2025-01-22 09:15:00,0.66602
2025-01-22 09:30:00,0.59764
2025-01-22 09:45:00,0.64423
2025-01-22 10:00:00,0.63224
2025-01-22 10:15:00,0.75212
2025-01-22 10:30:00,0.64520
2025-01-22 10:45:00,0.93105
2025-01-22 11:00:00,0.79153
2025-01-22 11:15:00,0.58698
2025-01-22 11:30:00,0.61265
2025-01-22 11:45:00,0.51697
2025-01-22 12:00:00,0.59685
2025-01-22 12:15:00,0.58486
2025-01-22 12:30:00,0.79924
2025-01-22 12:45:00,0.83799
2025-01-22 13:00:00,0.78773
2025-01-22 13:15:00,0.67763
2025-01-22 13:30:00,0.70285
2025-01-22 13:45:00,0.66936
2025-01-22 14:00:00,0.89974
2025-01-22 14:15:00,0.81066
2025-01-22 14:30:00,0.76099
2025-01-22 14:45:00,0.62833
2025-01-22 15:00:00,0.58087
2025-01-22 15:15:00,0.54079
2025-01-22 15:30:00,0.63122
2025-01-22 15:45:00,0.78329
2025-01-22 16:00:00,0.55576
2025-01-22 16:15:00,0.52640
2025-01-22 16:30:00,0.53844
2025-01-22 16:45:00,0.75961
2025-01-22 17:00:00,0.79845
2025-01-22 17:15:00,0.75149
2025-01-22 17:30:00,0.65750
2025-01-22 17:45:00,0.54924
2025-01-22 18:00:00,0.74692
2025-01-22 18:15:00,0.58413
2025-01-22 18:30:00,0.63194
2025-01-22 18:45:00,0.67372
2025-01-22 19:00:00,0.61125
2025-01-22 19:15:00,0.76714
2025-01-22 19:30:00,0.71697
2025-01-22 19:45:00,0.45221
2025-01-22 20:00:00,0.61663
2025-01-22 20:15:00,0.45075
2025-01-22 20:30:00,0.39709
2025-01-22 20:45:00,0.52926
2025-01-22 21:00:00,0.68757
2025-01-22 21:15:00,0.65181
2025-01-22 21:30:00,0.58308
2025-01-22 21:45:00,0.56075
2025-01-22 22:00:00,0.55132
2025-01-22 22:15:00,0.53323
2025-01-22 22:30:00,0.34369
2025-01-22 22:45:00,0.57930
2025-01-22 23:00:00,0.32154
2025-01-22 23:15:00,0.42537
2025-01-22 23:30:00,0.63473
2025-01-22 23:45:00,0.63133
2025-01-23 00:00:00,0.49154
2025-01-23 00:15:00,0.67096
2025-01-23 00:30:00,0.71507
2025-01-23 00:45:00,0.50656
2025-01-23 01:00:00,0.50681
2025-01-23 01:15:00,0.51063
2025-01-23 01:30:00,0.49218
2025-01-23 01:45:00,0.50256
2025-01-23 02:00:00,0.52678
2025-01-23 02:15:00,0.66723
2025-01-23 02:30:00,0.58233
2025-01-23 02:45:00,0.71921
2025-01-23 03:00:00,0.54387
2025-01-23 03:15:00,0.50946
2025-01-23 03:30:00,0.72231
2025-01-23 03:45:00,0.40687
2025-01-23 04:00:00,0.42386
2025-01-23 04:15:00,0.43900
2025-01-23 04:30:00,0.54049
2025-01-23 04:45:00,0.59075
2025-01-23 05:00:00,0.43825
2025-01-23 05:15:00,0.53883
2025-01-23 05:30:00,0.40381
2025-01-23 05:45:00,0.33067
2025-01-23 06:00:00,0.51768
2025-01-23 06:15:00,0.71064
2025-01-23 06:30:00,0.68350
2025-01-23 06:45:00,0.55050
2025-01-23 07:00:00,0.51047
2025-01-23 07:15:00,0.57012
2025-01-23 07:30:00,0.39462
2025-01-23 07:45:00,0.49321
2025-01-23 08:00:00,0.48499
2025-01-23 08:15:00,0.58291
2025-01-23 08:30:00,0.64614
2025-01-23 08:45:00,0.47906
2025-01-23 09:00:00,0.60959
2025-01-23 09:15:00,0.52887
2025-01-23 09:30:00,0.44721
2025-01-23 09:45:00,0.59925
2025-01-23 10:00:00,0.64873
2025-01-23 10:15:00,0.63125
2025-01-23 10:30:00,0.69361
2025-01-23 10:45:00,0.74294
2025-01-23 11:00:00,0.75520
2025-01-23 11:15:00,0.73121
2025-01-23 11:30:00,0.59375
2025-01-23 11:45:00,0.48747
2025-01-23 12:00:00,0.41769
2025-01-23 12:15:00,0.65195
2025-01-23 12:30:00,0.64607
2025-01-23 12:45:00,0.76215
2025-01-23 13:00:00,0.72721
2025-01-23 13:15:00,0.63415
2025-01-23 13:30:00,0.61264
2025-01-23 13:45:00,0.69661
2025-01-23 14:00:00,0.66567
2025-01-23 14:15:00,0.67984
2025-01-23 14:30:00,0.80386
2025-01-23 14:45:00,0.60807
2025-01-23 15:00:00,0.67227
2025-01-23 15:15:00,0.70564
2025-01-23 15:30:00,0.68017
2025-01-23 15:45:00,0.71456
2025-01-23 16:00:00,0.45724
2025-01-23 16:15:00,0.64897
2025-01-23 16:30:00,0.65569
2025-01-23 16:45:00,0.68104
2025-01-23 17:00:00,0.82128
2025-01-23 17:15:00,0.69043
2025-01-23 17:30:00,0.66175
2025-01-23 17:45:00,0.61023
2025-01-23 18:00:00,0.45856
2025-01-23 18:15:00,0.43673
2025-01-23 18:30:00,0.46382
2025-01-23 18:45:00,0.55549
2025-01-23 19:00:00,0.58445
2025-01-23 19:15:00,0.62485
2025-01-23 19:30:00,0.66913
2025-01-23 19:45:00,0.70289
2025-01-23 20:00:00,0.60304
2025-01-23 20:15:00,0.67725
2025-01-23 20:30:00,0.56484
2025-01-23 20:45:00,0.55104
2025-01-23 21:00:00,0.44977
2025-01-23 21:15:00,0.68063
2025-01-23 21:30:00,0.65804
2025-01-23 21:45:00,0.70349
2025-01-23 22:00:00,0.55652
2025-01-23 22:15:00,0.59466
2025-01-23 22:30:00,0.49264
2025-01-23 22:45:00,0.44163
2025-01-23 23:00:00,0.53330
2025-01-23 23:15:00,0.48078
2025-01-23 23:30:00,0.60393
2025-01-23 23:45:00,0.47629
2025-01-24 00:00:00,0.31779
2025-01-24 00:15:00,0.49259
2025-01-24 00:30:00,0.55498
2025-01-24 00:45:00,0.44175
2025-01-24 01:00:00,0.64713
2025-01-24 01:15:00,0.62857
2025-01-24 01:30:00,0.71773
2025-01-24 01:45:00,0.61812
2025-01-24 02:00:00,0.42545
2025-01-24 02:15:00,0.52687
2025-01-24 02:30:00,0.51011
2025-01-24 02:45:00,0.52701
2025-01-24 03:00:00,0.56452
2025-01-24 03:15:00,0.53708
2025-01-24 03:30:00,0.50169
2025-01-24 03:45:00,0.43333
2025-01-24 04:00:00,0.61961
2025-01-24 04:15:00,0.68867
2025-01-24 04:30:00,0.60088
2025-01-24 04:45:00,0.56372
2025-01-24 05:00:00,0.54091
2025-01-24 05:15:00,0.53711
2025-01-24 05:30:00,0.33411
2025-01-24 05:45:00,0.43610
2025-01-24 06:00:00,0.64053
2025-01-24 06:15:00,0.62153
2025-01-24 06:30:00,0.70202
2025-01-24 06:45:00,0.58154
2025-01-24 07:00:00,0.40043
2025-01-24 07:15:00,0.57744
2025-01-24 07:30:00,0.71100
2025-01-24 07:45:00,0.69395
2025-01-24 08:00:00,0.40802
2025-01-24 08:15:00,0.50710
2025-01-24 08:30:00,0.64428
2025-01-24 08:45:00,0.49325
2025-01-24 09:00:00,0.53761
2025-01-24 09:15:00,0.51247
2025-01-24 09:30:00,0.73103
2025-01-24 09:45:00,0.54443
2025-01-24 10:00:00,0.64745
2025-01-24 10:15:00,0.42977
2025-01-24 10:30:00,0.53664
2025-01-24 10:45:00,0.74859
2025-01-24 11:00:00,0.54048
2025-01-24 11:15:00,0.73172
2025-01-24 11:30:00,0.77853
2025-01-24 11:45:00,0.75341
2025-01-24 12:00:00,0.82354
2025-01-24 12:15:00,0.73345
2025-01-24 12:30:00,0.73702
2025-01-24 12:45:00,0.58349
2025-01-24 13:00:00,0.57832
2025-01-24 13:15:00,0.68940
2025-01-24 13:30:00,0.52519
2025-01-24 13:45:00,0.66686
2025-01-24 14:00:00,0.81051
2025-01-24 14:15:00,0.65647
2025-01-24 14:30:00,0.59166
2025-01-24 14:45:00,0.68839
2025-01-24 15:00:00,0.74820
2025-01-24 15:15:00,0.57239
2025-01-24 15:30:00,0.60818
2025-01-24 15:45:00,0.69012
2025-01-24 16:00:00,0.67540
2025-01-24 16:15:00,0.71441
2025-01-24 16:30:00,0.70119
2025-01-24 16:45:00,0.70647
2025-01-24 17:00:00,0.65157
2025-01-24 17:15:00,0.78577
2025-01-24 17:30:00,0.67088
2025-01-24 17:45:00,0.68474
2025-01-24 18:00:00,0.61682
2025-01-24 18:15:00,0.62877
2025-01-24 18:30:00,0.52301
2025-01-24 18:45:00,0.59231
2025-01-24 19:00:00,0.71716
2025-01-24 19:15:00,0.61973
2025-01-24 19:30:00,0.55661
2025-01-24 19:45:00,0.48458
2025-01-24 20:00:00,0.43229
2025-01-24 20:15:00,0.45983
2025-01-24 20:30:00,0.47674
2025-01-24 20:45:00,0.57113
2025-01-24 21:00:00,0.58282
2025-01-24 21:15:00,0.42630
2025-01-24 21:30:00,0.63733
2025-01-24 21:45:00,0.51399
2025-01-24 22:00:00,0.58179
2025-01-24 22:15:00,0.39949
2025-01-24 22:30:00,0.35099
2025-01-24 22:45:00,0.56554
2025-01-24 23:00:00,0.58969
2025-01-24 23:15:00,0.55773
2025-01-24 23:30:00,0.64912
2025-01-24 23:45:00,0.64119
2025-01-25 00:00:00,0.47573
2025-01-25 00:15:00,0.38097
2025-01-25 00:30:00,0.54242
2025-01-25 00:45:00,0.38250
2025-01-25 01:00:00,0.57001
2025-01-25 01:15:00,0.55518
2025-01-25 01:30:00,0.49505
2025-01-25 01:45:00,0.54608
2025-01-25 02:00:00,0.52399
2025-01-25 02:15:00,0.51116
2025-01-25 02:30:00,0.66287
2025-01-25 02:45:00,0.61272
2025-01-25 03:00:00,0.59001
2025-01-25 03:15:00,0.45401
2025-01-25 03:30:00,0.58234
2025-01-25 03:45:00,0.61038
2025-01-25 04:00:00,0.50100
2025-01-25 04:15:00,0.47096
2025-01-25 04:30:00,0.61931
2025-01-25 04:45:00,0.55870
2025-01-25 05:00:00,0.36280
2025-01-25 05:15:00,0.61545
2025-01-25 05:30:00,0.52071
2025-01-25 05:45:00,0.59765
2025-01-25 06:00:00,0.66249
2025-01-25 06:15:00,0.65832
2025-01-25 06:30:00,0.57561
2025-01-25 06:45:00,0.50518
2025-01-25 07:00:00,0.68072
2025-01-25 07:15:00,0.48070
2025-01-25 07:30:00,0.61617
2025-01-25 07:45:00,0.65569
2025-01-25 08:00:00,0.62906
2025-01-25 08:15:00,0.53963
2025-01-25 08:30:00,0.69270
2025-01-25 08:45:00,0.68656
2025-01-25 09:00:00,0.61882
2025-01-25 09:15:00,0.65483
2025-01-25 09:30:00,0.53242
2025-01-25 09:45:00,0.45830
2025-01-25 10:00:00,0.58056
2025-01-25 10:15:00,0.60889
2025-01-25 10:30:00,0.70248
2025-01-25 10:45:00,0.72412
2025-01-25 11:00:00,0.58397
2025-01-25 11:15:00,0.68220
2025-01-25 11:30:00,0.67625
2025-01-25 11:45:00,0.60893
2025-01-25 12:00:00,0.70037
2025-01-25 12:15:00,0.70508
2025-01-25 12:30:00,0.68362
2025-01-25 12:45:00,0.59535
2025-01-25 13:00:00,0.61235
2025-01-25 13:15:00,0.81694
2025-01-25 13:30:00,0.69456
2025-01-25 13:45:00,0.59793
2025-01-25 14:00:00,0.61435
2025-01-25 14:15:00,0.64513
2025-01-25 14:30:00,0.82245
2025-01-25 14:45:00,0.61045
2025-01-25 15:00:00,0.59425
2025-01-25 15:15:00,0.77586
2025-01-25 15:30:00,0.76087
2025-01-25 15:45:00,0.64945
2025-01-25 16:00:00,0.51663
2025-01-25 16:15:00,0.53377
2025-01-25 16:30:00,0.75009
2025-01-25 16:45:00,0.83520
2025-01-25 17:00:00,0.68347
2025-01-25 17:15:00,0.73769
2025-01-25 17:30:00,0.68931
2025-01-25 17:45:00,0.73908
2025-01-25 18:00:00,0.62713
2025-01-25 18:15:00,0.68187
2025-01-25 18:30:00,0.62039
2025-01-25 18:45:00,0.63933
2025-01-25 19:00:00,0.60348
2025-01-25 19:15:00,0.70841
2025-01-25 19:30:00,0.82409
2025-01-25 19:45:00,0.56116
2025-01-25 20:00:00,0.64283
2025-01-25 20:15:00,0.63076
2025-01-25 20:30:00,0.52796
2025-01-25 20:45:00,0.69366
2025-01-25 21:00:00,0.47934
2025-01-25 21:15:00,0.39145
2025-01-25 21:30:00,0.57083
2025-01-25 21:45:00,0.48333
2025-01-25 22:00:00,0.49219
2025-01-25 22:15:00,0.61209
2025-01-25 22:30:00,0.55423
2025-01-25 22:45:00,0.40347
2025-01-25 23:00:00,0.42949
2025-01-25 23:15:00,0.49244
2025-01-25 23:30:00,0.32921
2025-01-25 23:45:00,0.35265
2025-01-26 00:00:00,0.57281
2025-01-26 00:15:00,0.53774
2025-01-26 00:30:00,0.66312
2025-01-26 00:45:00,0.58846
2025-01-26 01:00:00,0.59126
2025-01-26 01:15:00,0.34878
2025-01-26 01:30:00,0.50235
2025-01-26 01:45:00,0.44040
2025-01-26 02:00:00,0.40623
2025-01-26 02:15:00,0.59659
2025-01-26 02:30:00,0.67488
2025-01-26 02:45:00,0.59785
2025-01-26 03:00:00,0.55847
2025-01-26 03:15:00,0.63487
2025-01-26 03:30:00,0.48949
2025-01-26 03:45:00,0.73619
2025-01-26 04:00:00,0.50174
2025-01-26 04:15:00,0.51372
2025-01-26 04:30:00,0.42659
2025-01-26 04:45:00,0.48900
2025-01-26 05:00:00,0.74001
2025-01-26 05:15:00,0.67845
2025-01-26 05:30:00,0.65501
2025-01-26 05:45:00,0.76222
2025-01-26 06:00:00,0.51348
2025-01-26 06:15:00,0.56361
2025-01-26 06:30:00,0.49449
2025-01-26 06:45:00,0.32715
2025-01-26 07:00:00,0.58937
2025-01-26 07:15:00,0.80779
2025-01-26 07:30:00,0.71969
2025-01-26 07:45:00,0.51280
2025-01-26 08:00:00,0.71529
2025-01-26 08:15:00,0.55766
2025-01-26 08:30:00,0.67420
2025-01-26 08:45:00,0.70434
2025-01-26 09:00:00,0.64745
2025-01-26 09:15:00,0.74125
2025-01-26 09:30:00,0.67286
2025-01-26 09:45:00,0.70110
2025-01-26 10:00:00,0.88249
2025-01-26 10:15:00,0.62880
2025-01-26 10:30:00,0.60605
2025-01-26 10:45:00,0.57334
2025-01-26 11:00:00,0.61888
2025-01-26 11:15:00,0.60518
2025-01-26 11:30:00,0.79049
2025-01-26 11:45:00,0.61459
2025-01-26 12:00:00,0.72869
2025-01-26 12:15:00,0.76423
2025-01-26 12:30:00,0.76538
2025-01-26 12:45:00,0.62184
2025-01-26 13:00:00,0.74026
2025-01-26 13:15:00,0.68716
2025-01-26 13:30:00,0.80435
2025-01-26 13:45:00,0.78712
2025-01-26 14:00:00,0.79489
2025-01-26 14:15:00,0.68439
2025-01-26 14:30:00,0.70129
2025-01-26 14:45:00,0.79840
2025-01-26 15:00:00,0.72086
2025-01-26 15:15:00,0.58683
2025-01-26 15:30:00,0.96600
2025-01-26 15:45:00,0.68085
2025-01-26 16:00:00,0.66803
2025-01-26 16:15:00,0.55365
2025-01-26 16:30:00,0.43748
2025-01-26 16:45:00,0.49871
2025-01-26 17:00:00,0.66333
2025-01-26 17:15:00,0.80621
2025-01-26 17:30:00,0.89672
2025-01-26 17:45:00,0.78894
2025-01-26 18:00:00,0.86339
2025-01-26 18:15:00,0.57401
2025-01-26 18:30:00,0.53133
2025-01-26 18:45:00,0.77637
2025-01-26 19:00:00,0.76277
2025-01-26 19:15:00,0.63146
2025-01-26 19:30:00,0.56999
2025-01-26 19:45:00,0.64648
2025-01-26 20:00:00,0.68798
2025-01-26 20:15:00,0.77886
2025-01-26 20:30:00,0.65910
2025-01-26 20:45:00,0.65856
2025-01-26 21:00:00,0.60905
2025-01-26 21:15:00,0.67862
2025-01-26 21:30:00,0.69326
2025-01-26 21:45:00,0.55855
2025-01-26 22:00:00,0.65426
2025-01-26 22:15:00,0.39748
2025-01-26 22:30:00,0.51386
2025-01-26 22:45:00,0.48714
2025-01-26 23:00:00,0.37045
2025-01-26 23:15:00,0.38412
2025-01-26 23:30:00,0.37883
2025-01-26 23:45:00,0.44341
2025-01-27 00:00:00,0.52127
2025-01-27 00:15:00,0.46293
2025-01-27 00:30:00,0.54115
2025-01-27 00:45:00,0.64616
2025-01-27 01:00:00,0.48999
2025-01-27 01:15:00,0.39793
2025-01-27 01:30:00,0.69127
2025-01-27 01:45:00,0.59323
2025-01-27 02:00:00,0.50044
2025-01-27 02:15:00,0.45798
2025-01-27 02:30:00,0.53231
2025-01-27 02:45:00,0.68535
2025-01-27 03:00:00,0.68072
2025-01-27 03:15:00,0.62412
2025-01-27 03:30:00,0.55157
2025-01-27 03:45:00,0.46143
2025-01-27 04:00:00,0.41199
2025-01-27 04:15:00,0.54995
2025-01-27 04:30:00,0.51845
2025-01-27 04:45:00,0.57745
2025-01-27 05:00:00,0.65746
2025-01-27 05:15:00,0.72202
2025-01-27 05:30:00,0.57624
2025-01-27 05:45:00,0.42879
2025-01-27 06:00:00,0.67105
2025-01-27 06:15:00,0.49507
2025-01-27 06:30:00,0.55025
2025-01-27 06:45:00,0.55113
2025-01-27 07:00:00,0.67206
2025-01-27 07:15:00,0.71010
2025-01-27 07:30:00,0.72050
2025-01-27 07:45:00,0.61620
2025-01-27 08:00:00,0.60637
2025-01-27 08:15:00,0.67991
2025-01-27 08:30:00,0.58672
2025-01-27 08:45:00,0.64846
2025-01-27 09:00:00,0.65278
2025-01-27 09:15:00,0.70779
2025-01-27 09:30:00,0.57589
2025-01-27 09:45:00,0.53810
2025-01-27 10:00:00,0.65325
2025-01-27 10:15:00,0.54328
2025-01-27 10:30:00,0.58731
2025-01-27 10:45:00,0.55831
2025-01-27 11:00:00,0.55652
2025-01-27 11:15:00,0.54540
2025-01-27 11:30:00,0.66174
2025-01-27 11:45:00,0.66537
2025-01-27 12:00:00,0.75511
2025-01-27 12:15:00,0.71258
2025-01-27 12:30:00,0.70794
2025-01-27 12:45:00,0.87010
2025-01-27 13:00:00,0.88541
2025-01-27 13:15:00,0.72638
2025-01-27 13:30:00,0.70287
2025-01-27 13:45:00,0.79502
2025-01-27 14:00:00,0.54592
2025-01-27 14:15:00,0.61459
2025-01-27 14:30:00,0.62143
2025-01-27 14:45:00,0.53984
2025-01-27 15:00:00,0.61765
2025-01-27 15:15:00,0.48596
2025-01-27 15:30:00,0.84768
2025-01-27 15:45:00,0.72481
2025-01-27 16:00:00,0.68867
2025-01-27 16:15:00,0.52999
2025-01-27 16:30:00,0.63320
2025-01-27 16:45:00,0.84283
2025-01-27 17:00:00,0.69703
2025-01-27 17:15:00,0.75666
2025-01-27 17:30:00,0.78992
2025-01-27 17:45:00,0.42448
2025-01-27 18:00:00,0.52161
2025-01-27 18:15:00,0.56483
2025-01-27 18:30:00,0.53466
2025-01-27 18:45:00,0.45150
2025-01-27 19:00:00,0.48425
2025-01-27 19:15:00,0.39904
2025-01-27 19:30:00,0.56410
2025-01-27 19:45:00,0.63932
2025-01-27 20:00:00,0.69605
2025-01-27 20:15:00,0.59763
2025-01-27 20:30:00,0.50626
2025-01-27 20:45:00,0.67736
2025-01-27 21:00:00,0.59369
2025-01-27 21:15:00,0.61087
2025-01-27 21:30:00,0.68548
2025-01-27 21:45:00,0.51604
2025-01-27 22:00:00,0.55626
2025-01-27 22:15:00,0.65674
2025-01-27 22:30:00,0.60205
2025-01-27 22:45:00,0.54800
2025-01-27 23:00:00,0.65444
2025-01-27 23:15:00,0.49702
2025-01-27 23:30:00,0.43220
2025-01-27 23:45:00,0.52476
2025-01-28 00:00:00,0.43475
2025-01-28 00:15:00,0.48629
2025-01-28 00:30:00,0.45142
2025-01-28 00:45:00,0.46216
2025-01-28 01:00:00,0.57047
2025-01-28 01:15:00,0.58196
2025-01-28 01:30:00,0.50668
2025-01-28 01:45:00,0.49270
2025-01-28 02:00:00,0.50832
2025-01-28 02:15:00,0.51853
2025-01-28 02:30:00,0.49421
2025-01-28 02:45:00,0.47942
2025-01-28 03:00:00,0.66953
2025-01-28 03:15:00,0.56600
2025-01-28 03:30:00,0.55105
2025-01-28 03:45:00,0.39239
2025-01-28 04:00:00,0.41488
2025-01-28 04:15:00,0.66778
2025-01-28 04:30:00,0.76612
2025-01-28 04:45:00,0.59910
2025-01-28 05:00:00,0.41700
2025-01-28 05:15:00,0.59248
2025-01-28 05:30:00,0.48394
2025-01-28 05:45:00,0.65668
2025-01-28 06:00:00,0.57974
2025-01-28 06:15:00,0.52232
2025-01-28 06:30:00,0.53400
2025-01-28 06:45:00,0.65890
2025-01-28 07:00:00,0.57775
2025-01-28 07:15:00,0.48031
2025-01-28 07:30:00,0.42362
2025-01-28 07:45:00,0.52206
2025-01-28 08:00:00,0.54429
2025-01-28 08:15:00,0.59172
2025-01-28 08:30:00,0.56880
2025-01-28 08:45:00,0.60070
2025-01-28 09:00:00,0.57777
2025-01-28 09:15:00,0.72360
2025-01-28 09:30:00,0.63592
2025-01-28 09:45:00,0.68851
2025-01-28 10:00:00,0.67785
2025-01-28 10:15:00,0.58043
2025-01-28 10:30:00,0.48670
2025-01-28 10:45:00,0.65639
2025-01-28 11:00:00,0.65399
2025-01-28 11:15:00,0.79965
2025-01-28 11:30:00,0.67297
2025-01-28 11:45:00,0.73493
2025-01-28 12:00:00,0.59927
2025-01-28 12:15:00,0.61112
2025-01-28 12:30:00,0.58295
2025-01-28 12:45:00,0.62022
2025-01-28 13:00:00,0.66069
2025-01-28 13:15:00,0.61884
2025-01-28 13:30:00,0.65751
2025-01-28 13:45:00,0.73454
2025-01-28 14:00:00,0.57986
2025-01-28 14:15:00,0.63964
2025-01-28 14:30:00,0.60274
2025-01-28 14:45:00,0.58938
2025-01-28 15:00:00,0.70570
2025-01-28 15:15:00,0.69210
2025-01-28 15:30:00,0.75969
2025-01-28 15:45:00,0.67836
2025-01-28 16:00:00,0.67385
2025-01-28 16:15:00,0.60701
2025-01-28 16:30:00,0.67235
2025-01-28 16:45:00,0.65681
2025-01-28 17:00:00,0.62077
2025-01-28 17:15:00,0.72559
2025-01-28 17:30:00,0.52483
2025-01-28 17:45:00,0.50192
2025-01-28 18:00:00,0.47587
2025-01-28 18:15:00,0.57886
2025-01-28 18:30:00,0.59957
2025-01-28 18:45:00,0.63397
2025-01-28 19:00:00,0.61236
2025-01-28 19:15:00,0.61517
2025-01-28 19:30:00,0.73812
2025-01-28 19:45:00,0.63533
2025-01-28 20:00:00,0.59866
2025-01-28 20:15:00,0.52885
2025-01-28 20:30:00,0.75581
2025-01-28 20:45:00,0.54524
2025-01-28 21:00:00,0.57034
2025-01-28 21:15:00,0.50822
2025-01-28 21:30:00,0.39713
2025-01-28 21:45:00,0.44646
2025-01-28 22:00:00,0.40518
2025-01-28 22:15:00,0.42163
2025-01-28 22:30:00,0.51941
2025-01-28 22:45:00,0.60700
2025-01-28 23:00:00,0.58505
2025-01-28 23:15:00,0.65265
2025-01-28 23:30:00,0.62231
2025-01-28 23:45:00,0.42659
2025-01-29 00:00:00,0.54771
2025-01-29 00:15:00,0.53736
2025-01-29 00:30:00,0.61149
2025-01-29 00:45:00,0.58110
2025-01-29 01:00:00,0.49961
2025-01-29 01:15:00,0.43142
2025-01-29 01:30:00,0.47896
2025-01-29 01:45:00,0.56210
2025-01-29 02:00:00,0.54129
2025-01-29 02:15:00,0.57103
2025-01-29 02:30:00,0.57668
2025-01-29 02:45:00,0.43095
2025-01-29 03:00:00,0.43230
2025-01-29 03:15:00,0.31657
2025-01-29 03:30:00,0.41663
2025-01-29 03:45:00,0.38699
2025-01-29 04:00:00,0.51414
2025-01-29 04:15:00,0.61012
2025-01-29 04:30:00,0.50517
2025-01-29 04:45:00,0.49768
2025-01-29 05:00:00,0.57593
2025-01-29 05:15:00,0.48685
2025-01-29 05:30:00,0.59525
2025-01-29 05:45:00,0.33137
2025-01-29 06:00:00,0.42060
2025-01-29 06:15:00,0.52559
2025-01-29 06:30:00,0.38338
2025-01-29 06:45:00,0.63053
2025-01-29 07:00:00,0.54658
2025-01-29 07:15:00,0.55999
2025-01-29 07:30:00,0.56795
2025-01-29 07:45:00,0.57956
2025-01-29 08:00:00,0.55784
2025-01-29 08:15:00,0.47073
2025-01-29 08:30:00,0.59961
2025-01-29 08:45:00,0.63613
2025-01-29 09:00:00,0.60824
2025-01-29 09:15:00,0.55409
2025-01-29 09:30:00,0.53882
2025-01-29 09:45:00,0.54009
2025-01-29 10:00:00,0.59519
2025-01-29 10:15:00,0.63160
2025-01-29 10:30:00,0.73018
2025-01-29 10:45:00,0.84139
2025-01-29 11:00:00,0.98059
2025-01-29 11:15:00,0.62486
2025-01-29 11:30:00,0.69112
2025-01-29 11:45:00,0.80866
2025-01-29 12:00:00,0.69669
2025-01-29 12:15:00,0.75248
2025-01-29 12:30:00,0.58748
2025-01-29 12:45:00,0.68966
2025-01-29 13:00:00,0.66437
2025-01-29 13:15:00,0.84497
2025-01-29 13:30:00,0.64875
2025-01-29 13:45:00,0.82544
2025-01-29 14:00:00,0.77497
2025-01-29 14:15:00,0.63601
2025-01-29 14:30:00,0.58002
2025-01-29 14:45:00,0.67533
2025-01-29 15:00:00,0.86578
2025-01-29 15:15:00,0.91697
2025-01-29 15:30:00,0.60289
2025-01-29 15:45:00,0.66013
2025-01-29 16:00:00,0.76634
2025-01-29 16:15:00,0.71282
2025-01-29 16:30:00,0.65600
2025-01-29 16:45:00,0.59927
2025-01-29 17:00:00,0.77559
2025-01-29 17:15:00,0.69292
2025-01-29 17:30:00,0.80130
2025-01-29 17:45:00,0.72797
2025-01-29 18:00:00,0.74526
2025-01-29 18:15:00,0.66186
2025-01-29 18:30:00,0.65072
2025-01-29 18:45:00,0.69831
2025-01-29 19:00:00,0.80683
2025-01-29 19:15:00,0.69796
2025-01-29 19:30:00,0.69227
2025-01-29 19:45:00,0.65159
2025-01-29 20:00:00,0.65281
2025-01-29 20:15:00,0.78956
2025-01-29 20:30:00,0.66069
2025-01-29 20:45:00,0.58348
2025-01-29 21:00:00,0.51990
2025-01-29 21:15:00,0.47838
2025-01-29 21:30:00,0.53932
2025-01-29 21:45:00,0.39847
2025-01-29 22:00:00,0.55508
2025-01-29 22:15:00,0.74086
2025-01-29 22:30:00,0.65353
2025-01-29 22:45:00,0.65417
2025-01-29 23:00:00,0.56744
2025-01-29 23:15:00,0.68884
2025-01-29 23:30:00,0.67968
2025-01-29 23:45:00,0.53513
2025-01-30 00:00:00,0.73436
2025-01-30 00:15:00,0.56307
2025-01-30 00:30:00,0.55666
2025-01-30 00:45:00,0.57071
2025-01-30 01:00:00,0.68823
2025-01-30 01:15:00,0.51399
2025-01-30 01:30:00,0.57528
2025-01-30 01:45:00,0.43324
2025-01-30 02:00:00,0.39082
2025-01-30 02:15:00,0.34173
2025-01-30 02:30:00,0.60023
2025-01-30 02:45:00,0.53513
2025-01-30 03:00:00,0.46506
2025-01-30 03:15:00,0.38419
2025-01-30 03:30:00,0.64446
2025-01-30 03:45:00,0.44468
2025-01-30 04:00:00,0.49898
2025-01-30 04:15:00,0.54958
2025-01-30 04:30:00,0.60760
2025-01-30 04:45:00,0.58528
2025-01-30 05:00:00,0.72416
2025-01-30 05:15:00,0.69270
2025-01-30 05:30:00,0.76480
2025-01-30 05:45:00,0.65542
2025-01-30 06:00:00,0.72081
2025-01-30 06:15:00,0.55105
2025-01-30 06:30:00,0.44369
2025-01-30 06:45:00,0.51991
2025-01-30 07:00:00,0.55516
2025-01-30 07:15:00,0.53848
2025-01-30 07:30:00,0.47240
2025-01-30 07:45:00,0.69055
2025-01-30 08:00:00,0.75030
2025-01-30 08:15:00,0.59810
2025-01-30 08:30:00,0.53946
2025-01-30 08:45:00,0.68988
2025-01-30 09:00:00,0.63730
2025-01-30 09:15:00,0.55903
2025-01-30 09:30:00,0.55000
2025-01-30 09:45:00,0.62385
2025-01-30 10:00:00,0.68619
2025-01-30 10:15:00,0.83972
2025-01-30 10:30:00,0.61296
2025-01-30 10:45:00,0.72395
2025-01-30 11:00:00,0.77207
2025-01-30 11:15:00,0.72476
2025-01-30 11:30:00,0.67139
2025-01-30 11:45:00,0.71276
2025-01-30 12:00:00,0.65204
2025-01-30 12:15:00,0.66517
2025-01-30 12:30:00,0.63617
2025-01-30 12:45:00,0.68033
2025-01-30 13:00:00,0.48488
2025-01-30 13:15:00,0.63470
2025-01-30 13:30:00,0.57241
2025-01-30 13:45:00,0.61223
2025-01-30 14:00:00,0.53419
2025-01-30 14:15:00,0.55163
2025-01-30 14:30:00,0.81754
2025-01-30 14:45:00,0.81822
2025-01-30 15:00:00,0.56664
2025-01-30 15:15:00,0.62316
2025-01-30 15:30:00,0.83012
2025-01-30 15:45:00,0.78525
2025-01-30 16:00:00,0.69046
2025-01-30 16:15:00,0.76488
2025-01-30 16:30:00,0.69086
2025-01-30 16:45:00,0.74503
2025-01-30 17:00:00,0.61930
2025-01-30 17:15:00,0.63390
2025-01-30 17:30:00,0.51333
2025-01-30 17:45:00,0.56338
2025-01-30 18:00:00,0.68944
2025-01-30 18:15:00,0.67870
2025-01-30 18:30:00,0.64325
2025-01-30 18:45:00,0.53415
2025-01-30 19:00:00,0.53001
2025-01-30 19:15:00,0.51275
2025-01-30 19:30:00,0.52312
2025-01-30 19:45:00,0.41097
2025-01-30 20:00:00,0.66067
2025-01-30 20:15:00,0.70762
2025-01-30 20:30:00,0.63073
2025-01-30 20:45:00,0.62996
2025-01-30 21:00:00,0.60636
2025-01-30 21:15:00,0.50785
2025-01-30 21:30:00,0.37812
2025-01-30 21:45:00,0.46165
2025-01-30 22:00:00,0.46403
2025-01-30 22:15:00,0.43130
2025-01-30 22:30:00,0.70424
2025-01-30 22:45:00,0.53643
2025-01-30 23:00:00,0.50185
2025-01-30 23:15:00,0.58004
2025-01-30 23:30:00,0.48792
2025-01-30 23:45:00,0.43980
2025-01-31 00:00:00,0.38367
2025-01-31 00:15:00,0.56028
2025-01-31 00:30:00,0.45488
2025-01-31 00:45:00,0.45305
2025-01-31 01:00:00,0.44037
2025-01-31 01:15:00,0.36942
2025-01-31 01:30:00,0.40137
2025-01-31 01:45:00,0.43942
2025-01-31 02:00:00,0.51802
2025-01-31 02:15:00,0.53016
2025-01-31 02:30:00,0.70213
2025-01-31 02:45:00,0.65621
2025-01-31 03:00:00,0.65946
2025-01-31 03:15:00,0.54513
2025-01-31 03:30:00,0.49132
2025-01-31 03:45:00,0.67491
2025-01-31 04:00:00,0.56774
2025-01-31 04:15:00,0.41682
2025-01-31 04:30:00,0.38898
2025-01-31 04:45:00,0.50160
2025-01-31 05:00:00,0.46041
2025-01-31 05:15:00,0.48857
2025-01-31 05:30:00,0.51616
2025-01-31 05:45:00,0.50760
2025-01-31 06:00:00,0.50349
2025-01-31 06:15:00,0.80996
2025-01-31 06:30:00,0.55445
2025-01-31 06:45:00,0.64872
2025-01-31 07:00:00,0.61756
2025-01-31 07:15:00,0.60523
2025-01-31 07:30:00,0.54392
2025-01-31 07:45:00,0.57179
2025-01-31 08:00:00,0.61587
2025-01-31 08:15:00,0.50797
2025-01-31 08:30:00,0.53048
2025-01-31 08:45:00,0.62207
2025-01-31 09:00:00,0.73372
2025-01-31 09:15:00,0.76277
2025-01-31 09:30:00,0.61222
2025-01-31 09:45:00,0.69866
2025-01-31 10:00:00,0.76058
2025-01-31 10:15:00,0.70453
2025-01-31 10:30:00,0.63856
2025-01-31 10:45:00,0.83493
2025-01-31 11:00:00,0.58323
2025-01-31 11:15:00,0.61111
2025-01-31 11:30:00,0.70677
2025-01-31 11:45:00,0.74425
2025-01-31 12:00:00,0.65401
2025-01-31 12:15:00,0.70901
2025-01-31 12:30:00,0.62009
2025-01-31 12:45:00,0.60960
2025-01-31 13:00:00,0.67452
2025-01-31 13:15:00,0.58730
2025-01-31 13:30:00,0.64829
2025-01-31 13:45:00,0.59054
2025-01-31 14:00:00,0.75676
2025-01-31 14:15:00,0.66045
2025-01-31 14:30:00,0.60042
2025-01-31 14:45:00,0.66178
2025-01-31 15:00:00,0.62757
2025-01-31 15:15:00,0.49728
2025-01-31 15:30:00,0.62745
2025-01-31 15:45:00,0.56478
2025-01-31 16:00:00,0.60774
2025-01-31 16:15:00,0.82473
2025-01-31 16:30:00,0.72446
2025-01-31 16:45:00,0.35183
2025-01-31 17:00:00,0.53583
2025-01-31 17:15:00,0.49401
2025-01-31 17:30:00,0.37109
2025-01-31 17:45:00,0.57535
2025-01-31 18:00:00,0.59575
2025-01-31 18:15:00,0.66162
2025-01-31 18:30:00,0.67844
2025-01-31 18:45:00,0.63072
2025-01-31 19:00:00,0.77971
2025-01-31 19:15:00,0.69321
2025-01-31 19:30:00,0.44059
2025-01-31 19:45:00,0.31261
2025-01-31 20:00:00,0.49933
2025-01-31 20:15:00,0.47308
2025-01-31 20:30:00,0.54890
2025-01-31 20:45:00,0.48408
2025-01-31 21:00:00,0.42814
2025-01-31 21:15:00,0.43217
2025-01-31 21:30:00,0.61479
2025-01-31 21:45:00,0.60347
2025-01-31 22:00:00,0.50514
2025-01-31 22:15:00,0.57114
2025-01-31 22:30:00,0.56696
2025-01-31 22:45:00,0.38528
2025-01-31 23:00:00,0.46357
2025-01-31 23:15:00,0.57124
2025-01-31 23:30:00,0.57125
2025-01-31 23:45:00,0.57403
2025-02-01 00:00:00,0.57797
2025-02-01 00:15:00,0.57979
2025-02-01 00:30:00,0.40690
2025-02-01 00:45:00,0.45974
2025-02-01 01:00:00,0.43241
2025-02-01 01:15:00,0.45038
2025-02-01 01:30:00,0.46550
2025-02-01 01:45:00,0.43072
2025-02-01 02:00:00,0.48553
2025-02-01 02:15:00,0.51531
2025-02-01 02:30:00,0.41124
2025-02-01 02:45:00,0.34317
2025-02-01 03:00:00,0.33019
2025-02-01 03:15:00,0.23685
2025-02-01 03:30:00,0.45572
2025-02-01 03:45:00,0.45758
2025-02-01 04:00:00,0.51901
2025-02-01 04:15:00,0.46484
2025-02-01 04:30:00,0.57657
2025-02-01 04:45:00,0.52415
2025-02-01 05:00:00,0.52417
2025-02-01 05:15:00,0.57224
2025-02-01 05:30:00,0.79876
2025-02-01 05:45:00,0.44911
2025-02-01 06:00:00,0.43663
2025-02-01 06:15:00,0.52770
2025-02-01 06:30:00,0.48749
2025-02-01 06:45:00,0.58469
2025-02-01 07:00:00,0.50508
2025-02-01 07:15:00,0.49361
2025-02-01 07:30:00,0.65207
2025-02-01 07:45:00,0.66848
2025-02-01 08:00:00,0.56012
2025-02-01 08:15:00,0.62172
2025-02-01 08:30:00,0.62231
2025-02-01 08:45:00,0.68883
2025-02-01 09:00:00,0.58512
2025-02-01 09:15:00,0.53236
2025-02-01 09:30:00,0.65755
2025-02-01 09:45:00,0.60903
2025-02-01 10:00:00,0.55099
2025-02-01 10:15:00,0.48868
2025-02-01 10:30:00,0.62385
2025-02-01 10:45:00,0.58692
2025-02-01 11:00:00,0.62777
2025-02-01 11:15:00,0.69109
2025-02-01 11:30:00,0.82088
2025-02-01 11:45:00,0.71901
2025-02-01 12:00:00,0.73547
2025-02-01 12:15:00,0.73474
2025-02-01 12:30:00,0.58679
2025-02-01 12:45:00,0.66588
2025-02-01 13:00:00,0.69456
2025-02-01 13:15:00,0.73611
2025-02-01 13:30:00,0.70304
2025-02-01 13:45:00,0.74603
2025-02-01 14:00:00,0.72328
2025-02-01 14:15:00,0.82094
2025-02-01 14:30:00,0.88475
2025-02-01 14:45:00,0.82309
2025-02-01 15:00:00,0.69347
2025-02-01 15:15:00,0.63461
2025-02-01 15:30:00,0.83063
2025-02-01 15:45:00,0.69651
2025-02-01 16:00:00,0.59115
2025-02-01 16:15:00,0.64332
2025-02-01 16:30:00,0.64205
2025-02-01 16:45:00,0.63867
2025-02-01 17:00:00,0.66922
2025-02-01 17:15:00,0.71005
2025-02-01 17:30:00,0.65635
2025-02-01 17:45:00,0.82968
2025-02-01 18:00:00,0.74063
2025-02-01 18:15:00,0.71816
2025-02-01 18:30:00,0.77220
2025-02-01 18:45:00,0.85280
2025-02-01 19:00:00,0.81178
2025-02-01 19:15:00,0.62215
2025-02-01 19:30:00,0.56616
2025-02-01 19:45:00,0.57897
2025-02-01 20:00:00,0.43299
2025-02-01 20:15:00,0.55078
2025-02-01 20:30:00,0.55551
2025-02-01 20:45:00,0.35261
2025-02-01 21:00:00,0.62074
2025-02-01 21:15:00,0.60675
2025-02-01 21:30:00,0.56577
2025-02-01 21:45:00,0.48527
2025-02-01 22:00:00,0.36356
2025-02-01 22:15:00,0.43878
2025-02-01 22:30:00,0.68273
2025-02-01 22:45:00,0.56207
2025-02-01 23:00:00,0.47744
2025-02-01 23:15:00,0.52082
2025-02-01 23:30:00,0.48408
2025-02-01 23:45:00,0.47246
2025-02-02 00:00:00,0.68003
2025-02-02 00:15:00,0.45961
2025-02-02 00:30:00,0.32753
2025-02-02 00:45:00,0.58101
2025-02-02 01:00:00,0.70440
2025-02-02 01:15:00,0.65588
2025-02-02 01:30:00,0.40133
2025-02-02 01:45:00,0.52597
2025-02-02 02:00:00,0.55538
2025-02-02 02:15:00,0.38203
2025-02-02 02:30:00,0.42095
2025-02-02 02:45:00,0.30811
2025-02-02 03:00:00,0.54454
2025-02-02 03:15:00,0.60411
2025-02-02 03:30:00,0.70019
2025-02-02 03:45:00,0.63292
2025-02-02 04:00:00,0.59537
2025-02-02 04:15:00,0.57837
2025-02-02 04:30:00,0.60212
2025-02-02 04:45:00,0.42895
2025-02-02 05:00:00,0.37147
2025-02-02 05:15:00,0.26037
2025-02-02 05:30:00,0.41096
2025-02-02 05:45:00,0.51943
2025-02-02 06:00:00,0.54414
2025-02-02 06:15:00,0.68247
2025-02-02 06:30:00,0.67032
2025-02-02 06:45:00,0.63088
2025-02-02 07:00:00,0.57700
2025-02-02 07:15:00,0.69443
2025-02-02 07:30:00,0.58472
2025-02-02 07:45:00,0.55737
2025-02-02 08:00:00,0.68414
2025-02-02 08:15:00,0.80458
2025-02-02 08:30:00,0.86916
2025-02-02 08:45:00,0.70233
2025-02-02 09:00:00,0.63663
2025-02-02 09:15:00,0.92094
2025-02-02 09:30:00,0.72451
2025-02-02 09:45:00,0.74489
2025-02-02 10:00:00,0.77747
2025-02-02 10:15:00,0.83307
2025-02-02 10:30:00,0.72604
2025-02-02 10:45:00,0.71887
2025-02-02 11:00:00,0.88037
2025-02-02 11:15:00,0.82538
2025-02-02 11:30:00,0.57979
2025-02-02 11:45:00,0.56217
2025-02-02 12:00:00,0.71500
2025-02-02 12:15:00,0.74302
2025-02-02 12:30:00,0.63984
2025-02-02 12:45:00,0.64703
2025-02-02 13:00:00,0.62830
2025-02-02 13:15:00,0.77119
2025-02-02 13:30:00,0.69634
2025-02-02 13:45:00,0.64611
2025-02-02 14:00:00,0.62333
2025-02-02 14:15:00,0.28149
2025-02-02 14:30:00,0.57427
2025-02-02 14:45:00,0.74617
2025-02-02 15:00:00,0.76385
2025-02-02 15:15:00,0.74886
2025-02-02 15:30:00,0.69796
2025-02-02 15:45:00,0.59735
2025-02-02 16:00:00,0.69118
2025-02-02 16:15:00,0.54613
2025-02-02 16:30:00,0.74046
2025-02-02 16:45:00,0.73107
2025-02-02 17:00:00,0.69378
2025-02-02 17:15:00,0.62519
2025-02-02 17:30:00,0.66987
2025-02-02 17:45:00,0.43589
2025-02-02 18:00:00,0.69320
2025-02-02 18:15:00,0.48321
2025-02-02 18:30:00,0.64870
2025-02-02 18:45:00,0.68346
2025-02-02 19:00:00,0.76302
2025-02-02 19:15:00,0.62080
2025-02-02 19:30:00,0.67527
2025-02-02 19:45:00,0.47424
2025-02-02 20:00:00,0.44869
2025-02-02 20:15:00,0.64084
2025-02-02 20:30:00,0.60056
2025-02-02 20:45:00,0.44073
2025-02-02 21:00:00,0.61502
2025-02-02 21:15:00,0.45427
2025-02-02 21:30:00,0.71082
2025-02-02 21:45:00,0.52237
2025-02-02 22:00:00,0.63978
2025-02-02 22:15:00,0.55971
2025-02-02 22:30:00,0.37828
2025-02-02 22:45:00,0.48544
2025-02-02 23:00:00,0.47989
2025-02-02 23:15:00,0.49446
2025-02-02 23:30:00,0.69706
2025-02-02 23:45:00,0.63001
2025-02-03 00:00:00,0.65025
2025-02-03 00:15:00,0.48576
2025-02-03 00:30:00,0.54794
2025-02-03 00:45:00,0.52324
2025-02-03 01:00:00,0.62828
2025-02-03 01:15:00,0.69712
2025-02-03 01:30:00,0.65353
2025-02-03 01:45:00,0.36848
2025-02-03 02:00:00,0.37126
2025-02-03 02:15:00,0.23766
2025-02-03 02:30:00,0.34562
2025-02-03 02:45:00,0.35775
2025-02-03 03:00:00,0.47473
2025-02-03 03:15:00,0.52426
2025-02-03 03:30:00,0.52621
2025-02-03 03:45:00,0.65415
2025-02-03 04:00:00,0.51989
2025-02-03 04:15:00,0.62169
2025-02-03 04:30:00,0.61833
2025-02-03 04:45:00,0.63979
2025-02-03 05:00:00,0.82269
2025-02-03 05:15:00,0.75918
2025-02-03 05:30:00,0.85967
2025-02-03 05:45:00,0.58012
2025-02-03 06:00:00,0.57562
2025-02-03 06:15:00,0.70714
2025-02-03 06:30:00,0.63605
2025-02-03 06:45:00,0.65068
2025-02-03 07:00:00,0.53933
2025-02-03 07:15:00,0.61815
2025-02-03 07:30:00,0.80657
2025-02-03 07:45:00,0.70240
2025-02-03 08:00:00,0.69011
2025-02-03 08:15:00,0.23996
2025-02-03 08:30:00,0.63424
2025-02-03 08:45:00,0.85253
2025-02-03 09:00:00,0.85045
2025-02-03 09:15:00,0.67791
2025-02-03 09:30:00,0.87270
2025-02-03 09:45:00,0.69875
2025-02-03 10:00:00,0.66914
2025-02-03 10:15:00,0.60061
2025-02-03 10:30:00,0.64221
2025-02-03 10:45:00,0.72334
2025-02-03 11:00:00,0.79175
2025-02-03 11:15:00,0.79725
2025-02-03 11:30:00,0.97924
2025-02-03 11:45:00,0.66823
2025-02-03 12:00:00,0.55166
2025-02-03 12:15:00,0.63752
2025-02-03 12:30:00,0.58559
2025-02-03 12:45:00,0.56858
2025-02-03 13:00:00,0.47256
2025-02-03 13:15:00,0.51923
2025-02-03 13:30:00,0.61797
2025-02-03 13:45:00,0.69365
2025-02-03 14:00:00,0.68193
2025-02-03 14:15:00,0.80331
2025-02-03 14:30:00,0.80664
2025-02-03 14:45:00,0.76547
2025-02-03 15:00:00,0.68084
2025-02-03 15:15:00,0.75216
2025-02-03 15:30:00,0.85009
2025-02-03 15:45:00,0.77854
2025-02-03 16:00:00,0.77999
2025-02-03 16:15:00,0.76058
2025-02-03 16:30:00,0.72209
2025-02-03 16:45:00,0.80810
2025-02-03 17:00:00,0.74594
2025-02-03 17:15:00,0.64428
2025-02-03 17:30:00,0.45720
2025-02-03 17:45:00,0.58013
2025-02-03 18:00:00,0.78162
2025-02-03 18:15:00,0.50088
2025-02-03 18:30:00,0.48129
2025-02-03 18:45:00,0.65582
2025-02-03 19:00:00,0.57656
2025-02-03 19:15:00,0.47278
2025-02-03 19:30:00,0.74202
2025-02-03 19:45:00,0.65085
2025-02-03 20:00:00,0.70123
2025-02-03 20:15:00,0.48623
2025-02-03 20:30:00,0.43570
2025-02-03 20:45:00,0.68776
2025-02-03 21:00:00,0.64038
2025-02-03 21:15:00,0.59641
2025-02-03 21:30:00,0.32494
2025-02-03 21:45:00,0.63154
2025-02-03 22:00:00,0.72603
2025-02-03 22:15:00,0.68068
2025-02-03 22:30:00,0.49464
2025-02-03 22:45:00,0.57489
2025-02-03 23:00:00,0.55409
2025-02-03 23:15:00,0.42793
2025-02-03 23:30:00,0.51171
2025-02-03 23:45:00,0.36466
2025-02-04 00:00:00,0.61166
2025-02-04 00:15:00,0.64381
2025-02-04 00:30:00,0.62418
2025-02-04 00:45:00,0.44112
2025-02-04 01:00:00,0.50597
2025-02-04 01:15:00,0.44332
2025-02-04 01:30:00,0.53829
2025-02-04 01:45:00,0.52790
2025-02-04 02:00:00,0.48424
2025-02-04 02:15:00,0.59288
2025-02-04 02:30:00,0.51395
2025-02-04 02:45:00,0.63374
2025-02-04 03:00:00,0.52572
2025-02-04 03:15:00,0.46914
2025-02-04 03:30:00,0.63289
2025-02-04 03:45:00,0.59857
2025-02-04 04:00:00,0.70279
2025-02-04 04:15:00,0.49194
2025-02-04 04:30:00,0.27988
2025-02-04 04:45:00,0.49037
2025-02-04 05:00:00,0.54662
2025-02-04 05:15:00,0.38784
2025-02-04 05:30:00,0.56875
2025-02-04 05:45:00,0.61965
2025-02-04 06:00:00,0.70186
2025-02-04 06:15:00,0.56686
2025-02-04 06:30:00,0.61270
2025-02-04 06:45:00,0.47706
2025-02-04 07:00:00,0.66244
2025-02-04 07:15:00,0.60073
2025-02-04 07:30:00,0.67820
2025-02-04 07:45:00,0.66293
2025-02-04 08:00:00,0.64834
2025-02-04 08:15:00,0.74030
2025-02-04 08:30:00,0.54290
2025-02-04 08:45:00,0.67395
2025-02-04 09:00:00,0.74251
2025-02-04 09:15:00,0.70795
2025-02-04 09:30:00,0.57351
2025-02-04 09:45:00,0.66109
2025-02-04 10:00:00,0.66549
2025-02-04 10:15:00,0.43003
2025-02-04 10:30:00,0.50551
2025-02-04 10:45:00,0.49140
2025-02-04 11:00:00,0.70045
2025-02-04 11:15:00,0.59336
2025-02-04 11:30:00,0.71337
2025-02-04 11:45:00,0.73873
2025-02-04 12:00:00,0.69940
2025-02-04 12:15:00,0.64395
2025-02-04 12:30:00,0.78669
2025-02-04 12:45:00,0.71469
2025-02-04 13:00:00,0.81748
2025-02-04 13:15:00,0.74875
2025-02-04 13:30:00,0.68546
2025-02-04 13:45:00,0.59728
2025-02-04 14:00:00,0.82962
2025-02-04 14:15:00,0.77619
2025-02-04 14:30:00,0.57313
2025-02-04 14:45:00,0.75798
2025-02-04 15:00:00,0.70581
2025-02-04 15:15:00,0.65152
2025-02-04 15:30:00,0.69996
2025-02-04 15:45:00,0.64553
2025-02-04 16:00:00,0.56297
2025-02-04 16:15:00,0.64329
2025-02-04 16:30:00,0.73958
2025-02-04 16:45:00,0.61528
2025-02-04 17:00:00,0.60496
2025-02-04 17:15:00,0.65145
2025-02-04 17:30:00,0.76867
2025-02-04 17:45:00,0.72479
2025-02-04 18:00:00,0.78031
2025-02-04 18:15:00,0.66138
2025-02-04 18:30:00,0.65466
2025-02-04 18:45:00,0.62810
2025-02-04 19:00:00,0.55249
2025-02-04 19:15:00,0.60615
2025-02-04 19:30:00,0.57476
2025-02-04 19:45:00,0.63158
2025-02-04 20:00:00,0.64480
2025-02-04 20:15:00,0.77713
2025-02-04 20:30:00,0.56347
2025-02-04 20:45:00,0.56934
2025-02-04 21:00:00,0.39324
2025-02-04 21:15:00,0.45287
2025-02-04 21:30:00,0.49456
2025-02-04 21:45:00,0.46488
2025-02-04 22:00:00,0.58428
2025-02-04 22:15:00,0.64050
2025-02-04 22:30:00,0.65557
2025-02-04 22:45:00,0.70570
2025-02-04 23:00:00,0.53205
2025-02-04 23:15:00,0.47092
2025-02-04 23:30:00,0.54854
2025-02-04 23:45:00,0.65481
2025-02-05 00:00:00,0.48715
2025-02-05 00:15:00,0.77062
2025-02-05 00:30:00,0.46639
2025-02-05 00:45:00,0.53680
2025-02-05 01:00:00,0.60934
2025-02-05 01:15:00,0.51972
2025-02-05 01:30:00,0.63340
2025-02-05 01:45:00,0.63569
2025-02-05 02:00:00,0.66416
2025-02-05 02:15:00,0.59299
2025-02-05 02:30:00,0.53856
2025-02-05 02:45:00,0.55119
2025-02-05 03:00:00,0.56511
2025-02-05 03:15:00,0.50642
2025-02-05 03:30:00,0.44266
2025-02-05 03:45:00,0.56951
2025-02-05 04:00:00,0.70460
2025-02-05 04:15:00,0.54896
2025-02-05 04:30:00,0.67195
2025-02-05 04:45:00,0.58946
2025-02-05 05:00:00,0.66040
2025-02-05 05:15:00,0.44185
2025-02-05 05:30:00,0.58495
2025-02-05 05:45:00,0.60359
2025-02-05 06:00:00,0.68288
2025-02-05 06:15:00,0.41676
2025-02-05 06:30:00,0.41621
2025-02-05 06:45:00,0.54102
2025-02-05 07:00:00,0.69142
2025-02-05 07:15:00,0.54924
2025-02-05 07:30:00,0.48960
2025-02-05 07:45:00,0.56028
2025-02-05 08:00:00,0.47746
2025-02-05 08:15:00,0.40276
2025-02-05 08:30:00,0.52463
2025-02-05 08:45:00,0.61829
2025-02-05 09:00:00,0.70569
2025-02-05 09:15:00,0.71368
2025-02-05 09:30:00,0.81337
2025-02-05 09:45:00,0.69892
2025-02-05 10:00:00,0.55321
2025-02-05 10:15:00,0.48091
2025-02-05 10:30:00,0.38404
2025-02-05 10:45:00,0.64151
2025-02-05 11:00:00,0.63926
2025-02-05 11:15:00,0.45196
2025-02-05 11:30:00,0.63354
2025-02-05 11:45:00,0.69806
2025-02-05 12:00:00,0.59246
2025-02-05 12:15:00,0.78932
2025-02-05 12:30:00,0.66719
2025-02-05 12:45:00,0.76415
2025-02-05 13:00:00,0.69732
2025-02-05 13:15:00,0.76059
2025-02-05 13:30:00,0.75305
2025-02-05 13:45:00,0.65015
2025-02-05 14:00:00,0.59561
2025-02-05 14:15:00,0.81108
2025-02-05 14:30:00,0.61181
2025-02-05 14:45:00,0.61934
2025-02-05 15:00:00,0.58747
2025-02-05 15:15:00,0.60706
2025-02-05 15:30:00,0.62018
2025-02-05 15:45:00,0.65466
2025-02-05 16:00:00,0.82517
2025-02-05 16:15:00,0.81648
2025-02-05 16:30:00,0.60002
2025-02-05 16:45:00,0.76930
2025-02-05 17:00:00,0.87850
2025-02-05 17:15:00,0.66695
2025-02-05 17:30:00,0.73528
2025-02-05 17:45:00,0.72387
2025-02-05 18:00:00,0.59433
2025-02-05 18:15:00,0.66378
2025-02-05 18:30:00,0.62467
2025-02-05 18:45:00,0.61073
2025-02-05 19:00:00,0.71474
2025-02-05 19:15:00,0.46097
2025-02-05 19:30:00,0.64404
2025-02-05 19:45:00,0.50416
2025-02-05 20:00:00,0.62750
2025-02-05 20:15:00,0.40579
2025-02-05 20:30:00,0.54888
2025-02-05 20:45:00,0.58657
2025-02-05 21:00:00,0.51981
2025-02-05 21:15:00,0.49418
2025-02-05 21:30:00,0.57290
2025-02-05 21:45:00,0.52913
2025-02-05 22:00:00,0.71352
2025-02-05 22:15:00,0.53925
2025-02-05 22:30:00,0.50637
2025-02-05 22:45:00,0.47592
2025-02-05 23:00:00,0.49245
2025-02-05 23:15:00,0.60930
2025-02-05 23:30:00,0.69914
2025-02-05 23:45:00,0.59747
2025-02-06 00:00:00,0.56251
2025-02-06 00:15:00,0.66075
2025-02-06 00:30:00,0.54004
2025-02-06 00:45:00,0.55338
2025-02-06 01:00:00,0.64895
2025-02-06 01:15:00,0.53365
2025-02-06 01:30:00,0.53505
2025-02-06 01:45:00,0.55310
2025-02-06 02:00:00,0.58670
2025-02-06 02:15:00,0.68067
2025-02-06 02:30:00,0.60873
2025-02-06 02:45:00,0.52687
2025-02-06 03:00:00,0.39410
2025-02-06 03:15:00,0.57695
2025-02-06 03:30:00,0.59123
2025-02-06 03:45:00,0.54845
2025-02-06 04:00:00,0.53903
2025-02-06 04:15:00,0.65247
2025-02-06 04:30:00,0.71347
2025-02-06 04:45:00,0.65940
2025-02-06 05:00:00,0.70781
2025-02-06 05:15:00,0.49340
2025-02-06 05:30:00,0.44888
2025-02-06 05:45:00,0.61627
2025-02-06 06:00:00,0.50644
2025-02-06 06:15:00,0.32432
2025-02-06 06:30:00,0.47500
2025-02-06 06:45:00,0.48822
2025-02-06 07:00:00,0.51318
2025-02-06 07:15:00,0.81611
2025-02-06 07:30:00,0.53100
2025-02-06 07:45:00,0.57082
2025-02-06 08:00:00,0.51482
2025-02-06 08:15:00,0.64331
2025-02-06 08:30:00,0.78249
2025-02-06 08:45:00,0.73048
2025-02-06 09:00:00,0.55253
2025-02-06 09:15:00,0.54656
2025-02-06 09:30:00,0.70983
2025-02-06 09:45:00,0.79699
2025-02-06 10:00:00,0.71725
2025-02-06 10:15:00,0.83600
2025-02-06 10:30:00,0.68368
2025-02-06 10:45:00,0.69462
2025-02-06 11:00:00,0.62195
2025-02-06 11:15:00,0.60080
2025-02-06 11:30:00,0.67198
2025-02-06 11:45:00,0.73219
2025-02-06 12:00:00,0.71484
2025-02-06 12:15:00,0.80236
2025-02-06 12:30:00,0.71045
2025-02-06 12:45:00,0.64618
2025-02-06 13:00:00,0.65379
2025-02-06 13:15:00,0.50285
2025-02-06 13:30:00,0.69786
2025-02-06 13:45:00,0.68136
2025-02-06 14:00:00,0.70977
2025-02-06 14:15:00,0.79102
2025-02-06 14:30:00,0.66985
2025-02-06 14:45:00,0.88052
2025-02-06 15:00:00,0.81503
2025-02-06 15:15:00,0.82294
2025-02-06 15:30:00,0.65792
2025-02-06 15:45:00,0.67765
2025-02-06 16:00:00,0.44918
2025-02-06 16:15:00,0.52626
2025-02-06 16:30:00,0.39255
2025-02-06 16:45:00,0.69137
2025-02-06 17:00:00,0.62018
2025-02-06 17:15:00,0.65789
2025-02-06 17:30:00,0.66326
2025-02-06 17:45:00,0.68586
2025-02-06 18:00:00,0.57154
2025-02-06 18:15:00,0.69594
2025-02-06 18:30:00,0.72489
2025-02-06 18:45:00,0.81140
2025-02-06 19:00:00,0.60648
2025-02-06 19:15:00,0.71185
2025-02-06 19:30:00,0.79299
2025-02-06 19:45:00,0.63026
2025-02-06 20:00:00,0.76485
2025-02-06 20:15:00,0.44780
2025-02-06 20:30:00,0.56734
2025-02-06 20:45:00,0.51257
2025-02-06 21:00:00,0.40100
2025-02-06 21:15:00,0.49576
2025-02-06 21:30:00,0.70745
2025-02-06 21:45:00,0.67409
2025-02-06 22:00:00,0.63196
2025-02-06 22:15:00,0.48700
2025-02-06 22:30:00,0.47866
2025-02-06 22:45:00,0.46957
2025-02-06 23:00:00,0.46227
2025-02-06 23:15:00,0.50288
2025-02-06 23:30:00,0.45915
2025-02-06 23:45:00,0.52055
2025-02-07 00:00:00,0.32419
2025-02-07 00:15:00,0.46698
2025-02-07 00:30:00,0.32656
2025-02-07 00:45:00,0.55917
2025-02-07 01:00:00,0.60245
2025-02-07 01:15:00,0.36403
2025-02-07 01:30:00,0.54948
2025-02-07 01:45:00,0.63349
2025-02-07 02:00:00,0.54120
2025-02-07 02:15:00,0.48781
2025-02-07 02:30:00,0.64222
2025-02-07 02:45:00,0.62953
2025-02-07 03:00:00,0.36024
2025-02-07 03:15:00,0.61998
2025-02-07 03:30:00,0.45487
2025-02-07 03:45:00,0.72445
2025-02-07 04:00:00,0.57826
2025-02-07 04:15:00,0.64610
2025-02-07 04:30:00,0.60116
2025-02-07 04:45:00,0.61602
2025-02-07 05:00:00,0.54177
2025-02-07 05:15:00,0.49067
2025-02-07 05:30:00,0.49056
2025-02-07 05:45:00,0.61593
2025-02-07 06:00:00,0.72222
2025-02-07 06:15:00,0.44697
2025-02-07 06:30:00,0.52910
2025-02-07 06:45:00,0.57200
2025-02-07 07:00:00,0.68580
2025-02-07 07:15:00,0.50893
2025-02-07 07:30:00,0.58726
2025-02-07 07:45:00,0.60097
2025-02-07 08:00:00,0.65977
2025-02-07 08:15:00,0.68422
2025-02-07 08:30:00,0.55563
2025-02-07 08:45:00,0.81662
2025-02-07 09:00:00,0.66256
2025-02-07 09:15:00,0.70424
2025-02-07 09:30:00,0.68150
2025-02-07 09:45:00,0.58605
2025-02-07 10:00:00,0.60231
2025-02-07 10:15:00,0.69800
2025-02-07 10:30:00,0.71543
2025-02-07 10:45:00,0.93698
2025-02-07 11:00:00,0.79905
2025-02-07 11:15:00,0.71719
2025-02-07 11:30:00,0.76682
2025-02-07 11:45:00,0.52370
2025-02-07 12:00:00,0.64571
2025-02-07 12:15:00,0.47882
2025-02-07 12:30:00,0.56072
2025-02-07 12:45:00,0.58601
2025-02-07 13:00:00,0.54360
2025-02-07 13:15:00,0.61170
2025-02-07 13:30:00,0.70479
2025-02-07 13:45:00,0.59938
2025-02-07 14:00:00,0.61792
2025-02-07 14:15:00,0.64739
2025-02-07 14:30:00,0.50094
2025-02-07 14:45:00,0.76401
2025-02-07 15:00:00,0.65190
2025-02-07 15:15:00,0.66594
2025-02-07 15:30:00,0.58100
2025-02-07 15:45:00,0.52635
2025-02-07 16:00:00,0.63110
2025-02-07 16:15:00,0.68782
2025-02-07 16:30:00,0.63508
2025-02-07 16:45:00,0.53696
2025-02-07 17:00:00,0.70561
2025-02-07 17:15:00,0.67674
2025-02-07 17:30:00,0.85848
2025-02-07 17:45:00,0.57024
2025-02-07 18:00:00,0.66749
2025-02-07 18:15:00,0.61473
2025-02-07 18:30:00,0.67787
2025-02-07 18:45:00,0.63496
2025-02-07 19:00:00,0.50933
2025-02-07 19:15:00,0.57665
2025-02-07 19:30:00,0.60551
2025-02-07 19:45:00,0.75056
2025-02-07 20:00:00,0.61183
2025-02-07 20:15:00,0.54356
2025-02-07 20:30:00,0.56634
2025-02-07 20:45:00,0.43564
2025-02-07 21:00:00,0.48803
2025-02-07 21:15:00,0.52183
2025-02-07 21:30:00,0.55891
2025-02-07 21:45:00,0.47138
2025-02-07 22:00:00,0.37526
2025-02-07 22:15:00,0.51783
2025-02-07 22:30:00,0.45541
2025-02-07 22:45:00,0.31262
2025-02-07 23:00:00,0.44697
2025-02-07 23:15:00,0.43937
2025-02-07 23:30:00,0.44223
2025-02-07 23:45:00,0.59777
2025-02-08 00:00:00,0.48376
2025-02-08 00:15:00,0.58534
2025-02-08 00:30:00,0.59117
2025-02-08 00:45:00,0.52531
2025-02-08 01:00:00,0.43986
2025-02-08 01:15:00,0.63344
2025-02-08 01:30:00,0.53829
2025-02-08 01:45:00,0.57000
2025-02-08 02:00:00,0.36720
2025-02-08 02:15:00,0.43759
2025-02-08 02:30:00,0.51063
2025-02-08 02:45:00,0.39675
2025-02-08 03:00:00,0.47450
2025-02-08 03:15:00,0.39585
2025-02-08 03:30:00,0.65455
2025-02-08 03:45:00,0.56175
2025-02-08 04:00:00,0.45448
2025-02-08 04:15:00,0.41238
2025-02-08 04:30:00,0.34484
2025-02-08 04:45:00,0.35529
2025-02-08 05:00:00,0.37732
2025-02-08 05:15:00,0.46431
2025-02-08 05:30:00,0.68989
2025-02-08 05:45:00,0.60707
2025-02-08 06:00:00,0.65495
2025-02-08 06:15:00,0.54687
2025-02-08 06:30:00,0.44710
2025-02-08 06:45:00,0.49124
2025-02-08 07:00:00,0.67739
2025-02-08 07:15:00,0.65821
2025-02-08 07:30:00,0.55117
2025-02-08 07:45:00,0.60769
2025-02-08 08:00:00,0.63293
2025-02-08 08:15:00,0.71036
2025-02-08 08:30:00,0.54270
2025-02-08 08:45:00,0.71760
2025-02-08 09:00:00,0.54579
2025-02-08 09:15:00,0.64640
2025-02-08 09:30:00,0.76677
2025-02-08 09:45:00,0.67867
2025-02-08 10:00:00,0.83743
2025-02-08 10:15:00,0.83538
2025-02-08 10:30:00,0.62569
2025-02-08 10:45:00,0.46644
2025-02-08 11:00:00,0.48257
2025-02-08 11:15:00,0.47210
2025-02-08 11:30:00,0.64480
2025-02-08 11:45:00,0.66410
2025-02-08 12:00:00,0.72923
2025-02-08 12:15:00,0.63111
2025-02-08 12:30:00,0.75779
2025-02-08 12:45:00,0.91298
2025-02-08 13:00:00,0.79912
2025-02-08 13:15:00,0.55983
2025-02-08 13:30:00,0.67583
2025-02-08 13:45:00,0.77233
2025-02-08 14:00:00,0.84740
2025-02-08 14:15:00,0.69176
2025-02-08 14:30:00,0.59910
2025-02-08 14:45:00,0.64888
2025-02-08 15:00:00,0.67266
2025-02-08 15:15:00,0.80250
2025-02-08 15:30:00,0.67254
2025-02-08 15:45:00,0.70170
2025-02-08 16:00:00,0.67605
2025-02-08 16:15:00,0.79510
2025-02-08 16:30:00,0.70941
2025-02-08 16:45:00,0.72496
2025-02-08 17:00:00,0.65337
2025-02-08 17:15:00,0.67290
2025-02-08 17:30:00,0.73071
2025-02-08 17:45:00,0.47424
2025-02-08 18:00:00,0.56160
2025-02-08 18:15:00,0.53429
2025-02-08 18:30:00,0.51040
2025-02-08 18:45:00,0.59921
2025-02-08 19:00:00,0.62596
2025-02-08 19:15:00,0.70001
2025-02-08 19:30:00,0.80110
2025-02-08 19:45:00,0.57862
2025-02-08 20:00:00,0.55797
2025-02-08 20:15:00,0.63232
2025-02-08 20:30:00,0.61367
2025-02-08 20:45:00,0.75466
2025-02-08 21:00:00,0.55692
2025-02-08 21:15:00,0.61630
2025-02-08 21:30:00,0.48985
2025-02-08 21:45:00,0.63442
2025-02-08 22:00:00,0.70535
2025-02-08 22:15:00,0.62075
2025-02-08 22:30:00,0.59195
2025-02-08 22:45:00,0.35670
2025-02-08 23:00:00,0.40457
2025-02-08 23:15:00,0.43915
2025-02-08 23:30:00,0.18372
2025-02-08 23:45:00,0.35467
2025-02-09 00:00:00,0.45370
2025-02-09 00:15:00,0.58462
2025-02-09 00:30:00,0.41322
2025-02-09 00:45:00,0.56861
2025-02-09 01:00:00,0.53994
2025-02-09 01:15:00,0.66662
2025-02-09 01:30:00,0.71557
2025-02-09 01:45:00,0.74922
2025-02-09 02:00:00,0.64748
2025-02-09 02:15:00,0.53064
2025-02-09 02:30:00,0.65005
2025-02-09 02:45:00,0.55651
2025-02-09 03:00:00,0.50373
2025-02-09 03:15:00,0.47334
2025-02-09 03:30:00,0.50829
2025-02-09 03:45:00,0.57848
2025-02-09 04:00:00,0.65517
2025-02-09 04:15:00,0.53606
2025-02-09 04:30:00,0.60816
2025-02-09 04:45:00,0.39657
2025-02-09 05:00:00,0.46379
2025-02-09 05:15:00,0.63070
2025-02-09 05:30:00,0.55001
2025-02-09 05:45:00,0.50556
2025-02-09 06:00:00,0.47548
2025-02-09 06:15:00,0.47203
2025-02-09 06:30:00,0.43476
2025-02-09 06:45:00,0.32205
2025-02-09 07:00:00,0.44810
2025-02-09 07:15:00,0.45294
2025-02-09 07:30:00,0.37052
2025-02-09 07:45:00,0.55488
2025-02-09 08:00:00,0.49010
2025-02-09 08:15:00,0.73867
2025-02-09 08:30:00,0.46474
2025-02-09 08:45:00,0.57623
2025-02-09 09:00:00,0.75978
2025-02-09 09:15:00,0.77563
2025-02-09 09:30:00,0.50227
2025-02-09 09:45:00,0.61228
2025-02-09 10:00:00,0.66109
2025-02-09 10:15:00,0.72405
2025-02-09 10:30:00,0.66416
2025-02-09 10:45:00,0.69781
2025-02-09 11:00:00,0.82350
2025-02-09 11:15:00,0.68515
2025-02-09 11:30:00,0.74143
2025-02-09 11:45:00,0.54558
2025-02-09 12:00:00,0.58154
2025-02-09 12:15:00,0.58830
2025-02-09 12:30:00,0.80559
2025-02-09 12:45:00,0.90381
2025-02-09 13:00:00,0.64425
2025-02-09 13:15:00,0.68332
2025-02-09 13:30:00,0.64803
2025-02-09 13:45:00,0.71119
2025-02-09 14:00:00,0.62391
2025-02-09 14:15:00,0.68241
2025-02-09 14:30:00,0.68262
2025-02-09 14:45:00,0.76626
2025-02-09 15:00:00,0.52818
2025-02-09 15:15:00,0.74814
2025-02-09 15:30:00,0.65809
2025-02-09 15:45:00,0.53505
2025-02-09 16:00:00,0.67710
2025-02-09 16:15:00,0.62692
2025-02-09 16:30:00,0.81687
2025-02-09 16:45:00,0.60789
2025-02-09 17:00:00,0.62534
2025-02-09 17:15:00,0.73785
2025-02-09 17:30:00,0.62846
2025-02-09 17:45:00,0.57699
2025-02-09 18:00:00,0.79508
2025-02-09 18:15:00,0.69394
2025-02-09 18:30:00,0.64016
2025-02-09 18:45:00,0.57069
2025-02-09 19:00:00,0.54428
2025-02-09 19:15:00,0.54931
2025-02-09 19:30:00,0.56460
2025-02-09 19:45:00,0.55285
2025-02-09 20:00:00,0.51464
2025-02-09 20:15:00,0.66401
2025-02-09 20:30:00,0.47363
2025-02-09 20:45:00,0.31863
2025-02-09 21:00:00,0.51734
2025-02-09 21:15:00,0.55268
2025-02-09 21:30:00,0.45253
2025-02-09 21:45:00,0.38950
2025-02-09 22:00:00,0.57272
2025-02-09 22:15:00,0.62698
2025-02-09 22:30:00,0.51201
2025-02-09 22:45:00,0.52048
2025-02-09 23:00:00,0.57167
2025-02-09 23:15:00,0.42606
2025-02-09 23:30:00,0.51595
2025-02-09 23:45:00,0.64003
2025-02-10 00:00:00,0.59562
2025-02-10 00:15:00,0.62456
2025-02-10 00:30:00,0.66159
2025-02-10 00:45:00,0.59539
2025-02-10 01:00:00,0.50058
2025-02-10 01:15:00,0.54745
2025-02-10 01:30:00,0.57124
2025-02-10 01:45:00,0.49612
2025-02-10 02:00:00,0.50647
2025-02-10 02:15:00,0.44931
2025-02-10 02:30:00,0.60655
2025-02-10 02:45:00,0.44790
2025-02-10 03:00:00,0.42939
2025-02-10 03:15:00,0.43645
2025-02-10 03:30:00,0.57032
2025-02-10 03:45:00,0.68221
2025-02-10 04:00:00,0.51076
2025-02-10 04:15:00,0.52954
2025-02-10 04:30:00,0.64495
2025-02-10 04:45:00,0.51709
2025-02-10 05:00:00,0.40150
2025-02-10 05:15:00,0.49476
2025-02-10 05:30:00,0.47646
2025-02-10 05:45:00,0.62270
2025-02-10 06:00:00,0.64256
2025-02-10 06:15:00,0.73972
2025-02-10 06:30:00,0.61324
2025-02-10 06:45:00,0.45622
2025-02-10 07:00:00,0.53481
2025-02-10 07:15:00,0.67886
2025-02-10 07:30:00,0.44801
2025-02-10 07:45:00,0.54903
2025-02-10 08:00:00,0.75226
2025-02-10 08:15:00,0.56027
2025-02-10 08:30:00,0.68187
2025-02-10 08:45:00,0.47637
2025-02-10 09:00:00,0.60489
2025-02-10 09:15:00,0.65609
2025-02-10 09:30:00,0.64524
2025-02-10 09:45:00,0.70415
2025-02-10 10:00:00,0.68683
2025-02-10 10:15:00,0.78053
2025-02-10 10:30:00,0.64716
2025-02-10 10:45:00,0.77832
2025-02-10 11:00:00,0.53080
2025-02-10 11:15:00,0.84316
2025-02-10 11:30:00,0.83864
2025-02-10 11:45:00,0.85584
2025-02-10 12:00:00,0.75767
2025-02-10 12:15:00,0.67984
2025-02-10 12:30:00,0.64681
2025-02-10 12:45:00,0.81530
2025-02-10 13:00:00,0.82292
2025-02-10 13:15:00,0.79716
2025-02-10 13:30:00,0.61860
2025-02-10 13:45:00,0.68239
2025-02-10 14:00:00,0.69735
2025-02-10 14:15:00,0.67798
2025-02-10 14:30:00,0.63476
2025-02-10 14:45:00,0.53882
2025-02-10 15:00:00,0.91486
2025-02-10 15:15:00,0.81548
2025-02-10 15:30:00,0.87009
2025-02-10 15:45:00,0.55045
2025-02-10 16:00:00,0.88458
2025-02-10 16:15:00,0.60220
2025-02-10 16:30:00,0.69825
2025-02-10 16:45:00,0.67128
2025-02-10 17:00:00,0.73889
2025-02-10 17:15:00,0.70271
2025-02-10 17:30:00,0.78826
2025-02-10 17:45:00,0.58397
2025-02-10 18:00:00,0.61202
2025-02-10 18:15:00,0.64153
2025-02-10 18:30:00,0.46997
2025-02-10 18:45:00,0.39588
2025-02-10 19:00:00,0.46099
2025-02-10 19:15:00,0.64180
2025-02-10 19:30:00,0.63819
2025-02-10 19:45:00,0.81106
2025-02-10 20:00:00,0.87969
2025-02-10 20:15:00,0.63032
2025-02-10 20:30:00,0.62441
2025-02-10 20:45:00,0.52692
2025-02-10 21:00:00,0.59147
2025-02-10 21:15:00,0.55421
2025-02-10 21:30:00,0.42452
2025-02-10 21:45:00,0.44020
2025-02-10 22:00:00,0.58196
2025-02-10 22:15:00,0.52202
2025-02-10 22:30:00,0.43338
2025-02-10 22:45:00,0.68153
2025-02-10 23:00:00,0.79172
2025-02-10 23:15:00,0.60738
2025-02-10 23:30:00,0.67514
2025-02-10 23:45:00,0.69193
2025-02-11 00:00:00,0.62784
2025-02-11 00:15:00,0.38820
2025-02-11 00:30:00,0.47035
2025-02-11 00:45:00,0.58417
2025-02-11 01:00:00,0.53070
2025-02-11 01:15:00,0.69796
2025-02-11 01:30:00,0.58186
2025-02-11 01:45:00,0.54886
2025-02-11 02:00:00,0.45556
2025-02-11 02:15:00,0.49224
2025-02-11 02:30:00,0.53078
2025-02-11 02:45:00,0.52987
2025-02-11 03:00:00,0.60706
2025-02-11 03:15:00,0.71976
2025-02-11 03:30:00,0.72937
2025-02-11 03:45:00,0.74821
2025-02-11 04:00:00,0.61330
2025-02-11 04:15:00,0.37259
2025-02-11 04:30:00,0.36854
2025-02-11 04:45:00,0.40736
2025-02-11 05:00:00,0.51042
2025-02-11 05:15:00,0.39489
2025-02-11 05:30:00,0.55815
2025-02-11 05:45:00,0.53763
2025-02-11 06:00:00,0.62683
2025-02-11 06:15:00,0.74628
2025-02-11 06:30:00,0.52746
2025-02-11 06:45:00,0.60706
2025-02-11 07:00:00,0.44712
2025-02-11 07:15:00,0.50804
2025-02-11 07:30:00,0.59485
2025-02-11 07:45:00,0.59170
2025-02-11 08:00:00,0.47337
2025-02-11 08:15:00,0.58884
2025-02-11 08:30:00,0.61211
2025-02-11 08:45:00,0.55444
2025-02-11 09:00:00,0.61596
2025-02-11 09:15:00,0.69610
2025-02-11 09:30:00,0.83849
2025-02-11 09:45:00,0.69563
2025-02-11 10:00:00,0.69254
2025-02-11 10:15:00,0.46053
2025-02-11 10:30:00,0.58184
2025-02-11 10:45:00,0.63276
2025-02-11 11:00:00,0.76078
2025-02-11 11:15:00,0.69617
2025-02-11 11:30:00,0.76717
2025-02-11 11:45:00,0.58565
2025-02-11 12:00:00,0.73887
2025-02-11 12:15:00,0.88020
2025-02-11 12:30:00,0.74817
2025-02-11 12:45:00,0.65252
2025-02-11 13:00:00,0.80034
2025-02-11 13:15:00,0.72936
2025-02-11 13:30:00,0.85399
2025-02-11 13:45:00,0.87927
2025-02-11 14:00:00,0.72776
2025-02-11 14:15:00,0.77696
2025-02-11 14:30:00,0.64559
2025-02-11 14:45:00,0.41486
2025-02-11 15:00:00,0.51087
2025-02-11 15:15:00,0.54001
2025-02-11 15:30:00,0.50287
2025-02-11 15:45:00,0.40211
2025-02-11 16:00:00,0.58404
2025-02-11 16:15:00,0.72237
2025-02-11 16:30:00,0.81013
2025-02-11 16:45:00,0.70735
2025-02-11 17:00:00,0.55890
2025-02-11 17:15:00,0.70969
2025-02-11 17:30:00,0.65975
2025-02-11 17:45:00,0.59345
2025-02-11 18:00:00,0.64157
2025-02-11 18:15:00,0.67732
2025-02-11 18:30:00,0.57276
2025-02-11 18:45:00,0.60932
2025-02-11 19:00:00,0.51551
2025-02-11 19:15:00,0.53548
2025-02-11 19:30:00,0.45390
2025-02-11 19:45:00,0.60606
2025-02-11 20:00:00,0.69967
2025-02-11 20:15:00,0.66417
2025-02-11 20:30:00,0.71873
2025-02-11 20:45:00,0.49652
2025-02-11 21:00:00,0.66918
2025-02-11 21:15:00,0.56383
2025-02-11 21:30:00,0.63719
2025-02-11 21:45:00,0.59731
2025-02-11 22:00:00,0.60836
2025-02-11 22:15:00,0.63171
2025-02-11 22:30:00,0.65290
2025-02-11 22:45:00,0.71380
2025-02-11 23:00:00,0.46906
2025-02-11 23:15:00,0.50083
2025-02-11 23:30:00,0.38749
2025-02-11 23:45:00,0.44162
2025-02-12 00:00:00,0.52189
2025-02-12 00:15:00,0.57360
2025-02-12 00:30:00,0.72132
2025-02-12 00:45:00,0.61791
2025-02-12 01:00:00,0.57059
2025-02-12 01:15:00,0.51311
2025-02-12 01:30:00,0.42840
2025-02-12 01:45:00,0.40118
2025-02-12 02:00:00,0.56461
2025-02-12 02:15:00,0.61995
2025-02-12 02:30:00,0.63127
2025-02-12 02:45:00,0.66044
2025-02-12 03:00:00,0.59285
2025-02-12 03:15:00,0.58412
2025-02-12 03:30:00,0.36371
2025-02-12 03:45:00,0.53167
2025-02-12 04:00:00,0.59101
2025-02-12 04:15:00,0.53284
2025-02-12 04:30:00,0.58940
2025-02-12 04:45:00,0.63607
2025-02-12 05:00:00,0.63066
2025-02-12 05:15:00,0.54053
2025-02-12 05:30:00,0.39200
2025-02-12 05:45:00,0.44977
2025-02-12 06:00:00,0.46538
2025-02-12 06:15:00,0.55862
2025-02-12 06:30:00,0.44967
2025-02-12 06:45:00,0.34472
2025-02-12 07:00:00,0.43975
2025-02-12 07:15:00,0.43419
2025-02-12 07:30:00,0.62509
2025-02-12 07:45:00,0.46724
2025-02-12 08:00:00,0.60643
2025-02-12 08:15:00,0.49655
2025-02-12 08:30:00,0.63335
2025-02-12 08:45:00,0.73089
2025-02-12 09:00:00,0.71405
2025-02-12 09:15:00,0.65316
2025-02-12 09:30:00,0.58931
2025-02-12 09:45:00,0.59882
2025-02-12 10:00:00,0.67509
2025-02-12 10:15:00,0.72893
2025-02-12 10:30:00,0.67834
2025-02-12 10:45:00,0.82831
2025-02-12 11:00:00,0.56285
2025-02-12 11:15:00,0.48623
2025-02-12 11:30:00,0.44005
2025-02-12 11:45:00,0.41802
2025-02-12 12:00:00,0.60695
2025-02-12 12:15:00,0.62402
2025-02-12 12:30:00,0.59814
2025-02-12 12:45:00,0.48593
2025-02-12 13:00:00,0.64659
2025-02-12 13:15:00,0.64950
2025-02-12 13:30:00,0.64512
2025-02-12 13:45:00,0.62709
2025-02-12 14:00:00,0.61933
2025-02-12 14:15:00,0.81326
2025-02-12 14:30:00,0.82167
2025-02-12 14:45:00,0.91075
2025-02-12 15:00:00,0.86321
2025-02-12 15:15:00,0.68383
2025-02-12 15:30:00,0.80903
2025-02-12 15:45:00,0.86502
2025-02-12 16:00:00,0.82147
2025-02-12 16:15:00,0.79398
2025-02-12 16:30:00,0.81722
2025-02-12 16:45:00,0.83981
2025-02-12 17:00:00,0.67030
2025-02-12 17:15:00,0.80483
2025-02-12 17:30:00,0.78618
2025-02-12 17:45:00,0.71845
2025-02-12 18:00:00,0.65950
2025-02-12 18:15:00,0.50150
2025-02-12 18:30:00,0.64876
2025-02-12 18:45:00,0.58092
2025-02-12 19:00:00,0.61907
2025-02-12 19:15:00,0.48438
2025-02-12 19:30:00,0.58654
2025-02-12 19:45:00,0.55182
2025-02-12 20:00:00,0.31439
2025-02-12 20:15:00,0.46895
2025-02-12 20:30:00,0.53267
2025-02-12 20:45:00,0.64545
2025-02-12 21:00:00,0.64699
2025-02-12 21:15:00,0.66114
2025-02-12 21:30:00,0.56820
2025-02-12 21:45:00,0.47644
2025-02-12 22:00:00,0.51548
2025-02-12 22:15:00,0.66842
2025-02-12 22:30:00,0.63335
2025-02-12 22:45:00,0.56584
2025-02-12 23:00:00,0.50830
2025-02-12 23:15:00,0.64824
2025-02-12 23:30:00,0.74581
2025-02-12 23:45:00,0.71107
2025-02-13 00:00:00,0.53456
2025-02-13 00:15:00,0.45695
2025-02-13 00:30:00,0.43189
2025-02-13 00:45:00,0.57159
2025-02-13 01:00:00,0.61532
2025-02-13 01:15:00,0.55122
2025-02-13 01:30:00,0.43328
2025-02-13 01:45:00,0.38896
2025-02-13 02:00:00,0.41469
2025-02-13 02:15:00,0.56171
2025-02-13 02:30:00,0.51671
2025-02-13 02:45:00,0.53289
2025-02-13 03:00:00,0.68440
2025-02-13 03:15:00,0.52616
2025-02-13 03:30:00,0.70997
2025-02-13 03:45:00,0.72471
2025-02-13 04:00:00,0.62397
2025-02-13 04:15:00,0.77945
2025-02-13 04:30:00,0.44256
2025-02-13 04:45:00,0.52725
2025-02-13 05:00:00,0.57342
2025-02-13 05:15:00,0.60632
2025-02-13 05:30:00,0.58152
2025-02-13 05:45:00,0.49045
2025-02-13 06:00:00,0.68119
2025-02-13 06:15:00,0.66666
2025-02-13 06:30:00,0.77159
2025-02-13 06:45:00,0.71510
2025-02-13 07:00:00,0.59647
2025-02-13 07:15:00,0.35495
2025-02-13 07:30:00,0.51331
2025-02-13 07:45:00,0.59967
2025-02-13 08:00:00,0.50392
2025-02-13 08:15:00,0.59935
2025-02-13 08:30:00,0.53586
2025-02-13 08:45:00,0.62986
2025-02-13 09:00:00,0.55517
2025-02-13 09:15:00,0.75591
2025-02-13 09:30:00,0.68328
2025-02-13 09:45:00,0.73824
2025-02-13 10:00:00,0.61888
2025-02-13 10:15:00,0.60773
2025-02-13 10:30:00,0.71314
2025-02-13 10:45:00,0.62092
2025-02-13 11:00:00,0.63741
2025-02-13 11:15:00,0.59249
2025-02-13 11:30:00,0.48961
2025-02-13 11:45:00,0.64235
2025-02-13 12:00:00,0.73791
2025-02-13 12:15:00,0.65871
2025-02-13 12:30:00,0.87869
2025-02-13 12:45:00,0.78232
2025-02-13 13:00:00,0.71734
2025-02-13 13:15:00,0.54508
2025-02-13 13:30:00,0.53051
2025-02-13 13:45:00,0.67784
2025-02-13 14:00:00,0.75193
2025-02-13 14:15:00,0.74160
2025-02-13 14:30:00,0.59022
2025-02-13 14:45:00,0.44100
2025-02-13 15:00:00,0.56856
2025-02-13 15:15:00,0.79682
2025-02-13 15:30:00,0.77832
2025-02-13 15:45:00,0.74259
2025-02-13 16:00:00,0.77223
2025-02-13 16:15:00,0.71056
2025-02-13 16:30:00,0.49128
2025-02-13 16:45:00,0.65784
2025-02-13 17:00:00,0.64317
2025-02-13 17:15:00,0.42182
2025-02-13 17:30:00,0.64778
2025-02-13 17:45:00,0.40732
2025-02-13 18:00:00,0.59804
2025-02-13 18:15:00,0.58217
2025-02-13 18:30:00,0.55917
2025-02-13 18:45:00,0.54255
2025-02-13 19:00:00,0.62119
2025-02-13 19:15:00,0.67306
2025-02-13 19:30:00,0.81729
2025-02-13 19:45:00,0.77845
2025-02-13 20:00:00,0.79019
2025-02-13 20:15:00,0.54904
2025-02-13 20:30:00,0.54293
2025-02-13 20:45:00,0.56703
2025-02-13 21:00:00,0.53189
2025-02-13 21:15:00,0.53463
2025-02-13 21:30:00,0.70344
2025-02-13 21:45:00,0.69666
2025-02-13 22:00:00,0.73692
2025-02-13 22:15:00,0.65560
2025-02-13 22:30:00,0.53715
2025-02-13 22:45:00,0.57051
2025-02-13 23:00:00,0.63960
2025-02-13 23:15:00,0.57315
2025-02-13 23:30:00,0.75188
2025-02-13 23:45:00,0.76487
2025-02-14 00:00:00,0.64671
2025-02-14 00:15:00,0.60137
2025-02-14 00:30:00,0.68651
2025-02-14 00:45:00,0.67669
2025-02-14 01:00:00,0.70082
2025-02-14 01:15:00,0.41206
2025-02-14 01:30:00,0.26039
2025-02-14 01:45:00,0.42305
2025-02-14 02:00:00,0.47930
2025-02-14 02:15:00,0.35429
2025-02-14 02:30:00,0.57578
2025-02-14 02:45:00,0.52236
2025-02-14 03:00:00,0.51777
2025-02-14 03:15:00,0.45330
2025-02-14 03:30:00,0.40768
2025-02-14 03:45:00,0.55440
2025-02-14 04:00:00,0.54162
2025-02-14 04:15:00,0.52415
2025-02-14 04:30:00,0.49352
2025-02-14 04:45:00,0.58524
2025-02-14 05:00:00,0.62072
2025-02-14 05:15:00,0.44538
2025-02-14 05:30:00,0.52838
2025-02-14 05:45:00,0.35814
2025-02-14 06:00:00,0.53575
2025-02-14 06:15:00,0.59920
2025-02-14 06:30:00,0.60726
2025-02-14 06:45:00,0.42059
2025-02-14 07:00:00,0.28757
2025-02-14 07:15:00,0.39341
2025-02-14 07:30:00,0.50352
2025-02-14 07:45:00,0.44107
2025-02-14 08:00:00,0.41532
2025-02-14 08:15:00,0.58328
2025-02-14 08:30:00,0.41036
2025-02-14 08:45:00,0.73941
2025-02-14 09:00:00,0.76014
2025-02-14 09:15:00,0.75785
2025-02-14 09:30:00,0.74542
2025-02-14 09:45:00,0.64041
2025-02-14 10:00:00,0.65467
2025-02-14 10:15:00,0.65278
2025-02-14 10:30:00,0.86285
2025-02-14 10:45:00,0.74753
2025-02-14 11:00:00,0.70393
2025-02-14 11:15:00,0.62213
2025-02-14 11:30:00,0.70233
2025-02-14 11:45:00,0.77282
2025-02-14 12:00:00,0.58284
2025-02-14 12:15:00,0.79200
2025-02-14 12:30:00,0.64125
2025-02-14 12:45:00,0.62422
2025-02-14 13:00:00,0.61374
2025-02-14 13:15:00,0.69828
2025-02-14 13:30:00,0.83884
2025-02-14 13:45:00,0.72600
2025-02-14 14:00:00,0.71095
2025-02-14 14:15:00,0.77168
2025-02-14 14:30:00,0.96886
2025-02-14 14:45:00,1.01168
2025-02-14 15:00:00,0.85321
2025-02-14 15:15:00,0.59778
2025-02-14 15:30:00,0.51256
2025-02-14 15:45:00,0.63365
2025-02-14 16:00:00,0.41668
2025-02-14 16:15:00,0.62582
2025-02-14 16:30:00,0.57634
2025-02-14 16:45:00,0.68553
2025-02-14 17:00:00,0.69052
2025-02-14 17:15:00,0.72873
2025-02-14 17:30:00,0.57788
2025-02-14 17:45:00,0.73465
2025-02-14 18:00:00,0.53148
2025-02-14 18:15:00,0.49679
2025-02-14 18:30:00,0.54668
2025-02-14 18:45:00,0.80169
2025-02-14 19:00:00,0.59584
2025-02-14 19:15:00,0.52220
2025-02-14 19:30:00,0.98354
2025-02-14 19:45:00,0.49994
2025-02-14 20:00:00,0.37127
2025-02-14 20:15:00,0.53201
2025-02-14 20:30:00,0.54467
2025-02-14 20:45:00,0.71909
2025-02-14 21:00:00,0.59555
2025-02-14 21:15:00,0.64509
2025-02-14 21:30:00,0.66518
2025-02-14 21:45:00,0.57522
2025-02-14 22:00:00,0.48911
2025-02-14 22:15:00,0.65298
2025-02-14 22:30:00,0.62039
2025-02-14 22:45:00,0.52700
2025-02-14 23:00:00,0.58608
2025-02-14 23:15:00,0.70030
2025-02-14 23:30:00,0.53329
2025-02-14 23:45:00,0.76467
2025-02-15 00:00:00,0.81413
2025-02-15 00:15:00,0.67131
2025-02-15 00:30:00,0.64941
2025-02-15 00:45:00,0.51479
2025-02-15 01:00:00,0.54282
2025-02-15 01:15:00,0.55826
2025-02-15 01:30:00,0.69544
2025-02-15 01:45:00,0.60080
2025-02-15 02:00:00,0.48457
2025-02-15 02:15:00,0.55016
2025-02-15 02:30:00,0.49612
2025-02-15 02:45:00,0.46718
2025-02-15 03:00:00,0.65047
2025-02-15 03:15:00,0.71431
2025-02-15 03:30:00,0.68725
2025-02-15 03:45:00,0.55284
2025-02-15 04:00:00,0.40257
2025-02-15 04:15:00,0.31073
2025-02-15 04:30:00,0.40764
2025-02-15 04:45:00,0.46037
2025-02-15 05:00:00,0.43533
2025-02-15 05:15:00,0.38390
2025-02-15 05:30:00,0.49667
2025-02-15 05:45:00,0.65902
2025-02-15 06:00:00,0.43343
2025-02-15 06:15:00,0.50045
2025-02-15 06:30:00,0.60090
2025-02-15 06:45:00,0.77212
2025-02-15 07:00:00,0.76062
2025-02-15 07:15:00,0.66299
2025-02-15 07:30:00,0.53497
2025-02-15 07:45:00,0.59620
2025-02-15 08:00:00,0.77231
2025-02-15 08:15:00,0.40862
2025-02-15 08:30:00,0.51625
2025-02-15 08:45:00,0.70799
2025-02-15 09:00:00,0.67750
2025-02-15 09:15:00,0.69314
2025-02-15 09:30:00,0.70127
2025-02-15 09:45:00,0.57338
2025-02-15 10:00:00,0.70361
2025-02-15 10:15:00,0.65927
2025-02-15 10:30:00,0.68667
2025-02-15 10:45:00,0.57853
2025-02-15 11:00:00,0.70810
2025-02-15 11:15:00,0.59250
2025-02-15 11:30:00,0.64080
2025-02-15 11:45:00,0.71851
2025-02-15 12:00:00,0.67612
2025-02-15 12:15:00,0.78364
2025-02-15 12:30:00,0.69405
2025-02-15 12:45:00,0.67945
2025-02-15 13:00:00,0.50374
2025-02-15 13:15:00,0.48067
2025-02-15 13:30:00,0.59915
2025-02-15 13:45:00,0.60854
2025-02-15 14:00:00,0.69977
2025-02-15 14:15:00,0.72713
2025-02-15 14:30:00,0.83534
2025-02-15 14:45:00,0.78493
2025-02-15 15:00:00,0.79299
2025-02-15 15:15:00,0.76816
2025-02-15 15:30:00,0.73739
2025-02-15 15:45:00,0.61684
2025-02-15 16:00:00,0.61723
2025-02-15 16:15:00,0.59442
2025-02-15 16:30:00,0.44986
2025-02-15 16:45:00,0.48336
2025-02-15 17:00:00,0.66356
2025-02-15 17:15:00,0.70228
2025-02-15 17:30:00,0.63792
2025-02-15 17:45:00,0.62409
2025-02-15 18:00:00,0.54166
2025-02-15 18:15:00,0.64519
2025-02-15 18:30:00,0.65054
2025-02-15 18:45:00,0.65952
2025-02-15 19:00:00,0.65220
2025-02-15 19:15:00,0.68076
2025-02-15 19:30:00,0.52759
2025-02-15 19:45:00,0.49438
2025-02-15 20:00:00,0.59391
2025-02-15 20:15:00,0.72792
2025-02-15 20:30:00,0.49353
2025-02-15 20:45:00,0.57815
2025-02-15 21:00:00,0.59035
2025-02-15 21:15:00,0.60377
2025-02-15 21:30:00,0.65155
2025-02-15 21:45:00,0.57447
2025-02-15 22:00:00,0.50035
2025-02-15 22:15:00,0.53269
2025-02-15 22:30:00,0.64518
2025-02-15 22:45:00,0.56423
2025-02-15 23:00:00,0.54176
2025-02-15 23:15:00,0.65548
2025-02-15 23:30:00,0.55568
2025-02-15 23:45:00,0.49304
2025-02-16 00:00:00,0.47245
2025-02-16 00:15:00,0.60217
2025-02-16 00:30:00,0.50018
2025-02-16 00:45:00,0.47438
2025-02-16 01:00:00,0.31420
2025-02-16 01:15:00,0.56851
2025-02-16 01:30:00,0.56842
2025-02-16 01:45:00,0.66118
2025-02-16 02:00:00,0.62762
2025-02-16 02:15:00,0.38377
2025-02-16 02:30:00,0.31773
2025-02-16 02:45:00,0.45547
2025-02-16 03:00:00,0.60227
2025-02-16 03:15:00,0.72213
2025-02-16 03:30:00,0.53780
2025-02-16 03:45:00,0.65166
2025-02-16 04:00:00,0.53400
2025-02-16 04:15:00,0.57212
2025-02-16 04:30:00,0.49886
2025-02-16 04:45:00,0.42118
2025-02-16 05:00:00,0.53590
2025-02-16 05:15:00,0.57390
2025-02-16 05:30:00,0.43699
2025-02-16 05:45:00,0.54335
2025-02-16 06:00:00,0.73066
2025-02-16 06:15:00,0.78683
2025-02-16 06:30:00,0.50718
2025-02-16 06:45:00,0.39000
2025-02-16 07:00:00,0.66811
2025-02-16 07:15:00,0.56428
2025-02-16 07:30:00,0.53859
2025-02-16 07:45:00,0.41177
2025-02-16 08:00:00,0.72842
2025-02-16 08:15:00,0.67252
2025-02-16 08:30:00,0.47777
2025-02-16 08:45:00,0.68509
2025-02-16 09:00:00,0.62162
2025-02-16 09:15:00,0.50716
2025-02-16 09:30:00,0.58671
2025-02-16 09:45:00,0.43946
2025-02-16 10:00:00,0.58121
2025-02-16 10:15:00,0.71311
2025-02-16 10:30:00,0.74150
2025-02-16 10:45:00,0.74871
2025-02-16 11:00:00,0.72519
2025-02-16 11:15:00,0.72174
2025-02-16 11:30:00,0.64412
2025-02-16 11:45:00,0.66532
2025-02-16 12:00:00,0.70530
2025-02-16 12:15:00,0.63258
2025-02-16 12:30:00,0.52633
2025-02-16 12:45:00,0.67782
2025-02-16 13:00:00,0.69012
2025-02-16 13:15:00,0.69626
2025-02-16 13:30:00,0.61862
2025-02-16 13:45:00,0.52451
2025-02-16 14:00:00,0.71169
2025-02-16 14:15:00,0.44734
2025-02-16 14:30:00,0.61122
2025-02-16 14:45:00,0.54884
2025-02-16 15:00:00,0.58403
2025-02-16 15:15:00,0.48300
2025-02-16 15:30:00,0.59903
2025-02-16 15:45:00,0.64638
2025-02-16 16:00:00,0.84093
2025-02-16 16:15:00,0.53170
2025-02-16 16:30:00,0.55192
2025-02-16 16:45:00,0.57354
2025-02-16 17:00:00,0.61271
2025-02-16 17:15:00,0.51132
2025-02-16 17:30:00,0.64546
2025-02-16 17:45:00,0.78792
2025-02-16 18:00:00,0.64201
2025-02-16 18:15:00,0.58156
2025-02-16 18:30:00,0.77994
2025-02-16 18:45:00,0.58341
2025-02-16 19:00:00,0.65477
2025-02-16 19:15:00,0.54885
2025-02-16 19:30:00,0.66268
2025-02-16 19:45:00,0.64035
2025-02-16 20:00:00,0.83725
2025-02-16 20:15:00,0.54085
2025-02-16 20:30:00,0.48277
2025-02-16 20:45:00,0.35975
2025-02-16 21:00:00,0.33732
2025-02-16 21:15:00,0.41761
2025-02-16 21:30:00,0.52277
2025-02-16 21:45:00,0.59522
2025-02-16 22:00:00,0.59804
2025-02-16 22:15:00,0.54743
2025-02-16 22:30:00,0.53178
2025-02-16 22:45:00,0.50902
2025-02-16 23:00:00,0.49335
2025-02-16 23:15:00,0.40127
2025-02-16 23:30:00,0.51355
2025-02-16 23:45:00,0.50236
2025-02-17 00:00:00,0.58179
2025-02-17 00:15:00,0.42222
2025-02-17 00:30:00,0.46787
2025-02-17 00:45:00,0.40951
2025-02-17 01:00:00,0.35670
2025-02-17 01:15:00,0.31070
2025-02-17 01:30:00,0.55145
2025-02-17 01:45:00,0.53542
2025-02-17 02:00:00,0.34289
2025-02-17 02:15:00,0.38644
2025-02-17 02:30:00,0.38435
2025-02-17 02:45:00,0.51621
2025-02-17 03:00:00,0.46183
2025-02-17 03:15:00,0.45993
2025-02-17 03:30:00,0.49446
2025-02-17 03:45:00,0.70628
2025-02-17 04:00:00,0.57843
2025-02-17 04:15:00,0.58033
2025-02-17 04:30:00,0.67749
2025-02-17 04:45:00,0.57835
2025-02-17 05:00:00,0.54648
2025-02-17 05:15:00,0.37942
2025-02-17 05:30:00,0.39015
2025-02-17 05:45:00,0.87179
2025-02-17 06:00:00,0.59534
2025-02-17 06:15:00,0.49091
2025-02-17 06:30:00,0.43746
2025-02-17 06:45:00,0.65500
2025-02-17 07:00:00,0.56384
2025-02-17 07:15:00,0.57780
2025-02-17 07:30:00,0.53441
2025-02-17 07:45:00,0.61091
2025-02-17 08:00:00,0.64787
2025-02-17 08:15:00,0.69174
2025-02-17 08:30:00,0.50119
2025-02-17 08:45:00,0.69232
2025-02-17 09:00:00,0.90096
2025-02-17 09:15:00,0.59551
2025-02-17 09:30:00,0.55621
2025-02-17 09:45:00,0.72749
2025-02-17 10:00:00,0.68668
2025-02-17 10:15:00,0.74142
2025-02-17 10:30:00,0.82160
2025-02-17 10:45:00,0.57591
2025-02-17 11:00:00,0.63013
2025-02-17 11:15:00,0.74463
2025-02-17 11:30:00,0.72160
2025-02-17 11:45:00,0.66473
2025-02-17 12:00:00,0.71032
2025-02-17 12:15:00,0.80847
2025-02-17 12:30:00,0.80178
2025-02-17 12:45:00,0.88779
2025-02-17 13:00:00,0.83079
2025-02-17 13:15:00,0.70294
2025-02-17 13:30:00,0.57709
2025-02-17 13:45:00,0.78127
2025-02-17 14:00:00,0.78001
2025-02-17 14:15:00,0.70085
2025-02-17 14:30:00,0.61986
2025-02-17 14:45:00,0.66620
2025-02-17 15:00:00,0.59414
2025-02-17 15:15:00,0.59969
2025-02-17 15:30:00,0.72632
2025-02-17 15:45:00,0.60767
2025-02-17 16:00:00,0.59523
2025-02-17 16:15:00,0.77219
2025-02-17 16:30:00,0.69790
2025-02-17 16:45:00,0.84101
2025-02-17 17:00:00,0.72212
2025-02-17 17:15:00,0.59327
2025-02-17 17:30:00,0.70356
2025-02-17 17:45:00,0.67248
2025-02-17 18:00:00,0.68753
2025-02-17 18:15:00,0.76295
2025-02-17 18:30:00,0.80628
2025-02-17 18:45:00,0.92729
2025-02-17 19:00:00,0.85412
2025-02-17 19:15:00,0.59680
2025-02-17 19:30:00,0.50400
2025-02-17 19:45:00,0.66040
2025-02-17 20:00:00,0.51693
2025-02-17 20:15:00,0.43578
2025-02-17 20:30:00,0.48302
2025-02-17 20:45:00,0.50122
2025-02-17 21:00:00,0.57599
2025-02-17 21:15:00,0.58382
2025-02-17 21:30:00,0.44145
2025-02-17 21:45:00,0.60035
2025-02-17 22:00:00,0.39366
2025-02-17 22:15:00,0.57441
2025-02-17 22:30:00,0.45701
2025-02-17 22:45:00,0.56151
2025-02-17 23:00:00,0.42040
2025-02-17 23:15:00,0.49822
2025-02-17 23:30:00,0.22815
2025-02-17 23:45:00,0.40442
2025-02-18 00:00:00,0.48950
2025-02-18 00:15:00,0.47840
2025-02-18 00:30:00,0.73217
2025-02-18 00:45:00,0.60071
2025-02-18 01:00:00,0.47262
2025-02-18 01:15:00,0.56253
2025-02-18 01:30:00,0.68298
2025-02-18 01:45:00,0.50643
2025-02-18 02:00:00,0.35916
2025-02-18 02:15:00,0.50494
2025-02-18 02:30:00,0.50341
2025-02-18 02:45:00,0.54276
2025-02-18 03:00:00,0.56776
2025-02-18 03:15:00,0.45695
2025-02-18 03:30:00,0.31569
2025-02-18 03:45:00,0.65506
2025-02-18 04:00:00,0.46055
2025-02-18 04:15:00,0.48474
2025-02-18 04:30:00,0.57387
2025-02-18 04:45:00,0.46350
2025-02-18 05:00:00,0.50478
2025-02-18 05:15:00,0.58131
2025-02-18 05:30:00,0.40020
2025-02-18 05:45:00,0.55020
2025-02-18 06:00:00,0.49048
2025-02-18 06:15:00,0.61841
2025-02-18 06:30:00,0.48340
2025-02-18 06:45:00,0.44220
2025-02-18 07:00:00,0.56335
2025-02-18 07:15:00,0.56967
2025-02-18 07:30:00,0.69826
2025-02-18 07:45:00,0.46461
2025-02-18 08:00:00,0.63654
2025-02-18 08:15:00,0.67589
2025-02-18 08:30:00,0.57136
2025-02-18 08:45:00,0.53659
2025-02-18 09:00:00,0.64912
2025-02-18 09:15:00,0.64135
2025-02-18 09:30:00,0.73180
2025-02-18 09:45:00,0.55196
2025-02-18 10:00:00,0.77720
2025-02-18 10:15:00,0.64024
2025-02-18 10:30:00,0.71064
2025-02-18 10:45:00,0.80034
2025-02-18 11:00:00,0.67754
2025-02-18 11:15:00,0.64931
2025-02-18 11:30:00,0.52060
2025-02-18 11:45:00,0.69365
2025-02-18 12:00:00,0.72877
2025-02-18 12:15:00,0.59620
2025-02-18 12:30:00,0.69971
2025-02-18 12:45:00,0.84382
2025-02-18 13:00:00,0.89652
2025-02-18 13:15:00,0.82454
2025-02-18 13:30:00,0.77433
2025-02-18 13:45:00,0.62279
2025-02-18 14:00:00,0.59123
2025-02-18 14:15:00,0.74558
2025-02-18 14:30:00,0.78389
2025-02-18 14:45:00,0.80054
2025-02-18 15:00:00,0.74158
2025-02-18 15:15:00,0.55344
2025-02-18 15:30:00,0.58319
2025-02-18 15:45:00,0.57978
2025-02-18 16:00:00,0.67985
2025-02-18 16:15:00,0.67456
2025-02-18 16:30:00,0.66004
2025-02-18 16:45:00,0.78635
2025-02-18 17:00:00,0.89742
2025-02-18 17:15:00,0.82833
2025-02-18 17:30:00,0.66009
2025-02-18 17:45:00,0.68179
2025-02-18 18:00:00,0.73375
2025-02-18 18:15:00,0.44714
2025-02-18 18:30:00,0.56652
2025-02-18 18:45:00,0.52241
2025-02-18 19:00:00,0.42765
2025-02-18 19:15:00,0.59857
2025-02-18 19:30:00,0.56608
2025-02-18 19:45:00,0.86220
2025-02-18 20:00:00,0.66977
2025-02-18 20:15:00,0.82432
2025-02-18 20:30:00,0.89597
2025-02-18 20:45:00,0.60173
2025-02-18 21:00:00,0.53280
2025-02-18 21:15:00,0.62417
2025-02-18 21:30:00,0.62969
2025-02-18 21:45:00,0.42866
2025-02-18 22:00:00,0.53742
2025-02-18 22:15:00,0.57295
2025-02-18 22:30:00,0.72621
2025-02-18 22:45:00,0.62111
2025-02-18 23:00:00,0.57391
2025-02-18 23:15:00,0.47860
2025-02-18 23:30:00,0.36336
2025-02-18 23:45:00,0.61448
2025-02-19 00:00:00,0.38248
2025-02-19 00:15:00,0.54895
2025-02-19 00:30:00,0.43790
2025-02-19 00:45:00,0.41245
2025-02-19 01:00:00,0.45818
2025-02-19 01:15:00,0.58209
2025-02-19 01:30:00,0.70948
2025-02-19 01:45:00,0.54224
2025-02-19 02:00:00,0.40429
2025-02-19 02:15:00,0.51745
2025-02-19 02:30:00,0.65009
2025-02-19 02:45:00,0.51673
2025-02-19 03:00:00,0.44423
2025-02-19 03:15:00,0.42206
2025-02-19 03:30:00,0.42283
2025-02-19 03:45:00,0.33296
2025-02-19 04:00:00,0.41291
2025-02-19 04:15:00,0.65145
2025-02-19 04:30:00,0.42711
2025-02-19 04:45:00,0.54873
2025-02-19 05:00:00,0.51680
2025-02-19 05:15:00,0.57093
2025-02-19 05:30:00,0.68762
2025-02-19 05:45:00,0.59537
2025-02-19 06:00:00,0.73615
2025-02-19 06:15:00,0.61697
2025-02-19 06:30:00,0.75100
2025-02-19 06:45:00,0.52266
2025-02-19 07:00:00,0.65600
2025-02-19 07:15:00,0.65750
2025-02-19 07:30:00,0.68162
2025-02-19 07:45:00,0.47968
2025-02-19 08:00:00,0.68021
2025-02-19 08:15:00,0.60350
2025-02-19 08:30:00,0.61875
2025-02-19 08:45:00,0.61413
2025-02-19 09:00:00,0.70011
2025-02-19 09:15:00,0.69953
2025-02-19 09:30:00,0.58457
2025-02-19 09:45:00,0.60788
2025-02-19 10:00:00,0.60038
2025-02-19 10:15:00,0.70704
2025-02-19 10:30:00,0.61696
2025-02-19 10:45:00,0.61307
2025-02-19 11:00:00,0.64332
2025-02-19 11:15:00,0.65888
2025-02-19 11:30:00,0.72714
2025-02-19 11:45:00,0.76697
2025-02-19 12:00:00,0.61759
2025-02-19 12:15:00,0.76272
2025-02-19 12:30:00,0.76873
2025-02-19 12:45:00,0.69122
2025-02-19 13:00:00,0.51868
2025-02-19 13:15:00,0.64629
2025-02-19 13:30:00,0.65178
2025-02-19 13:45:00,0.85773
2025-02-19 14:00:00,0.59098
2025-02-19 14:15:00,0.65150
2025-02-19 14:30:00,0.69038
2025-02-19 14:45:00,0.80578
2025-02-19 15:00:00,0.70927
2025-02-19 15:15:00,0.80960
2025-02-19 15:30:00,0.68582
2025-02-19 15:45:00,0.66973
2025-02-19 16:00:00,0.86376
2025-02-19 16:15:00,0.56574
2025-02-19 16:30:00,0.58190
2025-02-19 16:45:00,0.42470
2025-02-19 17:00:00,0.61513
2025-02-19 17:15:00,0.74226
2025-02-19 17:30:00,0.80590
2025-02-19 17:45:00,0.65370
2025-02-19 18:00:00,0.52036
2025-02-19 18:15:00,0.55021
2025-02-19 18:30:00,0.46050
2025-02-19 18:45:00,0.52310
2025-02-19 19:00:00,0.73323
2025-02-19 19:15:00,0.59402
2025-02-19 19:30:00,0.57718
2025-02-19 19:45:00,0.58919
2025-02-19 20:00:00,0.67609
2025-02-19 20:15:00,0.59427
2025-02-19 20:30:00,0.63157
2025-02-19 20:45:00,0.61207
2025-02-19 21:00:00,0.59428
2025-02-19 21:15:00,0.73332
2025-02-19 21:30:00,0.77730
2025-02-19 21:45:00,0.59049
2025-02-19 22:00:00,0.50167
2025-02-19 22:15:00,0.46997
2025-02-19 22:30:00,0.35953
2025-02-19 22:45:00,0.50533
2025-02-19 23:00:00,0.36827
2025-02-19 23:15:00,0.47258
2025-02-19 23:30:00,0.50778
2025-02-19 23:45:00,0.49257
2025-02-20 00:00:00,0.46155
2025-02-20 00:15:00,0.53333
2025-02-20 00:30:00,0.52877
2025-02-20 00:45:00,0.57294
2025-02-20 01:00:00,0.58004
2025-02-20 01:15:00,0.64686
2025-02-20 01:30:00,0.52642
2025-02-20 01:45:00,0.53176
2025-02-20 02:00:00,0.36799
2025-02-20 02:15:00,0.54178
2025-02-20 02:30:00,0.45913
2025-02-20 02:45:00,0.48453
2025-02-20 03:00:00,0.51244
2025-02-20 03:15:00,0.75344
2025-02-20 03:30:00,0.59557
2025-02-20 03:45:00,0.57247
2025-02-20 04:00:00,0.45909
2025-02-20 04:15:00,0.52379
2025-02-20 04:30:00,0.46744
2025-02-20 04:45:00,0.47341
2025-02-20 05:00:00,0.46395
2025-02-20 05:15:00,0.42748
2025-02-20 05:30:00,0.57753
2025-02-20 05:45:00,0.70449
2025-02-20 06:00:00,0.40510
2025-02-20 06:15:00,0.57010
2025-02-20 06:30:00,0.51106
2025-02-20 06:45:00,0.57905
2025-02-20 07:00:00,0.56980
2025-02-20 07:15:00,0.65712
2025-02-20 07:30:00,0.66691
2025-02-20 07:45:00,0.61471
2025-02-20 08:00:00,0.63075
2025-02-20 08:15:00,0.72656
2025-02-20 08:30:00,0.72407
2025-02-20 08:45:00,0.69824
2025-02-20 09:00:00,0.50206
2025-02-20 09:15:00,0.60029
2025-02-20 09:30:00,0.60273
2025-02-20 09:45:00,0.69573
2025-02-20 10:00:00,0.63809
2025-02-20 10:15:00,0.61810
2025-02-20 10:30:00,0.48926
2025-02-20 10:45:00,0.72096
2025-02-20 11:00:00,0.66158
2025-02-20 11:15:00,0.64340
2025-02-20 11:30:00,0.62935
2025-02-20 11:45:00,0.67880
2025-02-20 12:00:00,0.65809
2025-02-20 12:15:00,0.67281
2025-02-20 12:30:00,0.73504
2025-02-20 12:45:00,0.58787
2025-02-20 13:00:00,0.71089
2025-02-20 13:15:00,0.67148
2025-02-20 13:30:00,0.58004
2025-02-20 13:45:00,0.67160
2025-02-20 14:00:00,0.57380
2025-02-20 14:15:00,0.55752
2025-02-20 14:30:00,0.71060
2025-02-20 14:45:00,0.81131
2025-02-20 15:00:00,0.66715
2025-02-20 15:15:00,0.64197
2025-02-20 15:30:00,0.69277
2025-02-20 15:45:00,0.64903
2025-02-20 16:00:00,0.71035
2025-02-20 16:15:00,0.62717
2025-02-20 16:30:00,0.59116
2025-02-20 16:45:00,0.59231
2025-02-20 17:00:00,0.77242
2025-02-20 17:15:00,0.73266
2025-02-20 17:30:00,0.72925
2025-02-20 17:45:00,0.84320
2025-02-20 18:00:00,0.63786
2025-02-20 18:15:00,0.69898
2025-02-20 18:30:00,0.69989
2025-02-20 18:45:00,0.39926
2025-02-20 19:00:00,0.65701
2025-02-20 19:15:00,0.50204
2025-02-20 19:30:00,0.53917
2025-02-20 19:45:00,0.46150
2025-02-20 20:00:00,0.61043
2025-02-20 20:15:00,0.66669
2025-02-20 20:30:00,0.64201
2025-02-20 20:45:00,0.50912
2025-02-20 21:00:00,0.48838
2025-02-20 21:15:00,0.57465
2025-02-20 21:30:00,0.57306
2025-02-20 21:45:00,0.59906
2025-02-20 22:00:00,0.53435
2025-02-20 22:15:00,0.55038
2025-02-20 22:30:00,0.49736
2025-02-20 22:45:00,0.45211
2025-02-20 23:00:00,0.53474
2025-02-20 23:15:00,0.47871
2025-02-20 23:30:00,0.67393
2025-02-20 23:45:00,0.62575
2025-02-21 00:00:00,0.38043
2025-02-21 00:15:00,0.48923
2025-02-21 00:30:00,0.57392
2025-02-21 00:45:00,0.70006
2025-02-21 01:00:00,0.54555
2025-02-21 01:15:00,0.59671
2025-02-21 01:30:00,0.53918
2025-02-21 01:45:00,0.39270
2025-02-21 02:00:00,0.31525
2025-02-21 02:15:00,0.41567
2025-02-21 02:30:00,0.55226
2025-02-21 02:45:00,0.58537
2025-02-21 03:00:00,0.62229
2025-02-21 03:15:00,0.52954
2025-02-21 03:30:00,0.35016
2025-02-21 03:45:00,0.49520
2025-02-21 04:00:00,0.29160
2025-02-21 04:15:00,0.50503
2025-02-21 04:30:00,0.67675
2025-02-21 04:45:00,0.63871
2025-02-21 05:00:00,0.50477
2025-02-21 05:15:00,0.53776
2025-02-21 05:30:00,0.56495
2025-02-21 05:45:00,0.58541
2025-02-21 06:00:00,0.60683
2025-02-21 06:15:00,0.59617
2025-02-21 06:30:00,0.62350
2025-02-21 06:45:00,0.59981
2025-02-21 07:00:00,0.46743
2025-02-21 07:15:00,0.42015
2025-02-21 07:30:00,0.57508
2025-02-21 07:45:00,0.69866
2025-02-21 08:00:00,0.54294
2025-02-21 08:15:00,0.56136
2025-02-21 08:30:00,0.48928
2025-02-21 08:45:00,0.61401
2025-02-21 09:00:00,0.58802
2025-02-21 09:15:00,0.48896
2025-02-21 09:30:00,0.59021
2025-02-21 09:45:00,0.58285
2025-02-21 10:00:00,0.60512
2025-02-21 10:15:00,0.68002
2025-02-21 10:30:00,0.64714
2025-02-21 10:45:00,0.65562
2025-02-21 11:00:00,0.47714
2025-02-21 11:15:00,0.75023
2025-02-21 11:30:00,0.78778
2025-02-21 11:45:00,0.79638
2025-02-21 12:00:00,0.70620
2025-02-21 12:15:00,0.43134
2025-02-21 12:30:00,0.68907
2025-02-21 12:45:00,0.71674
2025-02-21 13:00:00,0.81090
2025-02-21 13:15:00,0.71888
2025-02-21 13:30:00,0.75868
2025-02-21 13:45:00,0.76539
2025-02-21 14:00:00,0.70146
2025-02-21 14:15:00,0.74787
2025-02-21 14:30:00,0.76996
2025-02-21 14:45:00,0.78287
2025-02-21 15:00:00,0.52933
2025-02-21 15:15:00,0.59697
2025-02-21 15:30:00,0.64198
2025-02-21 15:45:00,0.67893
2025-02-21 16:00:00,0.78836
2025-02-21 16:15:00,0.52047
2025-02-21 16:30:00,0.61997
2025-02-21 16:45:00,0.61064
2025-02-21 17:00:00,0.64954
2025-02-21 17:15:00,0.69406
2025-02-21 17:30:00,0.75538
2025-02-21 17:45:00,0.75499
2025-02-21 18:00:00,0.49225
2025-02-21 18:15:00,0.57802
2025-02-21 18:30:00,0.61152
2025-02-21 18:45:00,0.59358
2025-02-21 19:00:00,0.56847
2025-02-21 19:15:00,0.68476
2025-02-21 19:30:00,0.50586
2025-02-21 19:45:00,0.62105
2025-02-21 20:00:00,0.59003
2025-02-21 20:15:00,0.54786
2025-02-21 20:30:00,0.34449
2025-02-21 20:45:00,0.51171
2025-02-21 21:00:00,0.55987
2025-02-21 21:15:00,0.70707
2025-02-21 21:30:00,0.72032
2025-02-21 21:45:00,0.57754
2025-02-21 22:00:00,0.63381
2025-02-21 22:15:00,0.77666
2025-02-21 22:30:00,0.39743
2025-02-21 22:45:00,0.48095
2025-02-21 23:00:00,0.54831
2025-02-21 23:15:00,0.68898
2025-02-21 23:30:00,0.54349
2025-02-21 23:45:00,0.51523
2025-02-22 00:00:00,0.46719
2025-02-22 00:15:00,0.56570
2025-02-22 00:30:00,0.65702
2025-02-22 00:45:00,0.54061
2025-02-22 01:00:00,0.51188
2025-02-22 01:15:00,0.56642
2025-02-22 01:30:00,0.44409
2025-02-22 01:45:00,0.39945
2025-02-22 02:00:00,0.37348
2025-02-22 02:15:00,0.63711
2025-02-22 02:30:00,0.57200
2025-02-22 02:45:00,0.60061
2025-02-22 03:00:00,0.66213
2025-02-22 03:15:00,0.55087
2025-02-22 03:30:00,0.55433
2025-02-22 03:45:00,0.52559
2025-02-22 04:00:00,0.38954
2025-02-22 04:15:00,0.50984
2025-02-22 04:30:00,0.48447
2025-02-22 04:45:00,0.50122
2025-02-22 05:00:00,0.65808
2025-02-22 05:15:00,0.53351
2025-02-22 05:30:00,0.77030
2025-02-22 05:45:00,0.71951
2025-02-22 06:00:00,0.69953
2025-02-22 06:15:00,0.72760
2025-02-22 06:30:00,0.48205
2025-02-22 06:45:00,0.50352
2025-02-22 07:00:00,0.54436
2025-02-22 07:15:00,0.50555
2025-02-22 07:30:00,0.46266
2025-02-22 07:45:00,0.50502
2025-02-22 08:00:00,0.65596
2025-02-22 08:15:00,0.69724
2025-02-22 08:30:00,0.66172
2025-02-22 08:45:00,0.65464
2025-02-22 09:00:00,0.71141
2025-02-22 09:15:00,0.58139
2025-02-22 09:30:00,0.62885
2025-02-22 09:45:00,0.65966
2025-02-22 10:00:00,0.78977
2025-02-22 10:15:00,0.74505
2025-02-22 10:30:00,0.78767
2025-02-22 10:45:00,0.88295
2025-02-22 11:00:00,0.68542
2025-02-22 11:15:00,0.70788
2025-02-22 11:30:00,0.83795
2025-02-22 11:45:00,0.54248
2025-02-22 12:00:00,0.57569
2025-02-22 12:15:00,0.84506
2025-02-22 12:30:00,0.93825
2025-02-22 12:45:00,0.75996
2025-02-22 13:00:00,0.81415
2025-02-22 13:15:00,0.69056
2025-02-22 13:30:00,0.56177
2025-02-22 13:45:00,0.63765
2025-02-22 14:00:00,0.67647
2025-02-22 14:15:00,0.75447
2025-02-22 14:30:00,0.70197
2025-02-22 14:45:00,0.82020
2025-02-22 15:00:00,0.64026
2025-02-22 15:15:00,0.59815
2025-02-22 15:30:00,0.67204
2025-02-22 15:45:00,0.64059
2025-02-22 16:00:00,0.61965
2025-02-22 16:15:00,0.84709
2025-02-22 16:30:00,0.64164
2025-02-22 16:45:00,0.72173
2025-02-22 17:00:00,0.65910
2025-02-22 17:15:00,0.57676
2025-02-22 17:30:00,0.53647
2025-02-22 17:45:00,0.65480
2025-02-22 18:00:00,0.62824
2025-02-22 18:15:00,0.75778
2025-02-22 18:30:00,0.69486
2025-02-22 18:45:00,0.42819
2025-02-22 19:00:00,0.69379
2025-02-22 19:15:00,0.74893
2025-02-22 19:30:00,0.93241
2025-02-22 19:45:00,0.68716
2025-02-22 20:00:00,0.61354
2025-02-22 20:15:00,0.41584
2025-02-22 20:30:00,0.45571
2025-02-22 20:45:00,0.57366
2025-02-22 21:00:00,0.58148
2025-02-22 21:15:00,0.54256
2025-02-22 21:30:00,0.67264
2025-02-22 21:45:00,0.58023
2025-02-22 22:00:00,0.54587
2025-02-22 22:15:00,0.56608
2025-02-22 22:30:00,0.51074
2025-02-22 22:45:00,0.50202
2025-02-22 23:00:00,0.47912
2025-02-22 23:15:00,0.44085
2025-02-22 23:30:00,0.59293
2025-02-22 23:45:00,0.63227
2025-02-23 00:00:00,0.45059
2025-02-23 00:15:00,0.50607
2025-02-23 00:30:00,0.46837
2025-02-23 00:45:00,0.67301
2025-02-23 01:00:00,0.56387
2025-02-23 01:15:00,0.57286
2025-02-23 01:30:00,0.62270
2025-02-23 01:45:00,0.68368
2025-02-23 02:00:00,0.54484
2025-02-23 02:15:00,0.53383
2025-02-23 02:30:00,0.44872
2025-02-23 02:45:00,0.51961
2025-02-23 03:00:00,0.58707
2025-02-23 03:15:00,0.71600
2025-02-23 03:30:00,0.62002
2025-02-23 03:45:00,0.54246
2025-02-23 04:00:00,0.38455
2025-02-23 04:15:00,0.47797
2025-02-23 04:30:00,0.65340
2025-02-23 04:45:00,0.44349
2025-02-23 05:00:00,0.46621
2025-02-23 05:15:00,0.60425
2025-02-23 05:30:00,0.43318
2025-02-23 05:45:00,0.59344
2025-02-23 06:00:00,0.67852
2025-02-23 06:15:00,0.74223
2025-02-23 06:30:00,0.68207
2025-02-23 06:45:00,0.67463
2025-02-23 07:00:00,0.86322
2025-02-23 07:15:00,0.80793
2025-02-23 07:30:00,0.68720
2025-02-23 07:45:00,0.67822
2025-02-23 08:00:00,0.52771
2025-02-23 08:15:00,0.82727
2025-02-23 08:30:00,0.62646
2025-02-23 08:45:00,0.64620
2025-02-23 09:00:00,0.78528
2025-02-23 09:15:00,0.70202
2025-02-23 09:30:00,0.82604
2025-02-23 09:45:00,0.62661
2025-02-23 10:00:00,0.83701
2025-02-23 10:15:00,0.75611
2025-02-23 10:30:00,0.77526
2025-02-23 10:45:00,0.66097
2025-02-23 11:00:00,0.84991
2025-02-23 11:15:00,0.93692
2025-02-23 11:30:00,0.55385
2025-02-23 11:45:00,0.70570
2025-02-23 12:00:00,0.79995
2025-02-23 12:15:00,0.75670
2025-02-23 12:30:00,0.63788
2025-02-23 12:45:00,0.71843
2025-02-23 13:00:00,0.76073
2025-02-23 13:15:00,0.58077
2025-02-23 13:30:00,0.67968
2025-02-23 13:45:00,0.69403
2025-02-23 14:00:00,0.62701
2025-02-23 14:15:00,0.62360
2025-02-23 14:30:00,0.68527
2025-02-23 14:45:00,0.85809
2025-02-23 15:00:00,0.69957
2025-02-23 15:15:00,0.46069
2025-02-23 15:30:00,0.60343
2025-02-23 15:45:00,0.62306
2025-02-23 16:00:00,0.76984
2025-02-23 16:15:00,0.64868
2025-02-23 16:30:00,0.73159
2025-02-23 16:45:00,0.81049
2025-02-23 17:00:00,0.68303
2025-02-23 17:15:00,0.60988
2025-02-23 17:30:00,0.75400
2025-02-23 17:45:00,0.60880
2025-02-23 18:00:00,0.64749
2025-02-23 18:15:00,0.52332
2025-02-23 18:30:00,0.40615
2025-02-23 18:45:00,0.67041
2025-02-23 19:00:00,0.56336
2025-02-23 19:15:00,0.48450
2025-02-23 19:30:00,0.70338
2025-02-23 19:45:00,0.58229
2025-02-23 20:00:00,0.63632
2025-02-23 20:15:00,0.84189
2025-02-23 20:30:00,0.67751
2025-02-23 20:45:00,0.69552
2025-02-23 21:00:00,0.44264
2025-02-23 21:15:00,0.44614
2025-02-23 21:30:00,0.53989
2025-02-23 21:45:00,0.40873
2025-02-23 22:00:00,0.46834
2025-02-23 22:15:00,0.51744
2025-02-23 22:30:00,0.54778
2025-02-23 22:45:00,0.61966
2025-02-23 23:00:00,0.41294
2025-02-23 23:15:00,0.54391
2025-02-23 23:30:00,0.61096
2025-02-23 23:45:00,0.70837
2025-02-24 00:00:00,0.68215
2025-02-24 00:15:00,0.62936
2025-02-24 00:30:00,0.70662
2025-02-24 00:45:00,0.62558
2025-02-24 01:00:00,0.43108
2025-02-24 01:15:00,0.58794
2025-02-24 01:30:00,0.57327
2025-02-24 01:45:00,0.63606
2025-02-24 02:00:00,0.67989
2025-02-24 02:15:00,0.71594
2025-02-24 02:30:00,0.65274
2025-02-24 02:45:00,0.49055
2025-02-24 03:00:00,0.47584
2025-02-24 03:15:00,0.77082
2025-02-24 03:30:00,0.50743
2025-02-24 03:45:00,0.60554
2025-02-24 04:00:00,0.61948
2025-02-24 04:15:00,0.56486
2025-02-24 04:30:00,0.63045
2025-02-24 04:45:00,0.66437
2025-02-24 05:00:00,0.64046
2025-02-24 05:15:00,0.54143
2025-02-24 05:30:00,0.59519
2025-02-24 05:45:00,0.62888
2025-02-24 06:00:00,0.67150
2025-02-24 06:15:00,0.48781
2025-02-24 06:30:00,0.51781
2025-02-24 06:45:00,0.51933
2025-02-24 07:00:00,0.48627
2025-02-24 07:15:00,0.52763
2025-02-24 07:30:00,0.53230
2025-02-24 07:45:00,0.70716
2025-02-24 08:00:00,0.68736
2025-02-24 08:15:00,0.71270
2025-02-24 08:30:00,0.65625
2025-02-24 08:45:00,0.69787
2025-02-24 09:00:00,0.71327
2025-02-24 09:15:00,0.74770
2025-02-24 09:30:00,0.76099
2025-02-24 09:45:00,0.67093
2025-02-24 10:00:00,0.49779
2025-02-24 10:15:00,0.63840
2025-02-24 10:30:00,0.70034
2025-02-24 10:45:00,0.51981
2025-02-24 11:00:00,0.66659
2025-02-24 11:15:00,0.62308
2025-02-24 11:30:00,0.65285
2025-02-24 11:45:00,0.62129
2025-02-24 12:00:00,0.64161
2025-02-24 12:15:00,0.73929
2025-02-24 12:30:00,0.86755
2025-02-24 12:45:00,0.81899
2025-02-24 13:00:00,0.71326
2025-02-24 13:15:00,0.40419
2025-02-24 13:30:00,0.54882
2025-02-24 13:45:00,0.59678
2025-02-24 14:00:00,0.61852
2025-02-24 14:15:00,0.54783
2025-02-24 14:30:00,0.55167
2025-02-24 14:45:00,0.74346
2025-02-24 15:00:00,0.77758
2025-02-24 15:15:00,0.70447
2025-02-24 15:30:00,0.76549
2025-02-24 15:45:00,0.66229
2025-02-24 16:00:00,0.81201
2025-02-24 16:15:00,0.65201
2025-02-24 16:30:00,0.62362
2025-02-24 16:45:00,0.71544
2025-02-24 17:00:00,0.63881
2025-02-24 17:15:00,0.64200
2025-02-24 17:30:00,0.55823
2025-02-24 17:45:00,0.73652
2025-02-24 18:00:00,0.64665
2025-02-24 18:15:00,0.63542
2025-02-24 18:30:00,0.50606
2025-02-24 18:45:00,0.69680
2025-02-24 19:00:00,0.49315
2025-02-24 19:15:00,0.76318
2025-02-24 19:30:00,0.67898
2025-02-24 19:45:00,0.38885
2025-02-24 20:00:00,0.56837
2025-02-24 20:15:00,0.38553
2025-02-24 20:30:00,0.60802
2025-02-24 20:45:00,0.75523
2025-02-24 21:00:00,0.53523
2025-02-24 21:15:00,0.47615
2025-02-24 21:30:00,0.54293
2025-02-24 21:45:00,0.62765
2025-02-24 22:00:00,0.66473
2025-02-24 22:15:00,0.49436
2025-02-24 22:30:00,0.46078
2025-02-24 22:45:00,0.28466
2025-02-24 23:00:00,0.35817
2025-02-24 23:15:00,0.43202
2025-02-24 23:30:00,0.54263
2025-02-24 23:45:00,0.61357
2025-02-25 00:00:00,0.61948
2025-02-25 00:15:00,0.51705
2025-02-25 00:30:00,0.42989
2025-02-25 00:45:00,0.42940
2025-02-25 01:00:00,0.44422
2025-02-25 01:15:00,0.59851
2025-02-25 01:30:00,0.61476
2025-02-25 01:45:00,0.71228
2025-02-25 02:00:00,0.67882
2025-02-25 02:15:00,0.49027
2025-02-25 02:30:00,0.40347
2025-02-25 02:45:00,0.53105
2025-02-25 03:00:00,0.50190
2025-02-25 03:15:00,0.69064
2025-02-25 03:30:00,0.60620
2025-02-25 03:45:00,0.64628
2025-02-25 04:00:00,0.60946
2025-02-25 04:15:00,0.47213
2025-02-25 04:30:00,0.46106
2025-02-25 04:45:00,0.54198
2025-02-25 05:00:00,0.32683
2025-02-25 05:15:00,0.33947
2025-02-25 05:30:00,0.62178
2025-02-25 05:45:00,0.62415
2025-02-25 06:00:00,0.39014
2025-02-25 06:15:00,0.61411
2025-02-25 06:30:00,0.30607
2025-02-25 06:45:00,0.63486
2025-02-25 07:00:00,0.76773
2025-02-25 07:15:00,0.81726
2025-02-25 07:30:00,0.74952
2025-02-25 07:45:00,0.72124
2025-02-25 08:00:00,0.55509
2025-02-25 08:15:00,0.65209
2025-02-25 08:30:00,0.55737
2025-02-25 08:45:00,0.55783
2025-02-25 09:00:00,0.45371
2025-02-25 09:15:00,0.72222
2025-02-25 09:30:00,0.63057
2025-02-25 09:45:00,0.43603
2025-02-25 10:00:00,0.49176
2025-02-25 10:15:00,0.51167
2025-02-25 10:30:00,0.60084
2025-02-25 10:45:00,0.66031
2025-02-25 11:00:00,0.53851
2025-02-25 11:15:00,0.74341
2025-02-25 11:30:00,0.76430
2025-02-25 11:45:00,0.63208
2025-02-25 12:00:00,0.62674
2025-02-25 12:15:00,0.70282
2025-02-25 12:30:00,0.73169
2025-02-25 12:45:00,0.66480
2025-02-25 13:00:00,0.64640
2025-02-25 13:15:00,0.47323
2025-02-25 13:30:00,0.62643
2025-02-25 13:45:00,0.47446
2025-02-25 14:00:00,0.70089
2025-02-25 14:15:00,0.65279
2025-02-25 14:30:00,0.60968
2025-02-25 14:45:00,0.83462
2025-02-25 15:00:00,0.52265
2025-02-25 15:15:00,0.51969
2025-02-25 15:30:00,0.68822
2025-02-25 15:45:00,0.72759
2025-02-25 16:00:00,0.77787
2025-02-25 16:15:00,0.75013
2025-02-25 16:30:00,0.76018
2025-02-25 16:45:00,0.60308
2025-02-25 17:00:00,0.47276
2025-02-25 17:15:00,0.41505
2025-02-25 17:30:00,0.56521
2025-02-25 17:45:00,0.60559
2025-02-25 18:00:00,0.77248
2025-02-25 18:15:00,0.60213
2025-02-25 18:30:00,0.51230
2025-02-25 18:45:00,0.70650
2025-02-25 19:00:00,0.54061
2025-02-25 19:15:00,0.60163
2025-02-25 19:30:00,0.49690
2025-02-25 19:45:00,0.47874
2025-02-25 20:00:00,0.71343
2025-02-25 20:15:00,0.44780
2025-02-25 20:30:00,0.53678
2025-02-25 20:45:00,0.64866
2025-02-25 21:00:00,0.45455
2025-02-25 21:15:00,0.46454
2025-02-25 21:30:00,0.48375
2025-02-25 21:45:00,0.42595
2025-02-25 22:00:00,0.41959
2025-02-25 22:15:00,0.66837
2025-02-25 22:30:00,0.50826
2025-02-25 22:45:00,0.54667
2025-02-25 23:00:00,0.51210
2025-02-25 23:15:00,0.57790
2025-02-25 23:30:00,0.52984
2025-02-25 23:45:00,0.36133
2025-02-26 00:00:00,0.47695
2025-02-26 00:15:00,0.53974
2025-02-26 00:30:00,0.37627
2025-02-26 00:45:00,0.42560
2025-02-26 01:00:00,0.62185
2025-02-26 01:15:00,0.70263
2025-02-26 01:30:00,0.58486
2025-02-26 01:45:00,0.49269
2025-02-26 02:00:00,0.66508
2025-02-26 02:15:00,0.38836
2025-02-26 02:30:00,0.25260
2025-02-26 02:45:00,0.44649
2025-02-26 03:00:00,0.25468
2025-02-26 03:15:00,0.45786
2025-02-26 03:30:00,0.55587
2025-02-26 03:45:00,0.60358
2025-02-26 04:00:00,0.47494
2025-02-26 04:15:00,0.70914
2025-02-26 04:30:00,0.56424
2025-02-26 04:45:00,0.35375
2025-02-26 05:00:00,0.56385
2025-02-26 05:15:00,0.56708
2025-02-26 05:30:00,0.42663
2025-02-26 05:45:00,0.59401
2025-02-26 06:00:00,0.69106
2025-02-26 06:15:00,0.52381
2025-02-26 06:30:00,0.53939
2025-02-26 06:45:00,0.39204
2025-02-26 07:00:00,0.47598
2025-02-26 07:15:00,0.52526
2025-02-26 07:30:00,0.63727
2025-02-26 07:45:00,0.63399
2025-02-26 08:00:00,0.60852
2025-02-26 08:15:00,0.60572
2025-02-26 08:30:00,0.51337
2025-02-26 08:45:00,0.71011
2025-02-26 09:00:00,0.73068
2025-02-26 09:15:00,0.44284
2025-02-26 09:30:00,0.61548
2025-02-26 09:45:00,0.63435
2025-02-26 10:00:00,0.48195
2025-02-26 10:15:00,0.71527
2025-02-26 10:30:00,0.81638
2025-02-26 10:45:00,0.58144
2025-02-26 11:00:00,0.40076
2025-02-26 11:15:00,0.75287
2025-02-26 11:30:00,0.64217
2025-02-26 11:45:00,0.69583
2025-02-26 12:00:00,0.52592
2025-02-26 12:15:00,0.73172
2025-02-26 12:30:00,0.79226
2025-02-26 12:45:00,0.67027
2025-02-26 13:00:00,0.79528
2025-02-26 13:15:00,0.66673
2025-02-26 13:30:00,0.60820
2025-02-26 13:45:00,0.64708
2025-02-26 14:00:00,0.67179
2025-02-26 14:15:00,0.73803
2025-02-26 14:30:00,0.69898
2025-02-26 14:45:00,0.64424
2025-02-26 15:00:00,0.62758
2025-02-26 15:15:00,0.83603
2025-02-26 15:30:00,0.73985
2025-02-26 15:45:00,0.66399
2025-02-26 16:00:00,0.52311
2025-02-26 16:15:00,0.48664
2025-02-26 16:30:00,0.70413
2025-02-26 16:45:00,0.79399
2025-02-26 17:00:00,0.68363
2025-02-26 17:15:00,0.68734
2025-02-26 17:30:00,0.68587
2025-02-26 17:45:00,0.59952
2025-02-26 18:00:00,0.68337
2025-02-26 18:15:00,0.70804
2025-02-26 18:30:00,0.84424
2025-02-26 18:45:00,0.70547
2025-02-26 19:00:00,0.69165
2025-02-26 19:15:00,0.78946
2025-02-26 19:30:00,0.65229
2025-02-26 19:45:00,0.73443
2025-02-26 20:00:00,0.52765
2025-02-26 20:15:00,0.64608
2025-02-26 20:30:00,0.63449
2025-02-26 20:45:00,0.73549
2025-02-26 21:00:00,0.47301
2025-02-26 21:15:00,0.52273
2025-02-26 21:30:00,0.57010
2025-02-26 21:45:00,0.75606
2025-02-26 22:00:00,0.65895
2025-02-26 22:15:00,0.60362
2025-02-26 22:30:00,0.39379
2025-02-26 22:45:00,0.60997
2025-02-26 23:00:00,0.49514
2025-02-26 23:15:00,0.49864
2025-02-26 23:30:00,0.64463
2025-02-26 23:45:00,0.54379
2025-02-27 00:00:00,0.66415
2025-02-27 00:15:00,0.60072
2025-02-27 00:30:00,0.66489
2025-02-27 00:45:00,0.56423
2025-02-27 01:00:00,0.77949
2025-02-27 01:15:00,0.46081
2025-02-27 01:30:00,0.54888
2025-02-27 01:45:00,0.49480
2025-02-27 02:00:00,0.61553
2025-02-27 02:15:00,0.62780
2025-02-27 02:30:00,0.53049
2025-02-27 02:45:00,0.53112
2025-02-27 03:00:00,0.64769
2025-02-27 03:15:00,0.63552
2025-02-27 03:30:00,0.54308
2025-02-27 03:45:00,0.56481
2025-02-27 04:00:00,0.51355
2025-02-27 04:15:00,0.74639
2025-02-27 04:30:00,0.73146
2025-02-27 04:45:00,0.43349
2025-02-27 05:00:00,0.47904
2025-02-27 05:15:00,0.48396
2025-02-27 05:30:00,0.55097
2025-02-27 05:45:00,0.57911
2025-02-27 06:00:00,0.47458
2025-02-27 06:15:00,0.53868
2025-02-27 06:30:00,0.72698
2025-02-27 06:45:00,0.68543
2025-02-27 07:00:00,0.60164
2025-02-27 07:15:00,0.52814
2025-02-27 07:30:00,0.43942
2025-02-27 07:45:00,0.37082
2025-02-27 08:00:00,0.47525
2025-02-27 08:15:00,0.52134
2025-02-27 08:30:00,0.47159
2025-02-27 08:45:00,0.55036
2025-02-27 09:00:00,0.61930
2025-02-27 09:15:00,0.54978
2025-02-27 09:30:00,0.65119
2025-02-27 09:45:00,0.61623
2025-02-27 10:00:00,0.64780
2025-02-27 10:15:00,0.58271
2025-02-27 10:30:00,0.53553
2025-02-27 10:45:00,0.47118
2025-02-27 11:00:00,0.53634
2025-02-27 11:15:00,0.54122
2025-02-27 11:30:00,0.54100
2025-02-27 11:45:00,0.63564
2025-02-27 12:00:00,0.76843
2025-02-27 12:15:00,0.79485
2025-02-27 12:30:00,0.54250
2025-02-27 12:45:00,0.61560
2025-02-27 13:00:00,0.66513
2025-02-27 13:15:00,0.77308
2025-02-27 13:30:00,0.71749
2025-02-27 13:45:00,0.69007
2025-02-27 14:00:00,0.76518
2025-02-27 14:15:00,0.71565
2025-02-27 14:30:00,0.78049
2025-02-27 14:45:00,0.66702
2025-02-27 15:00:00,0.85513
2025-02-27 15:15:00,0.76667
2025-02-27 15:30:00,0.68843
2025-02-27 15:45:00,0.74525
2025-02-27 16:00:00,0.56407
2025-02-27 16:15:00,0.56558
2025-02-27 16:30:00,0.69967
2025-02-27 16:45:00,0.56490
2025-02-27 17:00:00,0.63370
2025-02-27 17:15:00,0.67929
2025-02-27 17:30:00,0.58251
2025-02-27 17:45:00,0.52988
2025-02-27 18:00:00,0.51320
2025-02-27 18:15:00,0.47608
2025-02-27 18:30:00,0.70065
2025-02-27 18:45:00,0.74273
2025-02-27 19:00:00,0.60758
2025-02-27 19:15:00,0.49343
2025-02-27 19:30:00,0.47284
2025-02-27 19:45:00,0.57505
2025-02-27 20:00:00,0.52457
2025-02-27 20:15:00,0.75454
2025-02-27 20:30:00,0.34580
2025-02-27 20:45:00,0.35825
2025-02-27 21:00:00,0.42943
2025-02-27 21:15:00,0.56894
2025-02-27 21:30:00,0.81023
2025-02-27 21:45:00,0.62116
2025-02-27 22:00:00,0.54897
2025-02-27 22:15:00,0.45305
2025-02-27 22:30:00,0.51095
2025-02-27 22:45:00,0.53803
2025-02-27 23:00:00,0.58578
2025-02-27 23:15:00,0.41214
2025-02-27 23:30:00,0.41726
2025-02-27 23:45:00,0.51878
2025-02-28 00:00:00,0.55387
2025-02-28 00:15:00,0.62567
2025-02-28 00:30:00,0.61373
2025-02-28 00:45:00,0.47927
2025-02-28 01:00:00,0.45300
2025-02-28 01:15:00,0.43296
2025-02-28 01:30:00,0.45134
2025-02-28 01:45:00,0.40690
2025-02-28 02:00:00,0.44616
2025-02-28 02:15:00,0.66587
2025-02-28 02:30:00,0.56463
2025-02-28 02:45:00,0.54871
2025-02-28 03:00:00,0.71460
2025-02-28 03:15:00,0.61736
2025-02-28 03:30:00,0.63191
2025-02-28 03:45:00,0.60954
2025-02-28 04:00:00,0.55636
2025-02-28 04:15:00,0.42864
2025-02-28 04:30:00,0.40528
2025-02-28 04:45:00,0.58677
2025-02-28 05:00:00,0.51266
2025-02-28 05:15:00,0.55480
2025-02-28 05:30:00,0.54556
2025-02-28 05:45:00,0.56038
2025-02-28 06:00:00,0.51384
2025-02-28 06:15:00,0.64235
2025-02-28 06:30:00,0.44373
2025-02-28 06:45:00,0.52856
2025-02-28 07:00:00,0.54160
2025-02-28 07:15:00,0.73958
2025-02-28 07:30:00,0.54357
2025-02-28 07:45:00,0.66155
2025-02-28 08:00:00,0.48481
2025-02-28 08:15:00,0.41577
2025-02-28 08:30:00,0.52782
2025-02-28 08:45:00,0.52544
2025-02-28 09:00:00,0.70384
2025-02-28 09:15:00,0.76079
2025-02-28 09:30:00,0.62396
2025-02-28 09:45:00,0.61394
2025-02-28 10:00:00,0.63778
2025-02-28 10:15:00,0.61618
2025-02-28 10:30:00,0.78905
2025-02-28 10:45:00,0.68015
2025-02-28 11:00:00,0.64194
2025-02-28 11:15:00,0.74773
2025-02-28 11:30:00,0.71139
2025-02-28 11:45:00,0.54849
2025-02-28 12:00:00,0.83645
2025-02-28 12:15:00,0.87912
2025-02-28 12:30:00,0.79138
2025-02-28 12:45:00,0.52292
2025-02-28 13:00:00,0.60299
2025-02-28 13:15:00,0.63433
2025-02-28 13:30:00,0.63101
2025-02-28 13:45:00,0.65927
2025-02-28 14:00:00,0.71274
2025-02-28 14:15:00,0.54779
2025-02-28 14:30:00,0.88003
2025-02-28 14:45:00,0.91674
2025-02-28 15:00:00,0.73587
2025-02-28 15:15:00,0.75964
2025-02-28 15:30:00,0.78295
2025-02-28 15:45:00,0.72573
2025-02-28 16:00:00,0.64171
2025-02-28 16:15:00,0.43577
2025-02-28 16:30:00,0.51910
2025-02-28 16:45:00,0.58801
2025-02-28 17:00:00,0.70699
2025-02-28 17:15:00,0.78793
2025-02-28 17:30:00,0.62971
2025-02-28 17:45:00,0.69420
2025-02-28 18:00:00,0.59123
2025-02-28 18:15:00,0.66943
2025-02-28 18:30:00,0.65914
2025-02-28 18:45:00,0.65588
2025-02-28 19:00:00,0.74092
2025-02-28 19:15:00,0.73276
2025-02-28 19:30:00,0.80640
2025-02-28 19:45:00,0.64554
2025-02-28 20:00:00,0.81138
2025-02-28 20:15:00,0.71860
2025-02-28 20:30:00,0.61640
2025-02-28 20:45:00,0.45616
2025-02-28 21:00:00,0.47043
2025-02-28 21:15:00,0.45987
2025-02-28 21:30:00,0.55913
2025-02-28 21:45:00,0.65314
2025-02-28 22:00:00,0.51276
2025-02-28 22:15:00,0.59917
2025-02-28 22:30:00,0.70907
2025-02-28 22:45:00,0.51322
2025-02-28 23:00:00,0.62397
2025-02-28 23:15:00,0.33916
2025-02-28 23:30:00,0.57361
2025-02-28 23:45:00,0.69394
2025-03-01 00:00:00,0.68564
2025-03-01 00:15:00,0.43882
2025-03-01 00:30:00,0.59634
2025-03-01 00:45:00,0.54476
2025-03-01 01:00:00,0.55123
2025-03-01 01:15:00,0.57844
2025-03-01 01:30:00,0.50143
2025-03-01 01:45:00,0.59643
2025-03-01 02:00:00,0.52844
2025-03-01 02:15:00,0.53039
2025-03-01 02:30:00,0.50374
2025-03-01 02:45:00,0.49097
2025-03-01 03:00:00,0.42473
2025-03-01 03:15:00,0.61610
2025-03-01 03:30:00,0.59658
2025-03-01 03:45:00,0.55216
2025-03-01 04:00:00,0.45317
2025-03-01 04:15:00,0.38347
2025-03-01 04:30:00,0.53853
2025-03-01 04:45:00,0.53579
2025-03-01 05:00:00,0.54273
2025-03-01 05:15:00,0.60350
2025-03-01 05:30:00,0.58655
2025-03-01 05:45:00,0.69516
2025-03-01 06:00:00,0.52336
2025-03-01 06:15:00,0.54789
2025-03-01 06:30:00,0.60069
2025-03-01 06:45:00,0.46996
2025-03-01 07:00:00,0.74376
2025-03-01 07:15:00,0.59101
2025-03-01 07:30:00,0.49188
2025-03-01 07:45:00,0.51628
2025-03-01 08:00:00,0.33089
2025-03-01 08:15:00,0.57173
2025-03-01 08:30:00,0.56779
2025-03-01 08:45:00,0.60094
2025-03-01 09:00:00,0.54367
2025-03-01 09:15:00,0.71471
2025-03-01 09:30:00,0.63531
2025-03-01 09:45:00,0.53175
2025-03-01 10:00:00,0.77495
2025-03-01 10:15:00,0.67632
2025-03-01 10:30:00,0.62280
2025-03-01 10:45:00,0.71608
2025-03-01 11:00:00,0.67466
2025-03-01 11:15:00,0.52008
2025-03-01 11:30:00,0.79000
2025-03-01 11:45:00,0.80782
2025-03-01 12:00:00,0.65538
2025-03-01 12:15:00,0.74494
2025-03-01 12:30:00,0.77609
2025-03-01 12:45:00,0.66205
2025-03-01 13:00:00,0.66615
2025-03-01 13:15:00,0.71285
2025-03-01 13:30:00,0.68260
2025-03-01 13:45:00,0.72013
2025-03-01 14:00:00,0.47439
2025-03-01 14:15:00,0.47572
2025-03-01 14:30:00,0.65947
2025-03-01 14:45:00,0.75626
2025-03-01 15:00:00,0.61439
2025-03-01 15:15:00,0.82409
2025-03-01 15:30:00,0.66892
2025-03-01 15:45:00,0.78185
2025-03-01 16:00:00,0.86625
2025-03-01 16:15:00,0.73675
2025-03-01 16:30:00,0.57055
2025-03-01 16:45:00,0.68785
2025-03-01 17:00:00,0.57454
2025-03-01 17:15:00,0.45586
2025-03-01 17:30:00,0.58484
2025-03-01 17:45:00,0.77894
2025-03-01 18:00:00,0.75651
2025-03-01 18:15:00,0.72023
2025-03-01 18:30:00,0.70450
2025-03-01 18:45:00,0.49567
2025-03-01 19:00:00,0.38725
2025-03-01 19:15:00,0.49624
2025-03-01 19:30:00,0.60403
2025-03-01 19:45:00,0.68154
2025-03-01 20:00:00,0.75383
2025-03-01 20:15:00,0.56757
2025-03-01 20:30:00,0.48026
2025-03-01 20:45:00,0.42124
2025-03-01 21:00:00,0.40844
2025-03-01 21:15:00,0.48593
2025-03-01 21:30:00,0.57218
2025-03-01 21:45:00,0.42121
2025-03-01 22:00:00,0.48079
2025-03-01 22:15:00,0.56900
2025-03-01 22:30:00,0.49282
2025-03-01 22:45:00,0.55255
2025-03-01 23:00:00,0.52441
2025-03-01 23:15:00,0.68991
2025-03-01 23:30:00,0.56176
2025-03-01 23:45:00,0.49533
2025-03-02 00:00:00,0.41941
2025-03-02 00:15:00,0.48703
2025-03-02 00:30:00,0.45384
2025-03-02 00:45:00,0.48123
2025-03-02 01:00:00,0.64112
2025-03-02 01:15:00,0.37334
2025-03-02 01:30:00,0.50974
2025-03-02 01:45:00,0.48970
2025-03-02 02:00:00,0.50932
2025-03-02 02:15:00,0.45789
2025-03-02 02:30:00,0.39583
2025-03-02 02:45:00,0.49498
2025-03-02 03:00:00,0.53981
2025-03-02 03:15:00,0.42909
2025-03-02 03:30:00,0.38909
2025-03-02 03:45:00,0.44382
2025-03-02 04:00:00,0.54172
2025-03-02 04:15:00,0.48030
2025-03-02 04:30:00,0.47517
2025-03-02 04:45:00,0.58773
2025-03-02 05:00:00,0.66774
2025-03-02 05:15:00,0.56395
2025-03-02 05:30:00,0.51025
2025-03-02 05:45:00,0.33304
2025-03-02 06:00:00,0.58990
2025-03-02 06:15:00,0.60409
2025-03-02 06:30:00,0.54322
2025-03-02 06:45:00,0.50977
2025-03-02 07:00:00,0.42098
2025-03-02 07:15:00,0.72822
2025-03-02 07:30:00,0.64935
2025-03-02 07:45:00,0.56399
2025-03-02 08:00:00,0.68937
2025-03-02 08:15:00,0.60734
2025-03-02 08:30:00,0.53700
2025-03-02 08:45:00,0.42307
2025-03-02 09:00:00,0.69164
2025-03-02 09:15:00,0.79435
2025-03-02 09:30:00,0.55076
2025-03-02 09:45:00,0.70772
2025-03-02 10:00:00,0.48004
2025-03-02 10:15:00,0.69161
2025-03-02 10:30:00,0.86597
2025-03-02 10:45:00,0.67502
2025-03-02 11:00:00,0.66809
2025-03-02 11:15:00,0.81021
2025-03-02 11:30:00,0.63203
2025-03-02 11:45:00,0.91321
2025-03-02 12:00:00,0.90374
2025-03-02 12:15:00,0.65877
2025-03-02 12:30:00,0.68408
2025-03-02 12:45:00,0.62682
2025-03-02 13:00:00,0.72832
2025-03-02 13:15:00,0.63269
2025-03-02 13:30:00,0.67417
2025-03-02 13:45:00,0.89160
2025-03-02 14:00:00,0.68120
2025-03-02 14:15:00,0.80853
2025-03-02 14:30:00,0.56503
2025-03-02 14:45:00,0.77694
2025-03-02 15:00:00,0.67831
2025-03-02 15:15:00,0.62675
2025-03-02 15:30:00,0.58853
2025-03-02 15:45:00,0.62829
2025-03-02 16:00:00,0.89474
2025-03-02 16:15:00,0.80392
2025-03-02 16:30:00,0.62688
2025-03-02 16:45:00,0.70012
2025-03-02 17:00:00,0.55918
2025-03-02 17:15:00,0.72891
2025-03-02 17:30:00,0.80863
2025-03-02 17:45:00,0.67858
2025-03-02 18:00:00,0.62968
2025-03-02 18:15:00,0.72576
2025-03-02 18:30:00,0.53755
2025-03-02 18:45:00,0.61645
2025-03-02 19:00:00,0.69356
2025-03-02 19:15:00,0.55476
2025-03-02 19:30:00,0.57153
2025-03-02 19:45:00,0.53122
2025-03-02 20:00:00,0.46828
2025-03-02 20:15:00,0.61692
2025-03-02 20:30:00,0.43178
2025-03-02 20:45:00,0.46812
2025-03-02 21:00:00,0.42988
2025-03-02 21:15:00,0.43712
2025-03-02 21:30:00,0.59182
2025-03-02 21:45:00,0.60386
2025-03-02 22:00:00,0.64195
2025-03-02 22:15:00,0.74882
2025-03-02 22:30:00,0.69028
2025-03-02 22:45:00,0.62179
2025-03-02 23:00:00,0.74091
2025-03-02 23:15:00,0.65700
2025-03-02 23:30:00,0.67406
2025-03-02 23:45:00,0.72051
2025-03-03 00:00:00,0.60600
2025-03-03 00:15:00,0.54865
2025-03-03 00:30:00,0.66201
2025-03-03 00:45:00,0.46536
2025-03-03 01:00:00,0.34203
2025-03-03 01:15:00,0.50215
2025-03-03 01:30:00,0.54191
2025-03-03 01:45:00,0.66365
2025-03-03 02:00:00,0.49030
2025-03-03 02:15:00,0.50470
2025-03-03 02:30:00,0.55545
2025-03-03 02:45:00,0.57784
2025-03-03 03:00:00,0.47467
2025-03-03 03:15:00,0.73754
2025-03-03 03:30:00,0.50522
2025-03-03 03:45:00,0.56920
2025-03-03 04:00:00,0.51845
2025-03-03 04:15:00,0.49569
2025-03-03 04:30:00,0.58372
2025-03-03 04:45:00,0.38977
2025-03-03 05:00:00,0.44274
2025-03-03 05:15:00,0.67823
2025-03-03 05:30:00,0.43480
2025-03-03 05:45:00,0.59233
2025-03-03 06:00:00,0.49545
2025-03-03 06:15:00,0.71646
2025-03-03 06:30:00,0.67727
2025-03-03 06:45:00,0.62635
2025-03-03 07:00:00,0.50927
2025-03-03 07:15:00,0.56132
2025-03-03 07:30:00,0.62397
2025-03-03 07:45:00,0.74978
2025-03-03 08:00:00,0.63081
2025-03-03 08:15:00,0.66797
2025-03-03 08:30:00,0.47463
2025-03-03 08:45:00,0.62243
2025-03-03 09:00:00,0.74564
2025-03-03 09:15:00,0.69251
2025-03-03 09:30:00,0.66651
2025-03-03 09:45:00,0.58841
2025-03-03 10:00:00,0.67668
2025-03-03 10:15:00,0.57550
2025-03-03 10:30:00,0.65042
2025-03-03 10:45:00,0.73526
2025-03-03 11:00:00,0.44867
2025-03-03 11:15:00,0.53739
2025-03-03 11:30:00,0.53878
2025-03-03 11:45:00,0.55894
2025-03-03 12:00:00,0.60445
2025-03-03 12:15:00,0.75000
2025-03-03 12:30:00,0.76709
2025-03-03 12:45:00,0.70128
2025-03-03 13:00:00,0.77382
2025-03-03 13:15:00,0.51512
2025-03-03 13:30:00,0.50486
2025-03-03 13:45:00,0.64517
2025-03-03 14:00:00,0.75026
2025-03-03 14:15:00,0.71536
2025-03-03 14:30:00,0.50295
2025-03-03 14:45:00,0.42102
2025-03-03 15:00:00,0.76271
2025-03-03 15:15:00,0.74187
2025-03-03 15:30:00,0.63774
2025-03-03 15:45:00,0.72601
2025-03-03 16:00:00,0.66725
2025-03-03 16:15:00,0.85274
2025-03-03 16:30:00,0.53535
2025-03-03 16:45:00,0.45458
2025-03-03 17:00:00,0.60438
2025-03-03 17:15:00,0.55202
2025-03-03 17:30:00,0.60801
2025-03-03 17:45:00,0.62469
2025-03-03 18:00:00,0.48704
2025-03-03 18:15:00,0.50238
2025-03-03 18:30:00,0.39113
2025-03-03 18:45:00,0.47536
2025-03-03 19:00:00,0.62824
2025-03-03 19:15:00,0.66716
2025-03-03 19:30:00,0.64375
2025-03-03 19:45:00,0.54120
2025-03-03 20:00:00,0.69787
2025-03-03 20:15:00,0.72307
2025-03-03 20:30:00,0.63214
2025-03-03 20:45:00,0.62558
2025-03-03 21:00:00,0.61015
2025-03-03 21:15:00,0.61114
2025-03-03 21:30:00,0.48016
2025-03-03 21:45:00,0.37853
2025-03-03 22:00:00,0.57264
2025-03-03 22:15:00,0.82564
2025-03-03 22:30:00,0.53454
2025-03-03 22:45:00,0.64354
2025-03-03 23:00:00,0.55586
2025-03-03 23:15:00,0.48604
2025-03-03 23:30:00,0.43904
2025-03-03 23:45:00,0.53043
2025-03-04 00:00:00,0.54643
2025-03-04 00:15:00,0.72295
2025-03-04 00:30:00,0.73354
2025-03-04 00:45:00,0.69223
2025-03-04 01:00:00,0.59478
2025-03-04 01:15:00,0.48635
2025-03-04 01:30:00,0.59071
2025-03-04 01:45:00,0.53324
2025-03-04 02:00:00,0.56080
2025-03-04 02:15:00,0.48199
2025-03-04 02:30:00,0.51528
2025-03-04 02:45:00,0.71504
2025-03-04 03:00:00,0.55366
2025-03-04 03:15:00,0.64691
2025-03-04 03:30:00,0.54514
2025-03-04 03:45:00,0.46827
2025-03-04 04:00:00,0.62163
2025-03-04 04:15:00,0.58222
2025-03-04 04:30:00,0.51266
2025-03-04 04:45:00,0.52162
2025-03-04 05:00:00,0.54724
2025-03-04 05:15:00,0.48384
2025-03-04 05:30:00,0.60805
2025-03-04 05:45:00,0.57061
2025-03-04 06:00:00,0.52428
2025-03-04 06:15:00,0.49197
2025-03-04 06:30:00,0.68591
2025-03-04 06:45:00,0.69547
2025-03-04 07:00:00,0.48740
2025-03-04 07:15:00,0.53095
2025-03-04 07:30:00,0.55717
2025-03-04 07:45:00,0.74954
2025-03-04 08:00:00,0.54896
2025-03-04 08:15:00,0.59809
2025-03-04 08:30:00,0.71454
2025-03-04 08:45:00,0.53083
2025-03-04 09:00:00,0.51250
2025-03-04 09:15:00,0.45723
2025-03-04 09:30:00,0.60552
2025-03-04 09:45:00,0.59541
2025-03-04 10:00:00,0.77314
2025-03-04 10:15:00,0.73570
2025-03-04 10:30:00,0.69392
2025-03-04 10:45:00,0.76468
2025-03-04 11:00:00,0.82866
2025-03-04 11:15:00,0.69663
2025-03-04 11:30:00,0.59384
2025-03-04 11:45:00,0.47292
2025-03-04 12:00:00,0.58009
2025-03-04 12:15:00,0.60087
2025-03-04 12:30:00,0.63007
2025-03-04 12:45:00,0.71609
2025-03-04 13:00:00,0.68703
2025-03-04 13:15:00,0.86949
2025-03-04 13:30:00,0.69060
2025-03-04 13:45:00,0.72258
2025-03-04 14:00:00,0.73719
2025-03-04 14:15:00,0.70591
2025-03-04 14:30:00,0.73793
2025-03-04 14:45:00,0.78480
2025-03-04 15:00:00,0.70881
2025-03-04 15:15:00,0.64154
2025-03-04 15:30:00,0.73472
2025-03-04 15:45:00,0.73274
2025-03-04 16:00:00,0.62647
2025-03-04 16:15:00,0.68155
2025-03-04 16:30:00,0.61735
2025-03-04 16:45:00,0.59624
2025-03-04 17:00:00,0.58453
2025-03-04 17:15:00,0.54847
2025-03-04 17:30:00,0.52581
2025-03-04 17:45:00,0.51840
2025-03-04 18:00:00,0.71797
2025-03-04 18:15:00,0.72484
2025-03-04 18:30:00,0.52850
2025-03-04 18:45:00,0.61800
2025-03-04 19:00:00,0.57928
2025-03-04 19:15:00,0.49029
2025-03-04 19:30:00,0.63666
2025-03-04 19:45:00,0.69596
2025-03-04 20:00:00,0.54171
2025-03-04 20:15:00,0.59116
2025-03-04 20:30:00,0.60698
2025-03-04 20:45:00,0.57872
2025-03-04 21:00:00,0.51075
2025-03-04 21:15:00,0.42594
2025-03-04 21:30:00,0.41155
2025-03-04 21:45:00,0.36693
2025-03-04 22:00:00,0.30714
2025-03-04 22:15:00,0.35593
2025-03-04 22:30:00,0.34194
2025-03-04 22:45:00,0.30779
2025-03-04 23:00:00,0.47065
2025-03-04 23:15:00,0.56709
2025-03-04 23:30:00,0.55098
2025-03-04 23:45:00,0.31260
2025-03-05 00:00:00,0.39605
2025-03-05 00:15:00,0.44796
2025-03-05 00:30:00,0.41983
2025-03-05 00:45:00,0.47505
2025-03-05 01:00:00,0.52436
2025-03-05 01:15:00,0.33288
2025-03-05 01:30:00,0.41430
2025-03-05 01:45:00,0.61661
2025-03-05 02:00:00,0.50638
2025-03-05 02:15:00,0.66005
2025-03-05 02:30:00,0.56624
2025-03-05 02:45:00,0.52990
2025-03-05 03:00:00,0.56254
2025-03-05 03:15:00,0.66319
2025-03-05 03:30:00,0.60910
2025-03-05 03:45:00,0.42972
2025-03-05 04:00:00,0.26624
2025-03-05 04:15:00,0.41748
2025-03-05 04:30:00,0.54128
2025-03-05 04:45:00,0.55463
2025-03-05 05:00:00,0.55279
2025-03-05 05:15:00,0.48623
2025-03-05 05:30:00,0.41888
2025-03-05 05:45:00,0.64008
2025-03-05 06:00:00,0.61892
2025-03-05 06:15:00,0.54768
2025-03-05 06:30:00,0.64260
2025-03-05 06:45:00,0.65269
2025-03-05 07:00:00,0.67994
2025-03-05 07:15:00,0.60648
2025-03-05 07:30:00,0.67274
2025-03-05 07:45:00,0.57077
2025-03-05 08:00:00,0.71497
2025-03-05 08:15:00,0.76355
2025-03-05 08:30:00,0.55778
2025-03-05 08:45:00,0.53926
2025-03-05 09:00:00,0.60402
2025-03-05 09:15:00,0.54782
2025-03-05 09:30:00,0.55191
2025-03-05 09:45:00,0.55626
2025-03-05 10:00:00,0.75384
2025-03-05 10:15:00,0.63009
2025-03-05 10:30:00,0.62195
2025-03-05 10:45:00,0.60344
2025-03-05 11:00:00,0.68036
2025-03-05 11:15:00,0.63106
2025-03-05 11:30:00,0.42339
2025-03-05 11:45:00,0.60131
2025-03-05 12:00:00,0.60304
2025-03-05 12:15:00,0.92478
2025-03-05 12:30:00,0.72172
2025-03-05 12:45:00,0.64191
2025-03-05 13:00:00,0.75875
2025-03-05 13:15:00,0.86509
2025-03-05 13:30:00,0.93479
2025-03-05 13:45:00,0.67261
2025-03-05 14:00:00,0.63683
2025-03-05 14:15:00,0.71754
2025-03-05 14:30:00,0.76593
2025-03-05 14:45:00,0.75844
2025-03-05 15:00:00,0.64180
2025-03-05 15:15:00,0.65335
2025-03-05 15:30:00,0.73655
2025-03-05 15:45:00,0.66736
2025-03-05 16:00:00,0.62374
2025-03-05 16:15:00,0.66109
2025-03-05 16:30:00,0.72282
2025-03-05 16:45:00,0.66756
2025-03-05 17:00:00,0.58175
2025-03-05 17:15:00,0.59569
2025-03-05 17:30:00,0.60757
2025-03-05 17:45:00,0.63224
2025-03-05 18:00:00,0.58199
2025-03-05 18:15:00,0.59293
2025-03-05 18:30:00,0.56795
2025-03-05 18:45:00,0.63690
2025-03-05 19:00:00,0.49971
2025-03-05 19:15:00,0.50458
2025-03-05 19:30:00,0.64988
2025-03-05 19:45:00,0.39293
2025-03-05 20:00:00,0.53977
2025-03-05 20:15:00,0.58637
2025-03-05 20:30:00,0.43007
2025-03-05 20:45:00,0.53583
2025-03-05 21:00:00,0.34815
2025-03-05 21:15:00,0.72983
2025-03-05 21:30:00,0.77119
2025-03-05 21:45:00,0.77592
2025-03-05 22:00:00,0.59240
2025-03-05 22:15:00,0.63464
2025-03-05 22:30:00,0.73023
2025-03-05 22:45:00,0.66609
2025-03-05 23:00:00,0.68169
2025-03-05 23:15:00,0.68535
2025-03-05 23:30:00,0.60126
2025-03-05 23:45:00,0.58544
2025-03-06 00:00:00,0.60638
2025-03-06 00:15:00,0.39092
2025-03-06 00:30:00,0.52062
2025-03-06 00:45:00,0.50220
2025-03-06 01:00:00,0.63042
2025-03-06 01:15:00,0.51744
2025-03-06 01:30:00,0.50652
2025-03-06 01:45:00,0.47702
2025-03-06 02:00:00,0.50946
2025-03-06 02:15:00,0.61035
2025-03-06 02:30:00,0.64340
2025-03-06 02:45:00,0.51918
2025-03-06 03:00:00,0.67459
2025-03-06 03:15:00,0.62235
2025-03-06 03:30:00,0.51035
2025-03-06 03:45:00,0.57266
2025-03-06 04:00:00,0.56450
2025-03-06 04:15:00,0.35415
2025-03-06 04:30:00,0.43129
2025-03-06 04:45:00,0.51814
2025-03-06 05:00:00,0.23828
2025-03-06 05:15:00,0.60973
2025-03-06 05:30:00,0.54291
2025-03-06 05:45:00,0.65757
2025-03-06 06:00:00,0.61595
2025-03-06 06:15:00,0.59989
2025-03-06 06:30:00,0.48885
2025-03-06 06:45:00,0.60277
2025-03-06 07:00:00,0.56959
2025-03-06 07:15:00,0.57256
2025-03-06 07:30:00,0.52090
2025-03-06 07:45:00,0.51218
2025-03-06 08:00:00,0.69682
2025-03-06 08:15:00,0.73958
2025-03-06 08:30:00,0.71888
2025-03-06 08:45:00,0.65195
2025-03-06 09:00:00,0.61317
2025-03-06 09:15:00,0.76762
2025-03-06 09:30:00,0.60869
2025-03-06 09:45:00,0.64568
2025-03-06 10:00:00,0.59274
2025-03-06 10:15:00,0.65426
2025-03-06 10:30:00,0.80808
2025-03-06 10:45:00,0.59072
2025-03-06 11:00:00,0.71878
2025-03-06 11:15:00,0.75617
2025-03-06 11:30:00,0.62379
2025-03-06 11:45:00,0.72567
2025-03-06 12:00:00,0.73945
2025-03-06 12:15:00,0.73846
2025-03-06 12:30:00,0.69838
2025-03-06 12:45:00,0.68982
2025-03-06 13:00:00,0.73092
2025-03-06 13:15:00,0.62698
2025-03-06 13:30:00,0.74550
2025-03-06 13:45:00,0.62374
2025-03-06 14:00:00,0.87463
2025-03-06 14:15:00,0.69372
2025-03-06 14:30:00,0.78782
2025-03-06 14:45:00,0.56995
2025-03-06 15:00:00,0.49804
2025-03-06 15:15:00,0.54409
2025-03-06 15:30:00,0.55758
2025-03-06 15:45:00,0.75364
2025-03-06 16:00:00,0.72102
2025-03-06 16:15:00,0.45931
2025-03-06 16:30:00,0.64744
2025-03-06 16:45:00,0.74600
2025-03-06 17:00:00,0.65865
2025-03-06 17:15:00,0.33864
2025-03-06 17:30:00,0.37942
2025-03-06 17:45:00,0.29916
2025-03-06 18:00:00,0.52373
2025-03-06 18:15:00,0.50878
2025-03-06 18:30:00,0.49766
2025-03-06 18:45:00,0.65290
2025-03-06 19:00:00,0.60779
2025-03-06 19:15:00,0.61783
2025-03-06 19:30:00,0.51677
2025-03-06 19:45:00,0.59800
2025-03-06 20:00:00,0.57522
2025-03-06 20:15:00,0.53855
2025-03-06 20:30:00,0.50328
2025-03-06 20:45:00,0.47250
2025-03-06 21:00:00,0.48650
2025-03-06 21:15:00,0.38590
2025-03-06 21:30:00,0.63447
2025-03-06 21:45:00,0.74763
2025-03-06 22:00:00,0.70178
2025-03-06 22:15:00,0.42920
2025-03-06 22:30:00,0.42804
2025-03-06 22:45:00,0.36060
2025-03-06 23:00:00,0.58626
2025-03-06 23:15:00,0.59158
2025-03-06 23:30:00,0.69074
2025-03-06 23:45:00,0.62267
2025-03-07 00:00:00,0.55682
2025-03-07 00:15:00,0.54040
2025-03-07 00:30:00,0.55445
2025-03-07 00:45:00,0.47077
2025-03-07 01:00:00,0.65118
2025-03-07 01:15:00,0.45841
2025-03-07 01:30:00,0.65383
2025-03-07 01:45:00,0.65003
2025-03-07 02:00:00,0.63118
2025-03-07 02:15:00,0.58332
2025-03-07 02:30:00,0.55913
2025-03-07 02:45:00,0.53793
2025-03-07 03:00:00,0.52770
2025-03-07 03:15:00,0.45133
2025-03-07 03:30:00,0.51781
2025-03-07 03:45:00,0.62894
2025-03-07 04:00:00,0.64278
2025-03-07 04:15:00,0.58961
2025-03-07 04:30:00,0.69671
2025-03-07 04:45:00,0.86583
2025-03-07 05:00:00,0.66998
2025-03-07 05:15:00,0.60456
2025-03-07 05:30:00,0.49290
2025-03-07 05:45:00,0.68226
2025-03-07 06:00:00,0.55434
2025-03-07 06:15:00,0.46796
2025-03-07 06:30:00,0.50261
2025-03-07 06:45:00,0.46656
2025-03-07 07:00:00,0.61609
2025-03-07 07:15:00,0.68151
2025-03-07 07:30:00,0.66799
2025-03-07 07:45:00,0.60468
2025-03-07 08:00:00,0.49231
2025-03-07 08:15:00,0.48466
2025-03-07 08:30:00,0.68840
2025-03-07 08:45:00,0.56658
2025-03-07 09:00:00,0.42854
2025-03-07 09:15:00,0.48579
2025-03-07 09:30:00,0.50743
2025-03-07 09:45:00,0.75519
2025-03-07 10:00:00,0.63156
2025-03-07 10:15:00,0.59694
2025-03-07 10:30:00,0.41887
2025-03-07 10:45:00,0.59053
2025-03-07 11:00:00,0.71235
2025-03-07 11:15:00,0.65631
2025-03-07 11:30:00,0.67526
2025-03-07 11:45:00,0.62238
2025-03-07 12:00:00,0.73842
2025-03-07 12:15:00,0.96971
2025-03-07 12:30:00,0.76287
2025-03-07 12:45:00,0.73206
2025-03-07 13:00:00,0.67591
2025-03-07 13:15:00,0.58879
2025-03-07 13:30:00,0.63768
2025-03-07 13:45:00,0.66399
2025-03-07 14:00:00,0.67468
2025-03-07 14:15:00,0.63854
2025-03-07 14:30:00,0.80069
2025-03-07 14:45:00,0.64525
2025-03-07 15:00:00,0.71764
2025-03-07 15:15:00,0.78066
2025-03-07 15:30:00,0.72201
2025-03-07 15:45:00,0.79875
2025-03-07 16:00:00,0.80009
2025-03-07 16:15:00,0.70550
2025-03-07 16:30:00,0.70761
2025-03-07 16:45:00,0.58250
2025-03-07 17:00:00,0.40512
2025-03-07 17:15:00,0.59294
2025-03-07 17:30:00,0.55880
2025-03-07 17:45:00,0.61629
2025-03-07 18:00:00,0.65831
2025-03-07 18:15:00,0.70886
2025-03-07 18:30:00,0.80261
2025-03-07 18:45:00,0.68704
2025-03-07 19:00:00,0.53753
2025-03-07 19:15:00,0.68104
2025-03-07 19:30:00,0.71146
2025-03-07 19:45:00,0.76340
2025-03-07 20:00:00,0.47529
2025-03-07 20:15:00,0.52012
2025-03-07 20:30:00,0.43282
2025-03-07 20:45:00,0.61081
2025-03-07 21:00:00,0.61557
2025-03-07 21:15:00,0.68460
2025-03-07 21:30:00,0.65996
2025-03-07 21:45:00,0.58952
2025-03-07 22:00:00,0.59907
2025-03-07 22:15:00,0.58211
2025-03-07 22:30:00,0.49852
2025-03-07 22:45:00,0.55026
2025-03-07 23:00:00,0.45627
2025-03-07 23:15:00,0.54915
2025-03-07 23:30:00,0.55428
2025-03-07 23:45:00,0.61540
2025-03-08 00:00:00,0.45291
2025-03-08 00:15:00,0.40284
2025-03-08 00:30:00,0.48864
2025-03-08 00:45:00,0.44589
2025-03-08 01:00:00,0.41084
2025-03-08 01:15:00,0.56031
2025-03-08 01:30:00,0.64114
2025-03-08 01:45:00,0.68893
2025-03-08 02:00:00,0.48665
2025-03-08 02:15:00,0.47959
2025-03-08 02:30:00,0.50230
2025-03-08 02:45:00,0.38141
2025-03-08 03:00:00,0.45150
2025-03-08 03:15:00,0.56745
2025-03-08 03:30:00,0.38264
2025-03-08 03:45:00,0.61815
2025-03-08 04:00:00,0.68305
2025-03-08 04:15:00,0.62925
2025-03-08 04:30:00,0.71856
2025-03-08 04:45:00,0.66594
2025-03-08 05:00:00,0.68684
2025-03-08 05:15:00,0.53529
2025-03-08 05:30:00,0.48715
2025-03-08 05:45:00,0.30584
2025-03-08 06:00:00,0.60193
2025-03-08 06:15:00,0.38599
2025-03-08 06:30:00,0.61950
2025-03-08 06:45:00,0.61164
2025-03-08 07:00:00,0.53803
2025-03-08 07:15:00,0.51006
2025-03-08 07:30:00,0.53054
2025-03-08 07:45:00,0.42588
2025-03-08 08:00:00,0.58382
2025-03-08 08:15:00,0.89290
2025-03-08 08:30:00,0.61771
2025-03-08 08:45:00,0.56450
2025-03-08 09:00:00,0.59501
2025-03-08 09:15:00,0.37865
2025-03-08 09:30:00,0.70122
2025-03-08 09:45:00,0.51401
2025-03-08 10:00:00,0.58271
2025-03-08 10:15:00,0.66050
2025-03-08 10:30:00,0.73228
2025-03-08 10:45:00,0.66218
2025-03-08 11:00:00,0.63428
2025-03-08 11:15:00,0.71467
2025-03-08 11:30:00,0.63584
2025-03-08 11:45:00,0.67800
2025-03-08 12:00:00,0.67303
2025-03-08 12:15:00,0.71009
2025-03-08 12:30:00,0.85079
2025-03-08 12:45:00,0.83123
2025-03-08 13:00:00,0.74988
2025-03-08 13:15:00,0.68459
2025-03-08 13:30:00,0.69508
2025-03-08 13:45:00,0.54262
2025-03-08 14:00:00,0.59780
2025-03-08 14:15:00,0.39306
2025-03-08 14:30:00,0.49743
2025-03-08 14:45:00,0.43418
2025-03-08 15:00:00,0.58053
2025-03-08 15:15:00,0.53286
2025-03-08 15:30:00,0.64982
2025-03-08 15:45:00,0.71804
2025-03-08 16:00:00,0.72267
2025-03-08 16:15:00,0.49489
2025-03-08 16:30:00,0.72684
2025-03-08 16:45:00,0.72545
2025-03-08 17:00:00,0.85797
2025-03-08 17:15:00,0.85480
2025-03-08 17:30:00,0.50507
2025-03-08 17:45:00,0.57616
2025-03-08 18:00:00,0.68513
2025-03-08 18:15:00,0.65387
2025-03-08 18:30:00,0.80182
2025-03-08 18:45:00,0.87353
2025-03-08 19:00:00,0.72754
2025-03-08 19:15:00,0.52507
2025-03-08 19:30:00,0.59628
2025-03-08 19:45:00,0.56498
2025-03-08 20:00:00,0.52761
2025-03-08 20:15:00,0.81050
2025-03-08 20:30:00,0.46071
2025-03-08 20:45:00,0.52359
2025-03-08 21:00:00,0.52344
2025-03-08 21:15:00,0.59097
2025-03-08 21:30:00,0.60327
2025-03-08 21:45:00,0.70966
2025-03-08 22:00:00,0.66037
2025-03-08 22:15:00,0.68594
2025-03-08 22:30:00,0.58288
2025-03-08 22:45:00,0.33643
2025-03-08 23:00:00,0.70292
2025-03-08 23:15:00,0.52162
2025-03-08 23:30:00,0.59577
2025-03-08 23:45:00,0.60124
2025-03-09 00:00:00,0.58003
2025-03-09 00:15:00,0.59356
2025-03-09 00:30:00,0.60386
2025-03-09 00:45:00,0.62915
2025-03-09 01:00:00,0.54026
2025-03-09 01:15:00,0.55389
2025-03-09 01:30:00,0.53056
2025-03-09 01:45:00,0.41190
2025-03-09 02:00:00,0.37415
2025-03-09 02:15:00,0.44749
2025-03-09 02:30:00,0.49201
2025-03-09 02:45:00,0.47635
2025-03-09 03:00:00,0.57136
2025-03-09 03:15:00,0.55374
2025-03-09 03:30:00,0.69652
2025-03-09 03:45:00,0.63070
2025-03-09 04:00:00,0.43354
2025-03-09 04:15:00,0.62789
2025-03-09 04:30:00,0.52588
2025-03-09 04:45:00,0.59458
2025-03-09 05:00:00,0.58080
2025-03-09 05:15:00,0.49135
2025-03-09 05:30:00,0.73254
2025-03-09 05:45:00,0.55264
2025-03-09 06:00:00,0.45143
2025-03-09 06:15:00,0.63733
2025-03-09 06:30:00,0.64137
2025-03-09 06:45:00,0.45140
2025-03-09 07:00:00,0.67511
2025-03-09 07:15:00,0.48267
2025-03-09 07:30:00,0.39114
2025-03-09 07:45:00,0.57433
2025-03-09 08:00:00,0.74213
2025-03-09 08:15:00,0.78989
2025-03-09 08:30:00,0.66908
2025-03-09 08:45:00,0.63764
2025-03-09 09:00:00,0.64979
2025-03-09 09:15:00,0.71064
2025-03-09 09:30:00,0.74358
2025-03-09 09:45:00,0.78684
2025-03-09 10:00:00,0.57687
2025-03-09 10:15:00,0.53806
2025-03-09 10:30:00,0.58287
2025-03-09 10:45:00,0.54610
2025-03-09 11:00:00,0.79863
2025-03-09 11:15:00,0.58254
2025-03-09 11:30:00,0.62907
2025-03-09 11:45:00,0.62221
2025-03-09 12:00:00,0.63384
2025-03-09 12:15:00,0.36297
2025-03-09 12:30:00,0.61559
2025-03-09 12:45:00,0.70164
2025-03-09 13:00:00,0.57831
2025-03-09 13:15:00,0.53992
2025-03-09 13:30:00,0.55422
2025-03-09 13:45:00,0.79098
2025-03-09 14:00:00,0.80118
2025-03-09 14:15:00,0.62669
2025-03-09 14:30:00,0.60415
2025-03-09 14:45:00,0.80640
2025-03-09 15:00:00,0.77446
2025-03-09 15:15:00,0.44090
2025-03-09 15:30:00,0.41870
2025-03-09 15:45:00,0.47773
2025-03-09 16:00:00,0.53094
2025-03-09 16:15:00,0.74836
2025-03-09 16:30:00,0.51909
2025-03-09 16:45:00,0.79406
2025-03-09 17:00:00,0.80450
2025-03-09 17:15:00,0.63397
2025-03-09 17:30:00,0.69646
2025-03-09 17:45:00,0.51539
2025-03-09 18:00:00,0.60605
2025-03-09 18:15:00,0.70988
2025-03-09 18:30:00,0.77475
2025-03-09 18:45:00,0.58386
2025-03-09 19:00:00,0.71294
2025-03-09 19:15:00,0.61093
2025-03-09 19:30:00,0.65370
2025-03-09 19:45:00,0.47175
2025-03-09 20:00:00,0.46331
2025-03-09 20:15:00,0.47243
2025-03-09 20:30:00,0.69922
2025-03-09 20:45:00,0.55267
2025-03-09 21:00:00,0.57471
2025-03-09 21:15:00,0.54479
2025-03-09 21:30:00,0.54977
2025-03-09 21:45:00,0.55249
2025-03-09 22:00:00,0.57496
2025-03-09 22:15:00,0.76318
2025-03-09 22:30:00,0.67767
2025-03-09 22:45:00,0.56842
2025-03-09 23:00:00,0.49070
2025-03-09 23:15:00,0.38724
2025-03-09 23:30:00,0.41610
2025-03-09 23:45:00,0.54569
2025-03-10 00:00:00,0.35158
2025-03-10 00:15:00,0.50589
2025-03-10 00:30:00,0.52861
2025-03-10 00:45:00,0.47817
2025-03-10 01:00:00,0.45088
2025-03-10 01:15:00,0.45044
2025-03-10 01:30:00,0.53568
2025-03-10 01:45:00,0.50038
2025-03-10 02:00:00,0.49913
2025-03-10 02:15:00,0.58121
2025-03-10 02:30:00,0.51963
2025-03-10 02:45:00,0.35968
2025-03-10 03:00:00,0.51192
2025-03-10 03:15:00,0.49379
2025-03-10 03:30:00,0.67492
2025-03-10 03:45:00,0.68686
2025-03-10 04:00:00,0.59966
2025-03-10 04:15:00,0.44626
2025-03-10 04:30:00,0.50714
2025-03-10 04:45:00,0.57317
2025-03-10 05:00:00,0.68367
2025-03-10 05:15:00,0.65900
2025-03-10 05:30:00,0.81112
2025-03-10 05:45:00,0.80642
2025-03-10 06:00:00,0.68716
2025-03-10 06:15:00,0.60183
2025-03-10 06:30:00,0.56233
2025-03-10 06:45:00,0.58166
2025-03-10 07:00:00,0.53568
2025-03-10 07:15:00,0.83419
2025-03-10 07:30:00,0.55823
2025-03-10 07:45:00,0.54358
2025-03-10 08:00:00,0.58045
2025-03-10 08:15:00,0.55767
2025-03-10 08:30:00,0.67824
2025-03-10 08:45:00,0.56051
2025-03-10 09:00:00,0.60214
2025-03-10 09:15:00,0.62906
2025-03-10 09:30:00,0.76352
2025-03-10 09:45:00,0.59314
2025-03-10 10:00:00,0.56259
2025-03-10 10:15:00,0.42643
2025-03-10 10:30:00,0.48870
2025-03-10 10:45:00,0.76843
2025-03-10 11:00:00,0.62293
2025-03-10 11:15:00,0.66851
2025-03-10 11:30:00,0.58058
2025-03-10 11:45:00,0.66458
2025-03-10 12:00:00,0.54594
2025-03-10 12:15:00,0.56019
2025-03-10 12:30:00,0.67078
2025-03-10 12:45:00,0.62113
2025-03-10 13:00:00,0.61779
2025-03-10 13:15:00,0.80629
2025-03-10 13:30:00,0.77822
2025-03-10 13:45:00,0.70038
2025-03-10 14:00:00,0.68917
2025-03-10 14:15:00,0.54251
2025-03-10 14:30:00,0.67185
2025-03-10 14:45:00,0.52700
2025-03-10 15:00:00,0.58521
2025-03-10 15:15:00,0.76376
2025-03-10 15:30:00,0.74173
2025-03-10 15:45:00,0.66701
2025-03-10 16:00:00,0.69050
2025-03-10 16:15:00,0.65626
2025-03-10 16:30:00,0.69625
2025-03-10 16:45:00,0.63588
2025-03-10 17:00:00,0.66633
2025-03-10 17:15:00,0.67681
2025-03-10 17:30:00,0.88578
2025-03-10 17:45:00,0.89323
2025-03-10 18:00:00,0.62620
2025-03-10 18:15:00,0.51930
2025-03-10 18:30:00,0.67784
2025-03-10 18:45:00,0.98157
2025-03-10 19:00:00,0.89539
2025-03-10 19:15:00,0.89643
2025-03-10 19:30:00,0.55622
2025-03-10 19:45:00,0.63243
2025-03-10 20:00:00,0.69625
2025-03-10 20:15:00,0.80358
2025-03-10 20:30:00,0.54601
2025-03-10 20:45:00,0.60044
2025-03-10 21:00:00,0.50422
2025-03-10 21:15:00,0.67251
2025-03-10 21:30:00,0.70353
2025-03-10 21:45:00,0.56210
2025-03-10 22:00:00,0.56534
2025-03-10 22:15:00,0.58594
2025-03-10 22:30:00,0.57820
2025-03-10 22:45:00,0.64016
2025-03-10 23:00:00,0.58993
2025-03-10 23:15:00,0.54706
2025-03-10 23:30:00,0.57079
2025-03-10 23:45:00,0.31193
2025-03-11 00:00:00,0.43344
2025-03-11 00:15:00,0.53023
2025-03-11 00:30:00,0.75293
2025-03-11 00:45:00,0.56579
2025-03-11 01:00:00,0.70739
2025-03-11 01:15:00,0.58134
2025-03-11 01:30:00,0.46813
2025-03-11 01:45:00,0.51538
2025-03-11 02:00:00,0.55167
2025-03-11 02:15:00,0.83395
2025-03-11 02:30:00,0.74777
2025-03-11 02:45:00,0.71423
2025-03-11 03:00:00,0.31334
2025-03-11 03:15:00,0.35846
2025-03-11 03:30:00,0.56700
2025-03-11 03:45:00,0.56356
2025-03-11 04:00:00,0.39806
2025-03-11 04:15:00,0.53374
2025-03-11 04:30:00,0.40562
2025-03-11 04:45:00,0.61376
2025-03-11 05:00:00,0.70962
2025-03-11 05:15:00,0.64632
2025-03-11 05:30:00,0.50497
2025-03-11 05:45:00,0.45609
2025-03-11 06:00:00,0.34813
2025-03-11 06:15:00,0.39155
2025-03-11 06:30:00,0.43932
2025-03-11 06:45:00,0.65499
2025-03-11 07:00:00,0.65674
2025-03-11 07:15:00,0.58758
2025-03-11 07:30:00,0.63375
2025-03-11 07:45:00,0.64727
2025-03-11 08:00:00,0.57146
2025-03-11 08:15:00,0.41980
2025-03-11 08:30:00,0.56725
2025-03-11 08:45:00,0.38467
2025-03-11 09:00:00,0.41029
2025-03-11 09:15:00,0.38835
2025-03-11 09:30:00,0.54818
2025-03-11 09:45:00,0.59803
2025-03-11 10:00:00,0.69987
2025-03-11 10:15:00,0.76826
2025-03-11 10:30:00,0.55824
2025-03-11 10:45:00,0.61469
2025-03-11 11:00:00,0.59757
2025-03-11 11:15:00,0.55863
2025-03-11 11:30:00,0.68265
2025-03-11 11:45:00,0.71444
2025-03-11 12:00:00,0.74708
2025-03-11 12:15:00,0.72037
2025-03-11 12:30:00,0.74383
2025-03-11 12:45:00,0.60236
2025-03-11 13:00:00,0.68391
2025-03-11 13:15:00,0.74013
2025-03-11 13:30:00,0.77983
2025-03-11 13:45:00,0.79820
2025-03-11 14:00:00,0.81815
2025-03-11 14:15:00,0.84820
2025-03-11 14:30:00,0.87103
2025-03-11 14:45:00,0.63952
2025-03-11 15:00:00,0.65173
2025-03-11 15:15:00,0.66435
2025-03-11 15:30:00,0.62245
2025-03-11 15:45:00,0.79690
2025-03-11 16:00:00,0.76037
2025-03-11 16:15:00,0.77933
2025-03-11 16:30:00,0.87000
2025-03-11 16:45:00,0.80641
2025-03-11 17:00:00,0.58419
2025-03-11 17:15:00,0.58804
2025-03-11 17:30:00,0.56156
2025-03-11 17:45:00,0.54962
2025-03-11 18:00:00,0.52178
2025-03-11 18:15:00,0.47813
2025-03-11 18:30:00,0.54211
2025-03-11 18:45:00,0.39241
2025-03-11 19:00:00,0.43454
2025-03-11 19:15:00,0.64389
2025-03-11 19:30:00,0.51790
2025-03-11 19:45:00,0.63478
2025-03-11 20:00:00,0.57257
2025-03-11 20:15:00,0.50102
2025-03-11 20:30:00,0.59650
2025-03-11 20:45:00,0.49180
2025-03-11 21:00:00,0.37229
2025-03-11 21:15:00,0.63187
2025-03-11 21:30:00,0.58738
2025-03-11 21:45:00,0.59960
2025-03-11 22:00:00,0.73813
2025-03-11 22:15:00,0.64930
2025-03-11 22:30:00,0.54099
2025-03-11 22:45:00,0.32452
2025-03-11 23:00:00,0.38492
2025-03-11 23:15:00,0.25340
2025-03-11 23:30:00,0.34146
2025-03-11 23:45:00,0.46047
2025-03-12 00:00:00,0.47558
2025-03-12 00:15:00,0.47357
2025-03-12 00:30:00,0.39546
2025-03-12 00:45:00,0.41257
2025-03-12 01:00:00,0.51373
2025-03-12 01:15:00,0.35191
2025-03-12 01:30:00,0.39522
2025-03-12 01:45:00,0.45722
2025-03-12 02:00:00,0.41215
2025-03-12 02:15:00,0.39915
2025-03-12 02:30:00,0.56063
2025-03-12 02:45:00,0.45655
2025-03-12 03:00:00,0.43943
2025-03-12 03:15:00,0.57588
2025-03-12 03:30:00,0.63000
2025-03-12 03:45:00,0.51757
2025-03-12 04:00:00,0.43308
2025-03-12 04:15:00,0.43827
2025-03-12 04:30:00,0.48395
2025-03-12 04:45:00,0.53066
2025-03-12 05:00:00,0.64513
2025-03-12 05:15:00,0.50804
2025-03-12 05:30:00,0.38813
2025-03-12 05:45:00,0.58672
2025-03-12 06:00:00,0.67232
2025-03-12 06:15:00,0.58599
2025-03-12 06:30:00,0.60721
2025-03-12 06:45:00,0.59768
2025-03-12 07:00:00,0.58696
2025-03-12 07:15:00,0.69453
2025-03-12 07:30:00,0.65758
2025-03-12 07:45:00,0.62060
2025-03-12 08:00:00,0.49731
2025-03-12 08:15:00,0.55606
2025-03-12 08:30:00,0.64716
2025-03-12 08:45:00,0.56768
2025-03-12 09:00:00,0.54345
2025-03-12 09:15:00,0.53022
2025-03-12 09:30:00,0.58439
2025-03-12 09:45:00,0.38093
2025-03-12 10:00:00,0.53433
2025-03-12 10:15:00,0.64685
2025-03-12 10:30:00,0.51338
2025-03-12 10:45:00,0.72056
2025-03-12 11:00:00,0.65214
2025-03-12 11:15:00,0.88809
2025-03-12 11:30:00,0.97449
2025-03-12 11:45:00,0.69047
2025-03-12 12:00:00,0.69737
2025-03-12 12:15:00,0.82250
2025-03-12 12:30:00,0.66180
2025-03-12 12:45:00,0.67773
2025-03-12 13:00:00,0.70108
2025-03-12 13:15:00,0.56318
2025-03-12 13:30:00,0.64105
2025-03-12 13:45:00,0.66335
2025-03-12 14:00:00,0.76310
2025-03-12 14:15:00,0.82510
2025-03-12 14:30:00,0.81064
2025-03-12 14:45:00,0.68271
2025-03-12 15:00:00,0.55665
2025-03-12 15:15:00,0.63305
2025-03-12 15:30:00,0.63378
2025-03-12 15:45:00,0.78779
2025-03-12 16:00:00,0.69775
2025-03-12 16:15:00,0.82693
2025-03-12 16:30:00,0.80876
2025-03-12 16:45:00,0.80332
2025-03-12 17:00:00,0.71379
2025-03-12 17:15:00,0.50764
2025-03-12 17:30:00,0.63480
2025-03-12 17:45:00,0.70172
2025-03-12 18:00:00,0.62269
2025-03-12 18:15:00,0.66917
2025-03-12 18:30:00,0.76186
2025-03-12 18:45:00,0.61333
2025-03-12 19:00:00,0.52068
2025-03-12 19:15:00,0.62745
2025-03-12 19:30:00,0.69451
2025-03-12 19:45:00,0.57222
2025-03-12 20:00:00,0.84214
2025-03-12 20:15:00,0.54742
2025-03-12 20:30:00,0.50248
2025-03-12 20:45:00,0.55843
2025-03-12 21:00:00,0.62725
2025-03-12 21:15:00,0.44353
2025-03-12 21:30:00,0.68015
2025-03-12 21:45:00,0.59131
2025-03-12 22:00:00,0.59558
2025-03-12 22:15:00,0.65625
2025-03-12 22:30:00,0.63666
2025-03-12 22:45:00,0.71176
2025-03-12 23:00:00,0.69514
2025-03-12 23:15:00,0.42522
2025-03-12 23:30:00,0.37160
2025-03-12 23:45:00,0.41576
2025-03-13 00:00:00,0.48063
2025-03-13 00:15:00,0.56082
2025-03-13 00:30:00,0.40772
2025-03-13 00:45:00,0.58488
2025-03-13 01:00:00,0.64932
2025-03-13 01:15:00,0.64072
2025-03-13 01:30:00,0.42846
2025-03-13 01:45:00,0.48232
2025-03-13 02:00:00,0.39572
2025-03-13 02:15:00,0.35104
2025-03-13 02:30:00,0.54694
2025-03-13 02:45:00,0.48129
2025-03-13 03:00:00,0.66741
2025-03-13 03:15:00,0.60660
2025-03-13 03:30:00,0.50892
2025-03-13 03:45:00,0.57101
2025-03-13 04:00:00,0.43269
2025-03-13 04:15:00,0.43767
2025-03-13 04:30:00,0.45060
2025-03-13 04:45:00,0.53348
2025-03-13 05:00:00,0.41691
2025-03-13 05:15:00,0.49517
2025-03-13 05:30:00,0.62081
2025-03-13 05:45:00,0.62781
2025-03-13 06:00:00,0.60979
2025-03-13 06:15:00,0.51333
2025-03-13 06:30:00,0.52185
2025-03-13 06:45:00,0.56628
2025-03-13 07:00:00,0.62933
2025-03-13 07:15:00,0.74019
2025-03-13 07:30:00,0.59081
2025-03-13 07:45:00,0.45989
2025-03-13 08:00:00,0.30948
2025-03-13 08:15:00,0.60311
2025-03-13 08:30:00,0.69064
2025-03-13 08:45:00,0.62973
2025-03-13 09:00:00,0.66104
2025-03-13 09:15:00,0.76677
2025-03-13 09:30:00,0.76711
2025-03-13 09:45:00,0.55015
2025-03-13 10:00:00,0.51569
2025-03-13 10:15:00,0.39550
2025-03-13 10:30:00,0.57156
2025-03-13 10:45:00,0.66209
2025-03-13 11:00:00,0.55055
2025-03-13 11:15:00,0.57019
2025-03-13 11:30:00,0.64463
2025-03-13 11:45:00,0.72621
2025-03-13 12:00:00,0.71084
2025-03-13 12:15:00,0.62221
2025-03-13 12:30:00,0.66416
2025-03-13 12:45:00,0.80217
2025-03-13 13:00:00,0.70639
2025-03-13 13:15:00,0.67049
2025-03-13 13:30:00,0.89775
2025-03-13 13:45:00,0.81714
2025-03-13 14:00:00,0.68775
2025-03-13 14:15:00,0.65862
2025-03-13 14:30:00,0.76033
2025-03-13 14:45:00,0.92701
2025-03-13 15:00:00,0.60620
2025-03-13 15:15:00,0.72404
2025-03-13 15:30:00,0.68519
2025-03-13 15:45:00,0.59955
2025-03-13 16:00:00,0.79918
2025-03-13 16:15:00,0.52950
2025-03-13 16:30:00,0.53812
2025-03-13 16:45:00,0.76055
2025-03-13 17:00:00,0.64172
2025-03-13 17:15:00,0.71524
2025-03-13 17:30:00,0.73471
2025-03-13 17:45:00,0.56446
2025-03-13 18:00:00,0.52077
2025-03-13 18:15:00,0.52255
2025-03-13 18:30:00,0.62651
2025-03-13 18:45:00,0.64533
2025-03-13 19:00:00,0.65411
2025-03-13 19:15:00,0.69719
2025-03-13 19:30:00,0.60744
2025-03-13 19:45:00,0.40688
2025-03-13 20:00:00,0.46179
2025-03-13 20:15:00,0.55001
2025-03-13 20:30:00,0.43997
2025-03-13 20:45:00,0.56934
2025-03-13 21:00:00,0.56485
2025-03-13 21:15:00,0.57945
2025-03-13 21:30:00,0.62104
2025-03-13 21:45:00,0.58087
2025-03-13 22:00:00,0.69792
2025-03-13 22:15:00,0.81833
2025-03-13 22:30:00,0.66383
2025-03-13 22:45:00,0.64493
2025-03-13 23:00:00,0.37827
2025-03-13 23:15:00,0.50448
2025-03-13 23:30:00,0.53934
2025-03-13 23:45:00,0.61125
2025-03-14 00:00:00,0.49558
2025-03-14 00:15:00,0.45996
2025-03-14 00:30:00,0.56660
2025-03-14 00:45:00,0.47237
2025-03-14 01:00:00,0.45638
2025-03-14 01:15:00,0.54820
2025-03-14 01:30:00,0.59787
2025-03-14 01:45:00,0.54395
2025-03-14 02:00:00,0.56389
2025-03-14 02:15:00,0.35917
2025-03-14 02:30:00,0.42957
2025-03-14 02:45:00,0.28815
2025-03-14 03:00:00,0.39298
2025-03-14 03:15:00,0.40318
2025-03-14 03:30:00,0.36556
2025-03-14 03:45:00,0.44830
2025-03-14 04:00:00,0.52983
2025-03-14 04:15:00,0.49640
2025-03-14 04:30:00,0.46225
2025-03-14 04:45:00,0.33014
2025-03-14 05:00:00,0.28772
2025-03-14 05:15:00,0.34885
2025-03-14 05:30:00,0.42309
2025-03-14 05:45:00,0.57381
2025-03-14 06:00:00,0.56745
2025-03-14 06:15:00,0.56966
2025-03-14 06:30:00,0.53423
2025-03-14 06:45:00,0.57013
2025-03-14 07:00:00,0.37248
2025-03-14 07:15:00,0.59173
2025-03-14 07:30:00,0.61209
2025-03-14 07:45:00,0.46697
2025-03-14 08:00:00,0.39624
2025-03-14 08:15:00,0.37300
2025-03-14 08:30:00,0.58900
2025-03-14 08:45:00,0.53170
2025-03-14 09:00:00,0.58982
2025-03-14 09:15:00,0.41817
2025-03-14 09:30:00,0.56945
2025-03-14 09:45:00,0.58478
2025-03-14 10:00:00,0.55320
2025-03-14 10:15:00,0.55629
2025-03-14 10:30:00,0.64005
2025-03-14 10:45:00,0.69109
2025-03-14 11:00:00,0.56831
2025-03-14 11:15:00,0.40799
2025-03-14 11:30:00,0.76892
2025-03-14 11:45:00,0.58901
2025-03-14 12:00:00,0.61315
2025-03-14 12:15:00,0.67227
2025-03-14 12:30:00,0.68092
2025-03-14 12:45:00,0.72669
2025-03-14 13:00:00,0.80964
2025-03-14 13:15:00,0.71247
2025-03-14 13:30:00,0.64252
2025-03-14 13:45:00,0.80325
2025-03-14 14:00:00,0.95168
2025-03-14 14:15:00,0.83050
2025-03-14 14:30:00,0.73598
2025-03-14 14:45:00,0.61911
2025-03-14 15:00:00,0.75501
2025-03-14 15:15:00,0.62242
2025-03-14 15:30:00,0.80335
2025-03-14 15:45:00,0.79511
2025-03-14 16:00:00,0.72619
2025-03-14 16:15:00,0.78556
2025-03-14 16:30:00,0.66465
2025-03-14 16:45:00,0.54569
2025-03-14 17:00:00,0.57318
2025-03-14 17:15:00,0.68649
2025-03-14 17:30:00,0.67009
2025-03-14 17:45:00,0.64292
2025-03-14 18:00:00,0.65753
2025-03-14 18:15:00,0.51214
2025-03-14 18:30:00,0.52092
2025-03-14 18:45:00,0.68960
2025-03-14 19:00:00,0.62607
2025-03-14 19:15:00,0.73256
2025-03-14 19:30:00,0.65617
2025-03-14 19:45:00,0.62797
2025-03-14 20:00:00,0.63108
2025-03-14 20:15:00,0.60466
2025-03-14 20:30:00,0.63679
2025-03-14 20:45:00,0.65183
2025-03-14 21:00:00,0.59182
2025-03-14 21:15:00,0.45911
2025-03-14 21:30:00,0.68087
2025-03-14 21:45:00,0.60764
2025-03-14 22:00:00,0.54229
2025-03-14 22:15:00,0.33959
2025-03-14 22:30:00,0.48696
2025-03-14 22:45:00,0.47060
2025-03-14 23:00:00,0.61692
2025-03-14 23:15:00,0.68121
2025-03-14 23:30:00,0.55918
2025-03-14 23:45:00,0.66929
2025-03-15 00:00:00,0.58133
2025-03-15 00:15:00,0.88424
2025-03-15 00:30:00,0.66699
2025-03-15 00:45:00,0.53727
2025-03-15 01:00:00,0.67548
2025-03-15 01:15:00,0.47323
2025-03-15 01:30:00,0.44758
2025-03-15 01:45:00,0.47914
2025-03-15 02:00:00,0.61141
2025-03-15 02:15:00,0.60656
2025-03-15 02:30:00,0.62074
2025-03-15 02:45:00,0.44332
2025-03-15 03:00:00,0.41212
2025-03-15 03:15:00,0.58099
2025-03-15 03:30:00,0.58026
2025-03-15 03:45:00,0.53137
2025-03-15 04:00:00,0.58938
2025-03-15 04:15:00,0.58000
2025-03-15 04:30:00,0.64578
2025-03-15 04:45:00,0.55821
2025-03-15 05:00:00,0.51834
2025-03-15 05:15:00,0.58648
2025-03-15 05:30:00,0.58687
2025-03-15 05:45:00,0.50176
2025-03-15 06:00:00,0.48779
2025-03-15 06:15:00,0.55285
2025-03-15 06:30:00,0.65698
2025-03-15 06:45:00,0.67651
2025-03-15 07:00:00,0.58705
2025-03-15 07:15:00,0.44556
2025-03-15 07:30:00,0.66849
2025-03-15 07:45:00,0.54318
2025-03-15 08:00:00,0.63705
2025-03-15 08:15:00,0.65126
2025-03-15 08:30:00,0.66871
2025-03-15 08:45:00,0.60012
2025-03-15 09:00:00,0.62383
2025-03-15 09:15:00,0.73923
2025-03-15 09:30:00,0.86556
2025-03-15 09:45:00,0.47005
2025-03-15 10:00:00,0.54318
2025-03-15 10:15:00,0.67866
2025-03-15 10:30:00,0.75300
2025-03-15 10:45:00,0.64634
2025-03-15 11:00:00,0.68525
2025-03-15 11:15:00,0.53825
2025-03-15 11:30:00,0.67708
2025-03-15 11:45:00,0.60580
2025-03-15 12:00:00,0.78076
2025-03-15 12:15:00,0.62951
2025-03-15 12:30:00,0.80778
2025-03-15 12:45:00,0.69821
2025-03-15 13:00:00,0.58775
2025-03-15 13:15:00,0.65925
2025-03-15 13:30:00,0.79969
2025-03-15 13:45:00,0.62219
2025-03-15 14:00:00,0.72356
2025-03-15 14:15:00,0.65788
2025-03-15 14:30:00,0.66800
2025-03-15 14:45:00,0.81756
2025-03-15 15:00:00,0.62183
2025-03-15 15:15:00,0.85989
2025-03-15 15:30:00,0.75331
2025-03-15 15:45:00,0.58117
2025-03-15 16:00:00,0.61578
2025-03-15 16:15:00,0.78958
2025-03-15 16:30:00,0.74198
2025-03-15 16:45:00,0.63700
2025-03-15 17:00:00,0.64460
2025-03-15 17:15:00,0.62678
2025-03-15 17:30:00,0.70625
2025-03-15 17:45:00,0.75736
2025-03-15 18:00:00,0.68332
2025-03-15 18:15:00,0.55125
2025-03-15 18:30:00,0.49784
2025-03-15 18:45:00,0.53045
2025-03-15 19:00:00,0.66545
2025-03-15 19:15:00,0.52491
2025-03-15 19:30:00,0.80270
2025-03-15 19:45:00,0.66929
2025-03-15 20:00:00,0.73334
2025-03-15 20:15:00,0.73543
2025-03-15 20:30:00,0.70910
2025-03-15 20:45:00,0.54693
2025-03-15 21:00:00,0.63923
2025-03-15 21:15:00,0.72273
2025-03-15 21:30:00,0.48417
2025-03-15 21:45:00,0.49923
2025-03-15 22:00:00,0.63853
2025-03-15 22:15:00,0.44000
2025-03-15 22:30:00,0.47615
2025-03-15 22:45:00,0.51947
2025-03-15 23:00:00,0.50899
2025-03-15 23:15:00,0.51434
2025-03-15 23:30:00,0.40829
2025-03-15 23:45:00,0.45104
2025-03-16 00:00:00,0.60359
2025-03-16 00:15:00,0.40363
2025-03-16 00:30:00,0.47082
2025-03-16 00:45:00,0.54649
2025-03-16 01:00:00,0.49965
2025-03-16 01:15:00,0.41758
2025-03-16 01:30:00,0.41406
2025-03-16 01:45:00,0.43376
2025-03-16 02:00:00,0.46672
2025-03-16 02:15:00,0.58781
2025-03-16 02:30:00,0.58607
2025-03-16 02:45:00,0.53768
2025-03-16 03:00:00,0.62483
2025-03-16 03:15:00,0.54062
2025-03-16 03:30:00,0.65975
2025-03-16 03:45:00,0.71631
2025-03-16 04:00:00,0.66866
2025-03-16 04:15:00,0.82535
2025-03-16 04:30:00,0.61722
2025-03-16 04:45:00,0.47625
2025-03-16 05:00:00,0.60707
2025-03-16 05:15:00,0.67161
2025-03-16 05:30:00,0.74347
2025-03-16 05:45:00,0.58856
2025-03-16 06:00:00,0.57922
2025-03-16 06:15:00,0.67690
2025-03-16 06:30:00,0.61309
2025-03-16 06:45:00,0.68557
2025-03-16 07:00:00,0.57471
2025-03-16 07:15:00,0.46502
2025-03-16 07:30:00,0.47803
2025-03-16 07:45:00,0.43647
2025-03-16 08:00:00,0.50840
2025-03-16 08:15:00,0.61295
2025-03-16 08:30:00,0.46336
2025-03-16 08:45:00,0.67629
2025-03-16 09:00:00,0.56172
2025-03-16 09:15:00,0.48754
2025-03-16 09:30:00,0.54091
2025-03-16 09:45:00,0.66369
2025-03-16 10:00:00,0.66441
2025-03-16 10:15:00,0.50784
2025-03-16 10:30:00,0.55109
2025-03-16 10:45:00,0.74451
2025-03-16 11:00:00,0.68116
2025-03-16 11:15:00,0.84498
2025-03-16 11:30:00,0.84005
2025-03-16 11:45:00,0.77606
2025-03-16 12:00:00,0.79958
2025-03-16 12:15:00,0.77542
2025-03-16 12:30:00,0.73220
2025-03-16 12:45:00,0.63350
2025-03-16 13:00:00,0.63615
2025-03-16 13:15:00,0.71144
2025-03-16 13:30:00,0.48766
2025-03-16 13:45:00,0.58850
2025-03-16 14:00:00,0.62506
2025-03-16 14:15:00,0.68375
2025-03-16 14:30:00,0.68725
2025-03-16 14:45:00,0.75932
2025-03-16 15:00:00,0.76491
2025-03-16 15:15:00,0.70520
2025-03-16 15:30:00,0.67134
2025-03-16 15:45:00,0.76454
2025-03-16 16:00:00,0.74791
2025-03-16 16:15:00,0.70205
2025-03-16 16:30:00,0.64428
2025-03-16 16:45:00,0.63025
2025-03-16 17:00:00,0.65381
2025-03-16 17:15:00,0.61553
2025-03-16 17:30:00,0.56229
2025-03-16 17:45:00,0.59801
2025-03-16 18:00:00,0.69059
2025-03-16 18:15:00,0.50909
2025-03-16 18:30:00,0.70909
2025-03-16 18:45:00,0.56434
2025-03-16 19:00:00,0.47975
2025-03-16 19:15:00,0.53338
2025-03-16 19:30:00,0.56451
2025-03-16 19:45:00,0.58837
2025-03-16 20:00:00,0.46640
2025-03-16 20:15:00,0.40867
2025-03-16 20:30:00,0.68898
2025-03-16 20:45:00,0.55550
2025-03-16 21:00:00,0.46986
2025-03-16 21:15:00,0.47783
2025-03-16 21:30:00,0.53388
2025-03-16 21:45:00,0.70145
2025-03-16 22:00:00,0.47408
2025-03-16 22:15:00,0.50199
2025-03-16 22:30:00,0.26699
2025-03-16 22:45:00,0.46536
2025-03-16 23:00:00,0.54627
2025-03-16 23:15:00,0.40851
2025-03-16 23:30:00,0.56665
2025-03-16 23:45:00,0.53140
2025-03-17 00:00:00,0.51121
2025-03-17 00:15:00,0.63495
2025-03-17 00:30:00,0.64085
2025-03-17 00:45:00,0.58844
2025-03-17 01:00:00,0.65842
2025-03-17 01:15:00,0.61991
2025-03-17 01:30:00,0.57597
2025-03-17 01:45:00,0.64100
2025-03-17 02:00:00,0.48275
2025-03-17 02:15:00,0.64860
2025-03-17 02:30:00,0.59525
2025-03-17 02:45:00,0.28782
2025-03-17 03:00:00,0.43956
2025-03-17 03:15:00,0.41655
2025-03-17 03:30:00,0.46642
2025-03-17 03:45:00,0.64885
2025-03-17 04:00:00,0.59881
2025-03-17 04:15:00,0.79811
2025-03-17 04:30:00,0.56715
2025-03-17 04:45:00,0.54795
2025-03-17 05:00:00,0.57854
2025-03-17 05:15:00,0.66631
2025-03-17 05:30:00,0.60587
2025-03-17 05:45:00,0.66016
2025-03-17 06:00:00,0.48977
2025-03-17 06:15:00,0.59184
2025-03-17 06:30:00,0.79264
2025-03-17 06:45:00,0.73032
2025-03-17 07:00:00,0.64711
2025-03-17 07:15:00,0.60738
2025-03-17 07:30:00,0.73339
2025-03-17 07:45:00,0.65341
2025-03-17 08:00:00,0.69466
2025-03-17 08:15:00,0.61606
2025-03-17 08:30:00,0.61469
2025-03-17 08:45:00,0.59839
2025-03-17 09:00:00,0.57239
2025-03-17 09:15:00,0.62190
2025-03-17 09:30:00,0.74157
2025-03-17 09:45:00,0.60434
2025-03-17 10:00:00,0.67746
2025-03-17 10:15:00,0.72947
2025-03-17 10:30:00,0.85771
2025-03-17 10:45:00,0.69496
2025-03-17 11:00:00,0.42468
2025-03-17 11:15:00,0.47903
2025-03-17 11:30:00,0.73120
2025-03-17 11:45:00,0.63640
2025-03-17 12:00:00,0.62761
2025-03-17 12:15:00,0.48402
2025-03-17 12:30:00,0.67036
2025-03-17 12:45:00,0.65904
2025-03-17 13:00:00,0.51768
2025-03-17 13:15:00,0.71921
2025-03-17 13:30:00,0.64324
2025-03-17 13:45:00,0.57155
2025-03-17 14:00:00,0.61647
2025-03-17 14:15:00,0.71300
2025-03-17 14:30:00,0.66518
2025-03-17 14:45:00,0.52123
2025-03-17 15:00:00,0.56820
2025-03-17 15:15:00,0.79669
2025-03-17 15:30:00,0.69124
2025-03-17 15:45:00,0.59897
2025-03-17 16:00:00,0.84767
2025-03-17 16:15:00,0.72175
2025-03-17 16:30:00,0.72729
2025-03-17 16:45:00,0.65203
2025-03-17 17:00:00,0.74094
2025-03-17 17:15:00,0.68720
2025-03-17 17:30:00,0.57125
2025-03-17 17:45:00,0.72770
2025-03-17 18:00:00,0.71193
2025-03-17 18:15:00,0.66717
2025-03-17 18:30:00,0.65609
2025-03-17 18:45:00,0.61298
2025-03-17 19:00:00,0.61160
2025-03-17 19:15:00,0.59069
2025-03-17 19:30:00,0.55427
2025-03-17 19:45:00,0.39046
2025-03-17 20:00:00,0.61496
2025-03-17 20:15:00,0.46323
2025-03-17 20:30:00,0.52799
2025-03-17 20:45:00,0.71319
2025-03-17 21:00:00,0.63810
2025-03-17 21:15:00,0.46446
2025-03-17 21:30:00,0.54246
2025-03-17 21:45:00,0.56932
2025-03-17 22:00:00,0.46065
2025-03-17 22:15:00,0.65734
2025-03-17 22:30:00,0.57139
2025-03-17 22:45:00,0.64105
2025-03-17 23:00:00,0.62059
2025-03-17 23:15:00,0.65758
2025-03-17 23:30:00,0.67439
2025-03-17 23:45:00,0.82130
2025-03-18 00:00:00,0.68221
2025-03-18 00:15:00,0.40119
2025-03-18 00:30:00,0.54391
2025-03-18 00:45:00,0.46643
2025-03-18 01:00:00,0.41043
2025-03-18 01:15:00,0.12016
2025-03-18 01:30:00,0.36644
2025-03-18 01:45:00,0.52803
2025-03-18 02:00:00,0.57838
2025-03-18 02:15:00,0.44627
2025-03-18 02:30:00,0.45447
2025-03-18 02:45:00,0.52094
2025-03-18 03:00:00,0.46901
2025-03-18 03:15:00,0.73313
2025-03-18 03:30:00,0.55746
2025-03-18 03:45:00,0.60104
2025-03-18 04:00:00,0.58433
2025-03-18 04:15:00,0.63731
2025-03-18 04:30:00,0.51597
2025-03-18 04:45:00,0.45082
2025-03-18 05:00:00,0.55120
2025-03-18 05:15:00,0.51654
2025-03-18 05:30:00,0.63364
2025-03-18 05:45:00,0.62667
2025-03-18 06:00:00,0.56003
2025-03-18 06:15:00,0.61640
2025-03-18 06:30:00,0.48231
2025-03-18 06:45:00,0.57914
2025-03-18 07:00:00,0.61602
2025-03-18 07:15:00,0.54455
2025-03-18 07:30:00,0.53715
2025-03-18 07:45:00,0.79722
2025-03-18 08:00:00,0.73985
2025-03-18 08:15:00,0.65711
2025-03-18 08:30:00,0.62544
2025-03-18 08:45:00,0.72500
2025-03-18 09:00:00,0.55429
2025-03-18 09:15:00,0.70952
2025-03-18 09:30:00,0.70246
2025-03-18 09:45:00,0.69606
2025-03-18 10:00:00,0.78309
2025-03-18 10:15:00,0.60061
2025-03-18 10:30:00,0.38926
2025-03-18 10:45:00,0.54871
2025-03-18 11:00:00,0.40256
2025-03-18 11:15:00,0.53579
2025-03-18 11:30:00,0.61065
2025-03-18 11:45:00,0.58641
2025-03-18 12:00:00,0.65492
2025-03-18 12:15:00,0.60633
2025-03-18 12:30:00,0.66679
2025-03-18 12:45:00,0.73681
2025-03-18 13:00:00,0.71526
2025-03-18 13:15:00,0.73209
2025-03-18 13:30:00,0.59063
2025-03-18 13:45:00,0.77529
2025-03-18 14:00:00,0.73585
2025-03-18 14:15:00,0.64709
2025-03-18 14:30:00,0.62729
2025-03-18 14:45:00,0.63133
2025-03-18 15:00:00,0.50205
2025-03-18 15:15:00,0.65385
2025-03-18 15:30:00,0.74789
2025-03-18 15:45:00,0.81905
2025-03-18 16:00:00,0.78938
2025-03-18 16:15:00,0.77201
2025-03-18 16:30:00,0.60426
2025-03-18 16:45:00,0.65125
2025-03-18 17:00:00,0.82490
2025-03-18 17:15:00,0.69022
2025-03-18 17:30:00,0.60203
2025-03-18 17:45:00,0.57967
2025-03-18 18:00:00,0.55537
2025-03-18 18:15:00,0.87810
2025-03-18 18:30:00,0.83820
2025-03-18 18:45:00,0.65006
2025-03-18 19:00:00,0.57177
2025-03-18 19:15:00,0.58282
2025-03-18 19:30:00,0.72535
2025-03-18 19:45:00,0.68836
2025-03-18 20:00:00,0.64440
2025-03-18 20:15:00,0.58903
2025-03-18 20:30:00,0.54961
2025-03-18 20:45:00,0.40372
2025-03-18 21:00:00,0.54063
2025-03-18 21:15:00,0.52798
2025-03-18 21:30:00,0.63145
2025-03-18 21:45:00,0.54679
2025-03-18 22:00:00,0.44097
2025-03-18 22:15:00,0.29862
2025-03-18 22:30:00,0.29521
2025-03-18 22:45:00,0.46079
2025-03-18 23:00:00,0.30260
2025-03-18 23:15:00,0.36995
2025-03-18 23:30:00,0.52816
2025-03-18 23:45:00,0.42347
2025-03-19 00:00:00,0.37551
2025-03-19 00:15:00,0.41878
2025-03-19 00:30:00,0.52880
2025-03-19 00:45:00,0.51684
2025-03-19 01:00:00,0.46077
2025-03-19 01:15:00,0.55822
2025-03-19 01:30:00,0.58265
2025-03-19 01:45:00,0.51550
2025-03-19 02:00:00,0.62709
2025-03-19 02:15:00,0.54910
2025-03-19 02:30:00,0.56635
2025-03-19 02:45:00,0.41562
2025-03-19 03:00:00,0.64308
2025-03-19 03:15:00,0.61788
2025-03-19 03:30:00,0.55115
2025-03-19 03:45:00,0.61870
2025-03-19 04:00:00,0.50968
2025-03-19 04:15:00,0.53096
2025-03-19 04:30:00,0.59117
2025-03-19 04:45:00,0.65188
2025-03-19 05:00:00,0.73344
2025-03-19 05:15:00,0.70339
2025-03-19 05:30:00,0.49261
2025-03-19 05:45:00,0.38784
2025-03-19 06:00:00,0.35601
2025-03-19 06:15:00,0.44215
2025-03-19 06:30:00,0.41252
2025-03-19 06:45:00,0.62641
2025-03-19 07:00:00,0.48137
2025-03-19 07:15:00,0.70998
2025-03-19 07:30:00,0.55567
2025-03-19 07:45:00,0.59500
2025-03-19 08:00:00,0.43756
2025-03-19 08:15:00,0.66622
2025-03-19 08:30:00,0.63416
2025-03-19 08:45:00,0.68616
2025-03-19 09:00:00,0.86430
2025-03-19 09:15:00,0.80812
2025-03-19 09:30:00,0.77002
2025-03-19 09:45:00,0.71260
2025-03-19 10:00:00,0.80286
2025-03-19 10:15:00,0.71856
2025-03-19 10:30:00,0.71764
2025-03-19 10:45:00,0.66116
2025-03-19 11:00:00,0.50174
2025-03-19 11:15:00,0.42891
2025-03-19 11:30:00,0.53312
2025-03-19 11:45:00,0.61720
2025-03-19 12:00:00,0.56678
2025-03-19 12:15:00,0.54850
2025-03-19 12:30:00,0.52573
2025-03-19 12:45:00,0.74372
2025-03-19 13:00:00,0.68635
2025-03-19 13:15:00,0.55728
2025-03-19 13:30:00,0.50963
2025-03-19 13:45:00,0.62579
2025-03-19 14:00:00,0.59598
2025-03-19 14:15:00,0.56660
2025-03-19 14:30:00,0.47258
2025-03-19 14:45:00,0.59732
2025-03-19 15:00:00,0.44143
2025-03-19 15:15:00,0.71044
2025-03-19 15:30:00,0.65130
2025-03-19 15:45:00,0.60180
2025-03-19 16:00:00,0.70915
2025-03-19 16:15:00,0.65560
2025-03-19 16:30:00,0.52772
2025-03-19 16:45:00,0.63357
2025-03-19 17:00:00,0.62110
2025-03-19 17:15:00,0.63912
2025-03-19 17:30:00,0.52453
2025-03-19 17:45:00,0.60944
2025-03-19 18:00:00,0.62533
2025-03-19 18:15:00,0.62812
2025-03-19 18:30:00,0.61535
2025-03-19 18:45:00,0.61593
2025-03-19 19:00:00,0.68684
2025-03-19 19:15:00,0.66214
2025-03-19 19:30:00,0.71913
2025-03-19 19:45:00,0.45965
2025-03-19 20:00:00,0.59549
2025-03-19 20:15:00,0.63061
2025-03-19 20:30:00,0.66963
2025-03-19 20:45:00,0.50207
2025-03-19 21:00:00,0.44068
2025-03-19 21:15:00,0.43761
2025-03-19 21:30:00,0.38428
2025-03-19 21:45:00,0.45738
2025-03-19 22:00:00,0.68195
2025-03-19 22:15:00,0.51861
2025-03-19 22:30:00,0.58549
2025-03-19 22:45:00,0.61385
2025-03-19 23:00:00,0.51426
2025-03-19 23:15:00,0.51235
2025-03-19 23:30:00,0.45046
2025-03-19 23:45:00,0.46947
2025-03-20 00:00:00,0.78111
2025-03-20 00:15:00,0.79045
2025-03-20 00:30:00,0.47057
2025-03-20 00:45:00,0.51171
2025-03-20 01:00:00,0.27838
2025-03-20 01:15:00,0.45640
2025-03-20 01:30:00,0.40055
2025-03-20 01:45:00,0.52941
2025-03-20 02:00:00,0.50293
2025-03-20 02:15:00,0.62263
2025-03-20 02:30:00,0.46879
2025-03-20 02:45:00,0.43137
2025-03-20 03:00:00,0.61550
2025-03-20 03:15:00,0.70235
2025-03-20 03:30:00,0.58696
2025-03-20 03:45:00,0.62054
2025-03-20 04:00:00,0.48854
2025-03-20 04:15:00,0.44507
2025-03-20 04:30:00,0.44162
2025-03-20 04:45:00,0.76288
2025-03-20 05:00:00,0.62487
2025-03-20 05:15:00,0.53057
2025-03-20 05:30:00,0.36871
2025-03-20 05:45:00,0.68574
2025-03-20 06:00:00,0.63308
2025-03-20 06:15:00,0.64941
2025-03-20 06:30:00,0.43188
2025-03-20 06:45:00,0.63239
2025-03-20 07:00:00,0.57707
2025-03-20 07:15:00,0.52291
2025-03-20 07:30:00,0.63439
2025-03-20 07:45:00,0.76220
2025-03-20 08:00:00,0.72806
2025-03-20 08:15:00,0.62928
2025-03-20 08:30:00,0.70033
2025-03-20 08:45:00,0.56864
2025-03-20 09:00:00,0.59106
2025-03-20 09:15:00,0.48387
2025-03-20 09:30:00,0.75452
2025-03-20 09:45:00,0.64164
2025-03-20 10:00:00,0.50561
2025-03-20 10:15:00,0.63425
2025-03-20 10:30:00,0.76043
2025-03-20 10:45:00,0.59455
2025-03-20 11:00:00,0.59981
2025-03-20 11:15:00,0.61112
2025-03-20 11:30:00,0.77793
2025-03-20 11:45:00,0.65288
2025-03-20 12:00:00,0.91543
2025-03-20 12:15:00,0.82212
2025-03-20 12:30:00,0.83643
2025-03-20 12:45:00,0.63595
2025-03-20 13:00:00,0.69136
2025-03-20 13:15:00,0.58515
2025-03-20 13:30:00,0.65563
2025-03-20 13:45:00,0.55512
2025-03-20 14:00:00,0.71507
2025-03-20 14:15:00,0.59925
2025-03-20 14:30:00,0.77114
2025-03-20 14:45:00,0.60178
2025-03-20 15:00:00,0.66543
2025-03-20 15:15:00,0.74955
2025-03-20 15:30:00,0.67327
2025-03-20 15:45:00,0.69073
2025-03-20 16:00:00,0.79868
2025-03-20 16:15:00,0.69379
2025-03-20 16:30:00,0.75622
2025-03-20 16:45:00,0.48517
2025-03-20 17:00:00,0.65154
2025-03-20 17:15:00,0.78400
2025-03-20 17:30:00,0.65026
2025-03-20 17:45:00,0.49986
2025-03-20 18:00:00,0.79846
2025-03-20 18:15:00,0.54769
2025-03-20 18:30:00,0.45184
2025-03-20 18:45:00,0.55864
2025-03-20 19:00:00,0.64540
2025-03-20 19:15:00,0.76767
2025-03-20 19:30:00,0.64770
2025-03-20 19:45:00,0.64789
2025-03-20 20:00:00,0.68387
2025-03-20 20:15:00,0.68751
2025-03-20 20:30:00,0.68507
2025-03-20 20:45:00,0.63397
2025-03-20 21:00:00,0.62901
2025-03-20 21:15:00,0.63400
2025-03-20 21:30:00,0.49007
2025-03-20 21:45:00,0.53038
2025-03-20 22:00:00,0.63402
2025-03-20 22:15:00,0.44446
2025-03-20 22:30:00,0.38100
2025-03-20 22:45:00,0.47603
2025-03-20 23:00:00,0.47233
2025-03-20 23:15:00,0.62745
2025-03-20 23:30:00,0.56870
2025-03-20 23:45:00,0.52561
2025-03-21 00:00:00,0.40835
2025-03-21 00:15:00,0.30508
2025-03-21 00:30:00,0.33727
2025-03-21 00:45:00,0.47654
2025-03-21 01:00:00,0.64526
2025-03-21 01:15:00,0.70879
2025-03-21 01:30:00,0.49520
2025-03-21 01:45:00,0.46695
2025-03-21 02:00:00,0.53015
2025-03-21 02:15:00,0.49086
2025-03-21 02:30:00,0.62725
2025-03-21 02:45:00,0.63266
2025-03-21 03:00:00,0.52685
2025-03-21 03:15:00,0.66678
2025-03-21 03:30:00,0.46634
2025-03-21 03:45:00,0.53546
2025-03-21 04:00:00,0.29889
2025-03-21 04:15:00,0.51282
2025-03-21 04:30:00,0.33917
2025-03-21 04:45:00,0.50681
2025-03-21 05:00:00,0.34072
2025-03-21 05:15:00,0.60368
2025-03-21 05:30:00,0.57181
2025-03-21 05:45:00,0.45292
2025-03-21 06:00:00,0.57660
2025-03-21 06:15:00,0.49095
2025-03-21 06:30:00,0.29806
2025-03-21 06:45:00,0.49579
2025-03-21 07:00:00,0.65642
2025-03-21 07:15:00,0.59304
2025-03-21 07:30:00,0.72985
2025-03-21 07:45:00,0.71131
2025-03-21 08:00:00,0.73898
2025-03-21 08:15:00,0.71539
2025-03-21 08:30:00,0.72442
2025-03-21 08:45:00,0.59415
2025-03-21 09:00:00,0.61479
2025-03-21 09:15:00,0.70122
2025-03-21 09:30:00,0.63685
2025-03-21 09:45:00,0.63996
2025-03-21 10:00:00,0.53010
2025-03-21 10:15:00,0.69282
2025-03-21 10:30:00,0.79111
2025-03-21 10:45:00,0.56227
2025-03-21 11:00:00,0.51868
2025-03-21 11:15:00,0.82103
2025-03-21 11:30:00,0.62095
2025-03-21 11:45:00,0.75547
2025-03-21 12:00:00,0.76185
2025-03-21 12:15:00,0.92177
2025-03-21 12:30:00,0.77745
2025-03-21 12:45:00,0.69470
2025-03-21 13:00:00,0.57173
2025-03-21 13:15:00,0.65502
2025-03-21 13:30:00,0.78810
2025-03-21 13:45:00,0.70726
2025-03-21 14:00:00,0.79428
2025-03-21 14:15:00,0.79297
2025-03-21 14:30:00,0.83300
2025-03-21 14:45:00,0.55089
2025-03-21 15:00:00,0.45383
2025-03-21 15:15:00,0.72148
2025-03-21 15:30:00,0.58894
2025-03-21 15:45:00,0.66273
2025-03-21 16:00:00,0.62335
2025-03-21 16:15:00,0.63344
2025-03-21 16:30:00,0.76076
2025-03-21 16:45:00,0.76458
2025-03-21 17:00:00,0.72146
2025-03-21 17:15:00,0.76173
2025-03-21 17:30:00,0.56358
2025-03-21 17:45:00,0.44430
2025-03-21 18:00:00,0.60577
2025-03-21 18:15:00,0.72211
2025-03-21 18:30:00,0.50804
2025-03-21 18:45:00,0.57455
2025-03-21 19:00:00,0.75558
2025-03-21 19:15:00,0.76505
2025-03-21 19:30:00,0.73324
2025-03-21 19:45:00,0.72152
2025-03-21 20:00:00,0.51030
2025-03-21 20:15:00,0.56680
2025-03-21 20:30:00,0.63145
2025-03-21 20:45:00,0.61664
2025-03-21 21:00:00,0.48209
2025-03-21 21:15:00,0.40432
2025-03-21 21:30:00,0.57700
2025-03-21 21:45:00,0.65456
2025-03-21 22:00:00,0.59250
2025-03-21 22:15:00,0.67491
2025-03-21 22:30:00,0.47932
2025-03-21 22:45:00,0.64190
2025-03-21 23:00:00,0.68766
2025-03-21 23:15:00,0.81239
2025-03-21 23:30:00,0.59361
2025-03-21 23:45:00,0.58004
2025-03-22 00:00:00,0.62123
2025-03-22 00:15:00,0.46452
2025-03-22 00:30:00,0.40734
2025-03-22 00:45:00,0.49044
2025-03-22 01:00:00,0.61376
2025-03-22 01:15:00,0.36814
2025-03-22 01:30:00,0.37218
2025-03-22 01:45:00,0.46401
2025-03-22 02:00:00,0.28734
2025-03-22 02:15:00,0.33700
2025-03-22 02:30:00,0.45224
2025-03-22 02:45:00,0.47597
2025-03-22 03:00:00,0.51812
2025-03-22 03:15:00,0.51564
2025-03-22 03:30:00,0.68754
2025-03-22 03:45:00,0.51905
2025-03-22 04:00:00,0.53380
2025-03-22 04:15:00,0.63931
2025-03-22 04:30:00,0.62470
2025-03-22 04:45:00,0.51603
2025-03-22 05:00:00,0.55658
2025-03-22 05:15:00,0.68411
2025-03-22 05:30:00,0.67200
2025-03-22 05:45:00,0.68060
2025-03-22 06:00:00,0.53125
2025-03-22 06:15:00,0.60685
2025-03-22 06:30:00,0.60017
2025-03-22 06:45:00,0.74637
2025-03-22 07:00:00,0.62296
2025-03-22 07:15:00,0.62909
2025-03-22 07:30:00,0.41646
2025-03-22 07:45:00,0.56289
2025-03-22 08:00:00,0.65337
2025-03-22 08:15:00,0.59479
2025-03-22 08:30:00,0.49172
2025-03-22 08:45:00,0.56259
2025-03-22 09:00:00,0.54744
2025-03-22 09:15:00,0.70585
2025-03-22 09:30:00,0.55307
2025-03-22 09:45:00,0.59363
2025-03-22 10:00:00,0.72483
2025-03-22 10:15:00,0.65688
2025-03-22 10:30:00,0.56417
2025-03-22 10:45:00,0.56848
2025-03-22 11:00:00,0.59044
2025-03-22 11:15:00,0.62718
2025-03-22 11:30:00,0.62136
2025-03-22 11:45:00,0.78253
2025-03-22 12:00:00,0.87751
2025-03-22 12:15:00,0.60641
2025-03-22 12:30:00,0.70154
2025-03-22 12:45:00,0.83457
2025-03-22 13:00:00,0.67805
2025-03-22 13:15:00,0.80148
2025-03-22 13:30:00,0.65095
2025-03-22 13:45:00,0.70570
2025-03-22 14:00:00,0.63408
2025-03-22 14:15:00,0.67180
2025-03-22 14:30:00,0.61772
2025-03-22 14:45:00,0.75716
2025-03-22 15:00:00,0.70941
2025-03-22 15:15:00,0.75028
2025-03-22 15:30:00,0.88336
2025-03-22 15:45:00,0.82925
2025-03-22 16:00:00,0.58816
2025-03-22 16:15:00,0.58174
2025-03-22 16:30:00,0.78615
2025-03-22 16:45:00,0.74193
2025-03-22 17:00:00,0.67990
2025-03-22 17:15:00,0.61705
2025-03-22 17:30:00,0.72526
2025-03-22 17:45:00,0.66017
2025-03-22 18:00:00,0.62225
2025-03-22 18:15:00,0.57093
2025-03-22 18:30:00,0.59054
2025-03-22 18:45:00,0.40447
2025-03-22 19:00:00,0.72815
2025-03-22 19:15:00,0.50019
2025-03-22 19:30:00,0.48274
2025-03-22 19:45:00,0.39447
2025-03-22 20:00:00,0.54040
2025-03-22 20:15:00,0.57027
2025-03-22 20:30:00,0.63798
2025-03-22 20:45:00,0.51638
2025-03-22 21:00:00,0.68937
2025-03-22 21:15:00,0.56091
2025-03-22 21:30:00,0.43574
2025-03-22 21:45:00,0.58974
2025-03-22 22:00:00,0.62535
2025-03-22 22:15:00,0.68531
2025-03-22 22:30:00,0.67998
2025-03-22 22:45:00,0.54689
2025-03-22 23:00:00,0.61693
2025-03-22 23:15:00,0.45771
2025-03-22 23:30:00,0.36794
2025-03-22 23:45:00,0.65645
2025-03-23 00:00:00,0.41770
2025-03-23 00:15:00,0.71349
2025-03-23 00:30:00,0.65145
2025-03-23 00:45:00,0.51687
2025-03-23 01:00:00,0.34054
2025-03-23 01:15:00,0.46599
2025-03-23 01:30:00,0.43385
2025-03-23 01:45:00,0.35290
2025-03-23 02:00:00,0.46949
2025-03-23 02:15:00,0.40548
2025-03-23 02:30:00,0.30821
2025-03-23 02:45:00,0.30232
2025-03-23 03:00:00,0.39746
2025-03-23 03:15:00,0.48260
2025-03-23 03:30:00,0.38058
2025-03-23 03:45:00,0.31816
2025-03-23 04:00:00,0.51646
2025-03-23 04:15:00,0.66862
2025-03-23 04:30:00,0.49446
2025-03-23 04:45:00,0.64343
2025-03-23 05:00:00,0.48589
2025-03-23 05:15:00,0.72147
2025-03-23 05:30:00,0.57763
2025-03-23 05:45:00,0.65630
2025-03-23 06:00:00,0.51250
2025-03-23 06:15:00,0.60520
2025-03-23 06:30:00,0.61040
2025-03-23 06:45:00,0.53216
2025-03-23 07:00:00,0.57601
2025-03-23 07:15:00,0.46982
2025-03-23 07:30:00,0.55010
2025-03-23 07:45:00,0.66783
2025-03-23 08:00:00,0.51414
2025-03-23 08:15:00,0.70155
2025-03-23 08:30:00,0.45607
2025-03-23 08:45:00,0.60058
2025-03-23 09:00:00,0.66154
2025-03-23 09:15:00,0.74724
2025-03-23 09:30:00,0.83705
2025-03-23 09:45:00,0.72772
2025-03-23 10:00:00,0.65522
2025-03-23 10:15:00,0.64832
2025-03-23 10:30:00,0.80200
2025-03-23 10:45:00,0.57250
2025-03-23 11:00:00,0.57627
2025-03-23 11:15:00,0.57182
2025-03-23 11:30:00,0.64978
2025-03-23 11:45:00,0.55681
2025-03-23 12:00:00,0.58773
2025-03-23 12:15:00,0.66631
2025-03-23 12:30:00,0.76170
2025-03-23 12:45:00,0.66330
2025-03-23 13:00:00,0.83616
2025-03-23 13:15:00,0.67705
2025-03-23 13:30:00,0.85199
2025-03-23 13:45:00,0.85592
2025-03-23 14:00:00,0.72865
2025-03-23 14:15:00,0.73208
2025-03-23 14:30:00,0.71946
2025-03-23 14:45:00,0.86573
2025-03-23 15:00:00,0.63953
2025-03-23 15:15:00,0.79049
2025-03-23 15:30:00,0.66209
2025-03-23 15:45:00,0.51681
2025-03-23 16:00:00,0.45275
2025-03-23 16:15:00,0.65017
2025-03-23 16:30:00,0.68294
2025-03-23 16:45:00,0.75831
2025-03-23 17:00:00,0.90235
2025-03-23 17:15:00,0.71219
2025-03-23 17:30:00,0.63374
2025-03-23 17:45:00,0.49601
2025-03-23 18:00:00,0.71379
2025-03-23 18:15:00,0.68640
2025-03-23 18:30:00,0.28495
2025-03-23 18:45:00,0.51533
2025-03-23 19:00:00,0.63533
2025-03-23 19:15:00,0.57821
2025-03-23 19:30:00,0.74932
2025-03-23 19:45:00,0.61797
2025-03-23 20:00:00,0.52127
2025-03-23 20:15:00,0.35254
2025-03-23 20:30:00,0.39710
2025-03-23 20:45:00,0.57764
2025-03-23 21:00:00,0.50897
2025-03-23 21:15:00,0.46276
2025-03-23 21:30:00,0.42358
2025-03-23 21:45:00,0.63918
2025-03-23 22:00:00,0.54560
2025-03-23 22:15:00,0.57341
2025-03-23 22:30:00,0.66391
2025-03-23 22:45:00,0.54839
2025-03-23 23:00:00,0.64564
2025-03-23 23:15:00,0.51951
2025-03-23 23:30:00,0.48757
2025-03-23 23:45:00,0.48944
2025-03-24 00:00:00,0.59607
2025-03-24 00:15:00,0.66976
2025-03-24 00:30:00,0.47241
2025-03-24 00:45:00,0.44327
2025-03-24 01:00:00,0.60677
2025-03-24 01:15:00,0.54595
2025-03-24 01:30:00,0.44926
2025-03-24 01:45:00,0.60976
2025-03-24 02:00:00,0.50677
2025-03-24 02:15:00,0.58504
2025-03-24 02:30:00,0.57161
2025-03-24 02:45:00,0.42110
2025-03-24 03:00:00,0.40499
2025-03-24 03:15:00,0.39779
2025-03-24 03:30:00,0.53520
2025-03-24 03:45:00,0.55263
2025-03-24 04:00:00,0.47485
2025-03-24 04:15:00,0.41600
2025-03-24 04:30:00,0.45120
2025-03-24 04:45:00,0.52945
2025-03-24 05:00:00,0.67095
2025-03-24 05:15:00,0.45571
2025-03-24 05:30:00,0.43606
2025-03-24 05:45:00,0.53353
2025-03-24 06:00:00,0.54896
2025-03-24 06:15:00,0.43507
2025-03-24 06:30:00,0.68471
2025-03-24 06:45:00,0.72659
2025-03-24 07:00:00,0.56778
2025-03-24 07:15:00,0.62218
2025-03-24 07:30:00,0.61479
2025-03-24 07:45:00,0.58313
2025-03-24 08:00:00,0.63122
2025-03-24 08:15:00,0.79279
2025-03-24 08:30:00,0.67522
2025-03-24 08:45:00,0.75467
2025-03-24 09:00:00,0.75232
2025-03-24 09:15:00,0.59794
2025-03-24 09:30:00,0.78037
2025-03-24 09:45:00,0.82741
2025-03-24 10:00:00,0.74225
2025-03-24 10:15:00,0.64551
2025-03-24 10:30:00,0.54737
2025-03-24 10:45:00,0.62908
2025-03-24 11:00:00,0.64346
2025-03-24 11:15:00,0.78978
2025-03-24 11:30:00,0.61985
2025-03-24 11:45:00,0.69252
2025-03-24 12:00:00,0.62558
2025-03-24 12:15:00,0.59473
2025-03-24 12:30:00,0.59317
2025-03-24 12:45:00,0.71127
2025-03-24 13:00:00,0.71609
2025-03-24 13:15:00,0.64642
2025-03-24 13:30:00,0.68578
2025-03-24 13:45:00,0.60817
2025-03-24 14:00:00,0.60639
2025-03-24 14:15:00,0.67001
2025-03-24 14:30:00,0.60487
2025-03-24 14:45:00,0.54811
2025-03-24 15:00:00,0.76301
2025-03-24 15:15:00,0.72139
2025-03-24 15:30:00,0.68826
2025-03-24 15:45:00,0.67035
2025-03-24 16:00:00,0.62356
2025-03-24 16:15:00,0.61943
2025-03-24 16:30:00,0.86045
2025-03-24 16:45:00,0.78385
2025-03-24 17:00:00,0.62951
2025-03-24 17:15:00,0.80929
2025-03-24 17:30:00,0.63860
2025-03-24 17:45:00,0.75452
2025-03-24 18:00:00,0.63508
2025-03-24 18:15:00,0.66292
2025-03-24 18:30:00,0.64395
2025-03-24 18:45:00,0.64607
2025-03-24 19:00:00,0.62895
2025-03-24 19:15:00,0.58047
2025-03-24 19:30:00,0.61786
2025-03-24 19:45:00,0.75473
2025-03-24 20:00:00,0.61549
2025-03-24 20:15:00,0.48244
2025-03-24 20:30:00,0.40304
2025-03-24 20:45:00,0.41194
2025-03-24 21:00:00,0.33796
2025-03-24 21:15:00,0.28170
2025-03-24 21:30:00,0.51627
2025-03-24 21:45:00,0.60263
2025-03-24 22:00:00,0.60130
2025-03-24 22:15:00,0.43411
2025-03-24 22:30:00,0.50182
2025-03-24 22:45:00,0.54368
2025-03-24 23:00:00,0.55526
2025-03-24 23:15:00,0.64250
2025-03-24 23:30:00,0.62261
2025-03-24 23:45:00,0.57847
2025-03-25 00:00:00,0.65422
2025-03-25 00:15:00,0.63454
2025-03-25 00:30:00,0.62512
2025-03-25 00:45:00,0.60309
2025-03-25 01:00:00,0.51505
2025-03-25 01:15:00,0.68137
2025-03-25 01:30:00,0.58534
2025-03-25 01:45:00,0.41531
2025-03-25 02:00:00,0.50851
2025-03-25 02:15:00,0.54849
2025-03-25 02:30:00,0.73526
2025-03-25 02:45:00,0.55835
2025-03-25 03:00:00,0.57021
2025-03-25 03:15:00,0.62094
2025-03-25 03:30:00,0.60856
2025-03-25 03:45:00,0.63387
2025-03-25 04:00:00,0.59505
2025-03-25 04:15:00,0.63308
2025-03-25 04:30:00,0.37900
2025-03-25 04:45:00,0.63037
2025-03-25 05:00:00,0.58462
2025-03-25 05:15:00,0.49679
2025-03-25 05:30:00,0.64113
2025-03-25 05:45:00,0.59377
2025-03-25 06:00:00,0.45857
2025-03-25 06:15:00,0.54038
2025-03-25 06:30:00,0.61835
2025-03-25 06:45:00,0.46496
2025-03-25 07:00:00,0.41333
2025-03-25 07:15:00,0.55812
2025-03-25 07:30:00,0.50263
2025-03-25 07:45:00,0.58904
2025-03-25 08:00:00,0.49804
2025-03-25 08:15:00,0.50881
2025-03-25 08:30:00,0.49546
2025-03-25 08:45:00,0.60770
2025-03-25 09:00:00,0.60338
2025-03-25 09:15:00,0.54836
2025-03-25 09:30:00,0.78824
2025-03-25 09:45:00,0.71128
2025-03-25 10:00:00,0.60068
2025-03-25 10:15:00,0.57550
2025-03-25 10:30:00,0.53721
2025-03-25 10:45:00,0.72488
2025-03-25 11:00:00,0.56390
2025-03-25 11:15:00,0.60121
2025-03-25 11:30:00,0.75131
2025-03-25 11:45:00,0.60621
2025-03-25 12:00:00,0.53616
2025-03-25 12:15:00,0.65393
2025-03-25 12:30:00,0.77406
2025-03-25 12:45:00,0.61635
2025-03-25 13:00:00,0.60685
2025-03-25 13:15:00,0.70498
2025-03-25 13:30:00,0.68501
2025-03-25 13:45:00,0.66260
2025-03-25 14:00:00,0.62210
2025-03-25 14:15:00,0.69654
2025-03-25 14:30:00,0.50538
2025-03-25 14:45:00,0.85002
2025-03-25 15:00:00,0.64980
2025-03-25 15:15:00,0.75903
2025-03-25 15:30:00,0.61866
2025-03-25 15:45:00,0.71020
2025-03-25 16:00:00,0.60214
2025-03-25 16:15:00,0.75832
2025-03-25 16:30:00,0.79662
2025-03-25 16:45:00,0.66517
2025-03-25 17:00:00,0.71149
2025-03-25 17:15:00,0.60319
2025-03-25 17:30:00,0.69357
2025-03-25 17:45:00,0.74422
2025-03-25 18:00:00,0.56688
2025-03-25 18:15:00,0.46192
2025-03-25 18:30:00,0.62351
2025-03-25 18:45:00,0.49039
2025-03-25 19:00:00,0.44971
2025-03-25 19:15:00,0.47639
2025-03-25 19:30:00,0.49712
2025-03-25 19:45:00,0.60846
2025-03-25 20:00:00,0.69765
2025-03-25 20:15:00,0.67179
2025-03-25 20:30:00,0.59570
2025-03-25 20:45:00,0.59336
2025-03-25 21:00:00,0.55600
2025-03-25 21:15:00,0.57167
2025-03-25 21:30:00,0.53712
2025-03-25 21:45:00,0.66830
2025-03-25 22:00:00,0.49178
2025-03-25 22:15:00,0.65833
2025-03-25 22:30:00,0.68534
2025-03-25 22:45:00,0.38668
2025-03-25 23:00:00,0.62666
2025-03-25 23:15:00,0.58441
2025-03-25 23:30:00,0.60892
2025-03-25 23:45:00,0.47746
2025-03-26 00:00:00,0.61729
2025-03-26 00:15:00,0.76899
2025-03-26 00:30:00,0.68899
2025-03-26 00:45:00,0.76445
2025-03-26 01:00:00,0.56587
2025-03-26 01:15:00,0.52484
2025-03-26 01:30:00,0.32039
2025-03-26 01:45:00,0.48407
2025-03-26 02:00:00,0.41308
2025-03-26 02:15:00,0.37869
2025-03-26 02:30:00,0.46796
2025-03-26 02:45:00,0.49228
2025-03-26 03:00:00,0.33916
2025-03-26 03:15:00,0.39575
2025-03-26 03:30:00,0.44546
2025-03-26 03:45:00,0.69674
2025-03-26 04:00:00,0.68419
2025-03-26 04:15:00,0.58244
2025-03-26 04:30:00,0.61651
2025-03-26 04:45:00,0.47995
2025-03-26 05:00:00,0.50235
2025-03-26 05:15:00,0.49921
2025-03-26 05:30:00,0.65907
2025-03-26 05:45:00,0.53066
2025-03-26 06:00:00,0.41341
2025-03-26 06:15:00,0.60093
2025-03-26 06:30:00,0.57350
2025-03-26 06:45:00,0.65727
2025-03-26 07:00:00,0.55216
2025-03-26 07:15:00,0.47879
2025-03-26 07:30:00,0.51262
2025-03-26 07:45:00,0.70274
2025-03-26 08:00:00,0.73701
2025-03-26 08:15:00,0.51820
2025-03-26 08:30:00,0.69585
2025-03-26 08:45:00,0.72838
2025-03-26 09:00:00,0.69074
2025-03-26 09:15:00,0.69489
2025-03-26 09:30:00,0.65197
2025-03-26 09:45:00,0.73143
2025-03-26 10:00:00,0.66180
2025-03-26 10:15:00,0.61831
2025-03-26 10:30:00,0.69044
2025-03-26 10:45:00,0.66242
2025-03-26 11:00:00,0.48449
2025-03-26 11:15:00,0.48093
2025-03-26 11:30:00,0.57827
2025-03-26 11:45:00,0.85396
2025-03-26 12:00:00,0.75656
2025-03-26 12:15:00,0.76162
2025-03-26 12:30:00,0.61254
2025-03-26 12:45:00,0.76873
2025-03-26 13:00:00,0.80077
2025-03-26 13:15:00,0.72513
2025-03-26 13:30:00,0.55515
2025-03-26 13:45:00,0.41693
2025-03-26 14:00:00,0.55776
2025-03-26 14:15:00,0.61049
2025-03-26 14:30:00,0.61484
2025-03-26 14:45:00,0.50956
2025-03-26 15:00:00,0.74925
2025-03-26 15:15:00,0.96251
2025-03-26 15:30:00,0.71579
2025-03-26 15:45:00,0.64421
2025-03-26 16:00:00,0.53544
2025-03-26 16:15:00,0.49527
2025-03-26 16:30:00,0.41829
2025-03-26 16:45:00,0.54896
2025-03-26 17:00:00,0.65915
2025-03-26 17:15:00,0.63089
2025-03-26 17:30:00,0.57072
2025-03-26 17:45:00,0.55944
2025-03-26 18:00:00,0.64102
2025-03-26 18:15:00,0.63918
2025-03-26 18:30:00,0.66492
2025-03-26 18:45:00,0.60178
2025-03-26 19:00:00,0.56919
2025-03-26 19:15:00,0.63504
2025-03-26 19:30:00,0.60672
2025-03-26 19:45:00,0.59749
2025-03-26 20:00:00,0.45612
2025-03-26 20:15:00,0.62800
2025-03-26 20:30:00,0.52148
2025-03-26 20:45:00,0.75422
2025-03-26 21:00:00,0.58385
2025-03-26 21:15:00,0.51412
2025-03-26 21:30:00,0.49197
2025-03-26 21:45:00,0.60954
2025-03-26 22:00:00,0.54348
2025-03-26 22:15:00,0.47613
2025-03-26 22:30:00,0.54760
2025-03-26 22:45:00,0.62566
2025-03-26 23:00:00,0.69517
2025-03-26 23:15:00,0.72346
2025-03-26 23:30:00,0.58970
2025-03-26 23:45:00,0.48187
2025-03-27 00:00:00,0.61428
2025-03-27 00:15:00,0.52664
2025-03-27 00:30:00,0.43090
2025-03-27 00:45:00,0.43182
2025-03-27 01:00:00,0.47923
2025-03-27 01:15:00,0.60024
2025-03-27 01:30:00,0.70565
2025-03-27 01:45:00,0.57431
2025-03-27 02:00:00,0.59472
2025-03-27 02:15:00,0.69461
2025-03-27 02:30:00,0.45608
2025-03-27 02:45:00,0.40820
2025-03-27 03:00:00,0.50137
2025-03-27 03:15:00,0.44718
2025-03-27 03:30:00,0.53853
2025-03-27 03:45:00,0.45217
2025-03-27 04:00:00,0.47483
2025-03-27 04:15:00,0.54229
2025-03-27 04:30:00,0.68406
2025-03-27 04:45:00,0.58415
2025-03-27 05:00:00,0.61425
2025-03-27 05:15:00,0.54262
2025-03-27 05:30:00,0.69696
2025-03-27 05:45:00,0.55204
2025-03-27 06:00:00,0.60815
2025-03-27 06:15:00,0.63647
2025-03-27 06:30:00,0.52512
2025-03-27 06:45:00,0.46640
2025-03-27 07:00:00,0.53518
2025-03-27 07:15:00,0.62444
2025-03-27 07:30:00,0.78169
2025-03-27 07:45:00,0.57915
2025-03-27 08:00:00,0.60568
2025-03-27 08:15:00,0.63088
2025-03-27 08:30:00,0.56417
2025-03-27 08:45:00,0.58433
2025-03-27 09:00:00,0.53168
2025-03-27 09:15:00,0.58046
2025-03-27 09:30:00,0.64616
2025-03-27 09:45:00,0.74259
2025-03-27 10:00:00,0.67047
2025-03-27 10:15:00,0.63927
2025-03-27 10:30:00,0.76911
2025-03-27 10:45:00,0.55518
2025-03-27 11:00:00,0.46926
2025-03-27 11:15:00,0.60919
2025-03-27 11:30:00,0.58100
2025-03-27 11:45:00,0.73226
2025-03-27 12:00:00,0.72208
2025-03-27 12:15:00,0.68073
2025-03-27 12:30:00,0.85172
2025-03-27 12:45:00,0.88374
2025-03-27 13:00:00,0.56473
2025-03-27 13:15:00,0.70694
2025-03-27 13:30:00,0.80043
2025-03-27 13:45:00,0.66405
2025-03-27 14:00:00,0.63187
2025-03-27 14:15:00,0.63849
2025-03-27 14:30:00,0.63808
2025-03-27 14:45:00,0.85748
2025-03-27 15:00:00,0.84903
2025-03-27 15:15:00,0.63631
2025-03-27 15:30:00,0.61685
2025-03-27 15:45:00,0.68976
2025-03-27 16:00:00,0.78744
2025-03-27 16:15:00,0.65063
2025-03-27 16:30:00,0.62278
2025-03-27 16:45:00,0.64612
2025-03-27 17:00:00,0.54213
2025-03-27 17:15:00,0.71917
2025-03-27 17:30:00,0.74247
2025-03-27 17:45:00,0.71075
2025-03-27 18:00:00,0.69759
2025-03-27 18:15:00,0.69086
2025-03-27 18:30:00,0.65328
2025-03-27 18:45:00,0.70602
2025-03-27 19:00:00,0.50024
2025-03-27 19:15:00,0.56475
2025-03-27 19:30:00,0.70844
2025-03-27 19:45:00,0.68022
2025-03-27 20:00:00,0.69811
2025-03-27 20:15:00,0.49847
2025-03-27 20:30:00,0.54720
2025-03-27 20:45:00,0.54042
2025-03-27 21:00:00,0.50765
2025-03-27 21:15:00,0.41285
2025-03-27 21:30:00,0.47084
2025-03-27 21:45:00,0.51442
2025-03-27 22:00:00,0.66838
2025-03-27 22:15:00,0.49587
2025-03-27 22:30:00,0.53592
2025-03-27 22:45:00,0.53414
2025-03-27 23:00:00,0.58055
2025-03-27 23:15:00,0.57499
2025-03-27 23:30:00,0.52908
2025-03-27 23:45:00,0.38762
2025-03-28 00:00:00,0.43466
2025-03-28 00:15:00,0.57785
2025-03-28 00:30:00,0.61138
2025-03-28 00:45:00,0.57520
2025-03-28 01:00:00,0.44949
2025-03-28 01:15:00,0.72793
2025-03-28 01:30:00,0.71069
2025-03-28 01:45:00,0.42640
2025-03-28 02:00:00,0.55988
2025-03-28 02:15:00,0.67442
2025-03-28 02:30:00,0.58404
2025-03-28 02:45:00,0.64515
2025-03-28 03:00:00,0.62022
2025-03-28 03:15:00,0.60656
2025-03-28 03:30:00,0.72909
2025-03-28 03:45:00,0.57306
2025-03-28 04:00:00,0.50607
2025-03-28 04:15:00,0.57756
2025-03-28 04:30:00,0.58695
2025-03-28 04:45:00,0.55169
2025-03-28 05:00:00,0.69379
2025-03-28 05:15:00,0.57851
2025-03-28 05:30:00,0.68624
2025-03-28 05:45:00,0.66282
2025-03-28 06:00:00,0.63623
2025-03-28 06:15:00,0.57033
2025-03-28 06:30:00,0.50117
2025-03-28 06:45:00,0.48820
2025-03-28 07:00:00,0.67971
2025-03-28 07:15:00,0.60367
2025-03-28 07:30:00,0.58153
2025-03-28 07:45:00,0.48081
2025-03-28 08:00:00,0.48575
2025-03-28 08:15:00,0.54150
2025-03-28 08:30:00,0.49783
2025-03-28 08:45:00,0.66749
2025-03-28 09:00:00,0.51832
2025-03-28 09:15:00,0.69180
2025-03-28 09:30:00,0.57823
2025-03-28 09:45:00,0.43704
2025-03-28 10:00:00,0.57559
2025-03-28 10:15:00,0.59698
2025-03-28 10:30:00,0.68739
2025-03-28 10:45:00,0.57794
2025-03-28 11:00:00,0.65967
2025-03-28 11:15:00,0.77487
2025-03-28 11:30:00,0.81257
2025-03-28 11:45:00,0.78191
2025-03-28 12:00:00,0.86387
2025-03-28 12:15:00,0.53566
2025-03-28 12:30:00,0.52694
2025-03-28 12:45:00,0.58722
2025-03-28 13:00:00,0.56061
2025-03-28 13:15:00,0.76645
2025-03-28 13:30:00,0.80844
2025-03-28 13:45:00,0.68654
2025-03-28 14:00:00,0.70406
2025-03-28 14:15:00,0.64976
2025-03-28 14:30:00,0.84253
2025-03-28 14:45:00,0.58643
2025-03-28 15:00:00,0.63865
2025-03-28 15:15:00,0.71664
2025-03-28 15:30:00,0.62284
2025-03-28 15:45:00,0.65832
2025-03-28 16:00:00,0.82634
2025-03-28 16:15:00,0.61235
2025-03-28 16:30:00,0.56580
2025-03-28 16:45:00,0.51985
2025-03-28 17:00:00,0.57279
2025-03-28 17:15:00,0.82021
2025-03-28 17:30:00,0.75486
2025-03-28 17:45:00,0.56662
2025-03-28 18:00:00,0.52202
2025-03-28 18:15:00,0.75553
2025-03-28 18:30:00,0.70947
2025-03-28 18:45:00,0.67880
2025-03-28 19:00:00,0.61298
2025-03-28 19:15:00,0.56698
2025-03-28 19:30:00,0.67016
2025-03-28 19:45:00,0.60437
2025-03-28 20:00:00,0.61704
2025-03-28 20:15:00,0.63954
2025-03-28 20:30:00,0.60073
2025-03-28 20:45:00,0.71826
2025-03-28 21:00:00,0.73495
2025-03-28 21:15:00,0.79197
2025-03-28 21:30:00,0.98331
2025-03-28 21:45:00,0.62497
2025-03-28 22:00:00,0.60678
2025-03-28 22:15:00,0.51322
2025-03-28 22:30:00,0.39622
2025-03-28 22:45:00,0.40495
2025-03-28 23:00:00,0.48154
2025-03-28 23:15:00,0.48160
2025-03-28 23:30:00,0.50227
2025-03-28 23:45:00,0.55680
2025-03-29 00:00:00,0.50611
2025-03-29 00:15:00,0.55518
2025-03-29 00:30:00,0.53041
2025-03-29 00:45:00,0.63005
2025-03-29 01:00:00,0.61523
2025-03-29 01:15:00,0.49141
2025-03-29 01:30:00,0.52630
2025-03-29 01:45:00,0.54482
2025-03-29 02:00:00,0.68707
2025-03-29 02:15:00,0.49603
2025-03-29 02:30:00,0.61625
2025-03-29 02:45:00,0.66009
2025-03-29 03:00:00,0.56365
2025-03-29 03:15:00,0.52135
2025-03-29 03:30:00,0.48311
2025-03-29 03:45:00,0.36924
2025-03-29 04:00:00,0.55338
2025-03-29 04:15:00,0.29896
2025-03-29 04:30:00,0.40851
2025-03-29 04:45:00,0.39552
2025-03-29 05:00:00,0.45908
2025-03-29 05:15:00,0.51858
2025-03-29 05:30:00,0.55650
2025-03-29 05:45:00,0.59575
2025-03-29 06:00:00,0.61458
2025-03-29 06:15:00,0.54523
2025-03-29 06:30:00,0.49708
2025-03-29 06:45:00,0.59143
2025-03-29 07:00:00,0.75616
2025-03-29 07:15:00,0.63673
2025-03-29 07:30:00,0.45100
2025-03-29 07:45:00,0.29594
2025-03-29 08:00:00,0.34231
2025-03-29 08:15:00,0.66166
2025-03-29 08:30:00,0.75959
2025-03-29 08:45:00,0.55896
2025-03-29 09:00:00,0.51722
2025-03-29 09:15:00,0.47664
2025-03-29 09:30:00,0.59242
2025-03-29 09:45:00,0.67756
2025-03-29 10:00:00,0.76750
2025-03-29 10:15:00,0.83348
2025-03-29 10:30:00,0.85365
2025-03-29 10:45:00,0.80875
2025-03-29 11:00:00,0.86698
2025-03-29 11:15:00,0.70809
2025-03-29 11:30:00,0.59309
2025-03-29 11:45:00,0.60188
2025-03-29 12:00:00,0.62714
2025-03-29 12:15:00,0.73578
2025-03-29 12:30:00,0.63753
2025-03-29 12:45:00,0.76994
2025-03-29 13:00:00,0.55413
2025-03-29 13:15:00,0.60630
2025-03-29 13:30:00,0.64930
2025-03-29 13:45:00,0.84233
2025-03-29 14:00:00,0.69573
2025-03-29 14:15:00,0.73993
2025-03-29 14:30:00,0.80068
2025-03-29 14:45:00,0.75142
2025-03-29 15:00:00,0.60870
2025-03-29 15:15:00,0.49319
2025-03-29 15:30:00,0.64936
2025-03-29 15:45:00,0.79940
2025-03-29 16:00:00,0.77384
2025-03-29 16:15:00,0.78836
2025-03-29 16:30:00,0.66079
2025-03-29 16:45:00,0.63433
2025-03-29 17:00:00,0.66684
2025-03-29 17:15:00,0.64299
2025-03-29 17:30:00,0.51301
2025-03-29 17:45:00,0.68416
2025-03-29 18:00:00,0.65021
2025-03-29 18:15:00,0.57546
2025-03-29 18:30:00,0.54797
2025-03-29 18:45:00,0.62579
2025-03-29 19:00:00,0.49016
2025-03-29 19:15:00,0.59231
2025-03-29 19:30:00,0.59307
2025-03-29 19:45:00,0.41050
2025-03-29 20:00:00,0.67291
2025-03-29 20:15:00,0.53579
2025-03-29 20:30:00,0.62969
2025-03-29 20:45:00,0.57021
2025-03-29 21:00:00,0.52930
2025-03-29 21:15:00,0.61463
2025-03-29 21:30:00,0.50837
2025-03-29 21:45:00,0.61077
2025-03-29 22:00:00,0.67632
2025-03-29 22:15:00,0.46444
2025-03-29 22:30:00,0.50715
2025-03-29 22:45:00,0.58575
2025-03-29 23:00:00,0.37748
2025-03-29 23:15:00,0.40352
2025-03-29 23:30:00,0.52535
2025-03-29 23:45:00,0.37857
2025-03-30 00:00:00,0.52006
2025-03-30 00:15:00,0.48947
2025-03-30 00:30:00,0.62425
2025-03-30 00:45:00,0.51632
2025-03-30 01:00:00,0.49034
2025-03-30 01:15:00,0.44743
2025-03-30 01:30:00,0.50479
2025-03-30 01:45:00,0.32093
2025-03-30 02:00:00,0.44268
2025-03-30 02:15:00,0.27301
2025-03-30 02:30:00,0.25480
2025-03-30 02:45:00,0.46725
2025-03-30 03:00:00,0.47688
2025-03-30 03:15:00,0.44816
2025-03-30 03:30:00,0.49044
2025-03-30 03:45:00,0.44971
2025-03-30 04:00:00,0.42745
2025-03-30 04:15:00,0.32798
2025-03-30 04:30:00,0.53271
2025-03-30 04:45:00,0.59802
2025-03-30 05:00:00,0.65711
2025-03-30 05:15:00,0.55135
2025-03-30 05:30:00,0.51295
2025-03-30 05:45:00,0.57303
2025-03-30 06:00:00,0.54566
2025-03-30 06:15:00,0.76831
2025-03-30 06:30:00,0.72145
2025-03-30 06:45:00,0.83724
2025-03-30 07:00:00,0.71204
2025-03-30 07:15:00,0.61912
2025-03-30 07:30:00,0.65692
2025-03-30 07:45:00,0.58407
2025-03-30 08:00:00,0.66624
2025-03-30 08:15:00,0.63599
2025-03-30 08:30:00,0.68786
2025-03-30 08:45:00,0.83939
2025-03-30 09:00:00,0.68631
2025-03-30 09:15:00,0.69281
2025-03-30 09:30:00,0.75700
2025-03-30 09:45:00,0.77756
2025-03-30 10:00:00,0.47894
2025-03-30 10:15:00,0.60884
2025-03-30 10:30:00,0.56099
2025-03-30 10:45:00,0.66365
2025-03-30 11:00:00,0.67033
2025-03-30 11:15:00,0.81050
2025-03-30 11:30:00,0.75779
2025-03-30 11:45:00,0.70589
2025-03-30 12:00:00,0.65847
2025-03-30 12:15:00,0.74599
2025-03-30 12:30:00,0.68582
2025-03-30 12:45:00,0.87579
2025-03-30 13:00:00,0.78029
2025-03-30 13:15:00,0.86645
2025-03-30 13:30:00,0.79180
2025-03-30 13:45:00,0.61863
2025-03-30 14:00:00,0.78208
2025-03-30 14:15:00,0.66847
2025-03-30 14:30:00,0.66630
2025-03-30 14:45:00,0.64417
2025-03-30 15:00:00,0.75541
2025-03-30 15:15:00,0.87159
2025-03-30 15:30:00,0.60511
2025-03-30 15:45:00,0.75215
2025-03-30 16:00:00,0.70797
2025-03-30 16:15:00,0.79414
2025-03-30 16:30:00,0.74505
2025-03-30 16:45:00,0.64857
2025-03-30 17:00:00,0.65094
2025-03-30 17:15:00,0.59817
2025-03-30 17:30:00,0.54747
2025-03-30 17:45:00,0.49725
2025-03-30 18:00:00,0.69809
2025-03-30 18:15:00,0.66740
2025-03-30 18:30:00,0.62895
2025-03-30 18:45:00,0.64640
2025-03-30 19:00:00,0.42108
2025-03-30 19:15:00,0.49603
2025-03-30 19:30:00,0.66477
2025-03-30 19:45:00,0.81126
2025-03-30 20:00:00,0.66803
2025-03-30 20:15:00,0.52344
2025-03-30 20:30:00,0.37557
2025-03-30 20:45:00,0.58820
2025-03-30 21:00:00,0.63175
2025-03-30 21:15:00,0.47443
2025-03-30 21:30:00,0.62857
2025-03-30 21:45:00,0.50111
2025-03-30 22:00:00,0.54604
2025-03-30 22:15:00,0.72568
2025-03-30 22:30:00,0.62278
2025-03-30 22:45:00,0.55757
2025-03-30 23:00:00,0.89632
2025-03-30 23:15:00,0.65194
2025-03-30 23:30:00,0.52121
2025-03-30 23:45:00,0.54780
2025-03-31 00:00:00,0.53248
2025-03-31 00:15:00,0.38292
2025-03-31 00:30:00,0.55434
2025-03-31 00:45:00,0.49273
2025-03-31 01:00:00,0.50112
2025-03-31 01:15:00,0.53763
2025-03-31 01:30:00,0.53295
2025-03-31 01:45:00,0.64935
2025-03-31 02:00:00,0.39865
2025-03-31 02:15:00,0.72178
2025-03-31 02:30:00,0.56653
2025-03-31 02:45:00,0.66964
2025-03-31 03:00:00,0.67140
2025-03-31 03:15:00,0.74740
2025-03-31 03:30:00,0.78818
2025-03-31 03:45:00,0.52460
2025-03-31 04:00:00,0.64299
2025-03-31 04:15:00,0.41307
2025-03-31 04:30:00,0.42871
2025-03-31 04:45:00,0.48792
2025-03-31 05:00:00,0.49972
2025-03-31 05:15:00,0.47460
2025-03-31 05:30:00,0.44825
2025-03-31 05:45:00,0.36936
2025-03-31 06:00:00,0.40691
2025-03-31 06:15:00,0.44959
2025-03-31 06:30:00,0.61551
2025-03-31 06:45:00,0.54806
2025-03-31 07:00:00,0.71522
2025-03-31 07:15:00,0.81487
2025-03-31 07:30:00,0.72196
2025-03-31 07:45:00,0.57720
2025-03-31 08:00:00,0.67829
2025-03-31 08:15:00,0.54607
2025-03-31 08:30:00,0.72954
2025-03-31 08:45:00,0.72343
2025-03-31 09:00:00,0.77559
2025-03-31 09:15:00,0.86176
2025-03-31 09:30:00,0.77170
2025-03-31 09:45:00,0.71577
2025-03-31 10:00:00,0.71935
2025-03-31 10:15:00,0.73070
2025-03-31 10:30:00,0.56537
2025-03-31 10:45:00,0.73767
2025-03-31 11:00:00,0.71028
2025-03-31 11:15:00,0.69389
2025-03-31 11:30:00,0.65741
2025-03-31 11:45:00,0.48571
2025-03-31 12:00:00,0.53844
2025-03-31 12:15:00,0.71050
2025-03-31 12:30:00,0.56940
2025-03-31 12:45:00,0.69243
2025-03-31 13:00:00,0.59229
2025-03-31 13:15:00,0.56662
2025-03-31 13:30:00,0.80457
2025-03-31 13:45:00,0.70266
2025-03-31 14:00:00,0.49418
2025-03-31 14:15:00,0.72564
2025-03-31 14:30:00,0.85459
2025-03-31 14:45:00,0.91873
2025-03-31 15:00:00,0.85655
2025-03-31 15:15:00,0.70119
2025-03-31 15:30:00,0.83097
2025-03-31 15:45:00,0.82479
2025-03-31 16:00:00,0.66981
2025-03-31 16:15:00,0.85099
2025-03-31 16:30:00,0.88427
2025-03-31 16:45:00,0.89953
2025-03-31 17:00:00,0.64385
2025-03-31 17:15:00,0.55531
2025-03-31 17:30:00,0.63544
2025-03-31 17:45:00,0.55827
2025-03-31 18:00:00,0.81339
2025-03-31 18:15:00,0.85864
2025-03-31 18:30:00,0.54667
2025-03-31 18:45:00,0.70628
2025-03-31 19:00:00,0.53443
2025-03-31 19:15:00,0.61924
2025-03-31 19:30:00,0.67227
2025-03-31 19:45:00,0.58212
2025-03-31 20:00:00,0.57542
2025-03-31 20:15:00,0.48081
2025-03-31 20:30:00,0.41093
2025-03-31 20:45:00,0.50728
2025-03-31 21:00:00,0.47534
2025-03-31 21:15:00,0.55646
2025-03-31 21:30:00,0.48661
2025-03-31 21:45:00,0.57046
2025-03-31 22:00:00,0.63310
2025-03-31 22:15:00,0.68691
2025-03-31 22:30:00,0.72675
2025-03-31 22:45:00,0.35935
2025-03-31 23:00:00,0.35723
2025-03-31 23:15:00,0.69546
2025-03-31 23:30:00,0.75159
2025-03-31 23:45:00,0.57110
2025-04-01 00:00:00,0.70077
2025-04-01 00:15:00,0.62732
2025-04-01 00:30:00,0.48566
2025-04-01 00:45:00,0.43287
2025-04-01 01:00:00,0.43145
2025-04-01 01:15:00,0.59714
2025-04-01 01:30:00,0.54242
2025-04-01 01:45:00,0.54180
2025-04-01 02:00:00,0.54120
2025-04-01 02:15:00,0.53840
2025-04-01 02:30:00,0.59164
2025-04-01 02:45:00,0.64440
2025-04-01 03:00:00,0.58479
2025-04-01 03:15:00,0.53217
2025-04-01 03:30:00,0.51285
2025-04-01 03:45:00,0.46426
2025-04-01 04:00:00,0.57872
2025-04-01 04:15:00,0.47229
2025-04-01 04:30:00,0.40875
2025-04-01 04:45:00,0.54346
2025-04-01 05:00:00,0.60630
2025-04-01 05:15:00,0.55543
2025-04-01 05:30:00,0.43626
2025-04-01 05:45:00,0.70036
2025-04-01 06:00:00,0.57808
2025-04-01 06:15:00,0.63930
2025-04-01 06:30:00,0.65310
2025-04-01 06:45:00,0.46617
2025-04-01 07:00:00,0.55877
2025-04-01 07:15:00,0.57568
2025-04-01 07:30:00,0.58568
2025-04-01 07:45:00,0.65233
2025-04-01 08:00:00,0.69268
2025-04-01 08:15:00,0.72998
2025-04-01 08:30:00,0.71047
2025-04-01 08:45:00,0.71481
2025-04-01 09:00:00,0.62574
2025-04-01 09:15:00,0.72354
2025-04-01 09:30:00,0.60853
2025-04-01 09:45:00,0.58694
2025-04-01 10:00:00,0.54338
2025-04-01 10:15:00,0.54583
2025-04-01 10:30:00,0.51255
2025-04-01 10:45:00,0.52950
2025-04-01 11:00:00,0.70304
2025-04-01 11:15:00,0.78183
2025-04-01 11:30:00,0.70224
2025-04-01 11:45:00,0.33626
2025-04-01 12:00:00,0.58442
2025-04-01 12:15:00,0.67356
2025-04-01 12:30:00,0.71423
2025-04-01 12:45:00,0.65030
2025-04-01 13:00:00,0.65732
2025-04-01 13:15:00,0.68069
2025-04-01 13:30:00,0.66926
2025-04-01 13:45:00,0.58484
2025-04-01 14:00:00,0.71243
2025-04-01 14:15:00,0.72364
2025-04-01 14:30:00,0.62924
2025-04-01 14:45:00,0.85623
2025-04-01 15:00:00,0.91740
2025-04-01 15:15:00,0.80628
2025-04-01 15:30:00,0.81412
2025-04-01 15:45:00,0.65893
2025-04-01 16:00:00,0.63446
2025-04-01 16:15:00,0.56747
2025-04-01 16:30:00,0.73858
2025-04-01 16:45:00,0.80693
2025-04-01 17:00:00,0.79758
2025-04-01 17:15:00,0.46608
2025-04-01 17:30:00,0.63859
2025-04-01 17:45:00,0.72538
2025-04-01 18:00:00,0.69883
2025-04-01 18:15:00,0.68490
2025-04-01 18:30:00,0.77444
2025-04-01 18:45:00,0.68288
2025-04-01 19:00:00,0.52798
2025-04-01 19:15:00,0.67276
2025-04-01 19:30:00,0.63526
2025-04-01 19:45:00,0.43763
2025-04-01 20:00:00,0.69786
2025-04-01 20:15:00,0.62255
2025-04-01 20:30:00,0.70673
2025-04-01 20:45:00,0.42149
2025-04-01 21:00:00,0.63097
2025-04-01 21:15:00,0.44034
2025-04-01 21:30:00,0.56901
2025-04-01 21:45:00,0.54497
2025-04-01 22:00:00,0.48555
2025-04-01 22:15:00,0.43354
2025-04-01 22:30:00,0.69428
2025-04-01 22:45:00,0.68223
2025-04-01 23:00:00,0.64709
2025-04-01 23:15:00,0.66325
2025-04-01 23:30:00,0.67475
2025-04-01 23:45:00,0.61372
2025-04-02 00:00:00,0.54543
2025-04-02 00:15:00,0.58201
2025-04-02 00:30:00,0.50242
2025-04-02 00:45:00,0.53423
2025-04-02 01:00:00,0.56159
2025-04-02 01:15:00,0.57748
2025-04-02 01:30:00,0.72195
2025-04-02 01:45:00,0.70002
2025-04-02 02:00:00,0.68360
2025-04-02 02:15:00,0.51417
2025-04-02 02:30:00,0.59083
2025-04-02 02:45:00,0.51466
2025-04-02 03:00:00,0.47630
2025-04-02 03:15:00,0.48015
2025-04-02 03:30:00,0.59138
2025-04-02 03:45:00,0.45234
2025-04-02 04:00:00,0.49593
2025-04-02 04:15:00,0.61641
2025-04-02 04:30:00,0.53730
2025-04-02 04:45:00,0.59541
2025-04-02 05:00:00,0.43858
2025-04-02 05:15:00,0.40434
2025-04-02 05:30:00,0.44677
2025-04-02 05:45:00,0.45348
2025-04-02 06:00:00,0.50883
2025-04-02 06:15:00,0.53472
2025-04-02 06:30:00,0.53419
2025-04-02 06:45:00,0.35677
2025-04-02 07:00:00,0.51138
2025-04-02 07:15:00,0.48039
2025-04-02 07:30:00,0.75262
2025-04-02 07:45:00,0.52643
2025-04-02 08:00:00,0.46532
2025-04-02 08:15:00,0.45332
2025-04-02 08:30:00,0.53145
2025-04-02 08:45:00,0.60239
2025-04-02 09:00:00,0.79755
2025-04-02 09:15:00,0.91048
2025-04-02 09:30:00,0.76146
2025-04-02 09:45:00,0.69696
2025-04-02 10:00:00,0.55120
2025-04-02 10:15:00,0.52376
2025-04-02 10:30:00,0.61488
2025-04-02 10:45:00,0.60084
2025-04-02 11:00:00,0.53751
2025-04-02 11:15:00,0.63847
2025-04-02 11:30:00,0.70975
2025-04-02 11:45:00,0.76513
2025-04-02 12:00:00,0.81570
2025-04-02 12:15:00,0.62504
2025-04-02 12:30:00,0.69554
2025-04-02 12:45:00,0.68364
2025-04-02 13:00:00,0.65075
2025-04-02 13:15:00,0.57448
2025-04-02 13:30:00,0.57984
2025-04-02 13:45:00,0.80194
2025-04-02 14:00:00,0.66477
2025-04-02 14:15:00,0.80972
2025-04-02 14:30:00,0.71501
2025-04-02 14:45:00,0.63517
2025-04-02 15:00:00,0.70820
2025-04-02 15:15:00,0.55018
2025-04-02 15:30:00,0.60603
2025-04-02 15:45:00,0.64117
2025-04-02 16:00:00,0.70530
2025-04-02 16:15:00,0.66186
2025-04-02 16:30:00,0.65060
2025-04-02 16:45:00,0.51982
2025-04-02 17:00:00,0.60947
2025-04-02 17:15:00,0.59717
2025-04-02 17:30:00,0.63129
2025-04-02 17:45:00,0.52099
2025-04-02 18:00:00,0.55620
2025-04-02 18:15:00,0.55274
2025-04-02 18:30:00,0.60214
2025-04-02 18:45:00,0.62300
2025-04-02 19:00:00,0.60282
2025-04-02 19:15:00,0.47219
2025-04-02 19:30:00,0.59253
2025-04-02 19:45:00,0.65423
2025-04-02 20:00:00,0.51397
2025-04-02 20:15:00,0.50470
2025-04-02 20:30:00,0.64162
2025-04-02 20:45:00,0.59581
2025-04-02 21:00:00,0.76118
2025-04-02 21:15:00,0.66492
2025-04-02 21:30:00,0.58106
2025-04-02 21:45:00,0.64837
2025-04-02 22:00:00,0.56347
2025-04-02 22:15:00,0.52928
2025-04-02 22:30:00,0.38427
2025-04-02 22:45:00,0.54594
2025-04-02 23:00:00,0.53400
2025-04-02 23:15:00,0.56995
2025-04-02 23:30:00,0.62680
2025-04-02 23:45:00,0.78358
2025-04-03 00:00:00,0.76002
2025-04-03 00:15:00,0.60820
2025-04-03 00:30:00,0.51844
2025-04-03 00:45:00,0.54943
2025-04-03 01:00:00,0.43570
2025-04-03 01:15:00,0.51026
2025-04-03 01:30:00,0.55496
2025-04-03 01:45:00,0.55769
2025-04-03 02:00:00,0.61295
2025-04-03 02:15:00,0.59137
2025-04-03 02:30:00,0.68796
2025-04-03 02:45:00,0.77638
2025-04-03 03:00:00,0.61925
2025-04-03 03:15:00,0.41524
2025-04-03 03:30:00,0.43089
2025-04-03 03:45:00,0.44038
2025-04-03 04:00:00,0.41103
2025-04-03 04:15:00,0.54275
2025-04-03 04:30:00,0.47407
2025-04-03 04:45:00,0.47041
2025-04-03 05:00:00,0.55452
2025-04-03 05:15:00,0.57448
2025-04-03 05:30:00,0.56396
2025-04-03 05:45:00,0.58183
2025-04-03 06:00:00,0.49960
2025-04-03 06:15:00,0.62346
2025-04-03 06:30:00,0.51259
2025-04-03 06:45:00,0.60590
2025-04-03 07:00:00,0.44535
2025-04-03 07:15:00,0.53387
2025-04-03 07:30:00,0.67189
2025-04-03 07:45:00,0.72135
2025-04-03 08:00:00,0.55542
2025-04-03 08:15:00,0.59587
2025-04-03 08:30:00,0.67501
2025-04-03 08:45:00,0.59425
2025-04-03 09:00:00,0.51185
2025-04-03 09:15:00,0.48281
2025-04-03 09:30:00,0.64282
2025-04-03 09:45:00,0.79398
2025-04-03 10:00:00,0.85061
2025-04-03 10:15:00,0.75341
2025-04-03 10:30:00,0.70825
2025-04-03 10:45:00,0.57227
2025-04-03 11:00:00,0.52816
2025-04-03 11:15:00,0.67635
2025-04-03 11:30:00,0.67534
2025-04-03 11:45:00,0.61564
2025-04-03 12:00:00,0.50137
2025-04-03 12:15:00,0.81307
2025-04-03 12:30:00,0.70408
2025-04-03 12:45:00,0.64889
2025-04-03 13:00:00,0.72760
2025-04-03 13:15:00,0.69864
2025-04-03 13:30:00,0.59793
2025-04-03 13:45:00,0.72982
2025-04-03 14:00:00,0.37858
2025-04-03 14:15:00,0.59911
2025-04-03 14:30:00,0.71407
2025-04-03 14:45:00,0.84072
2025-04-03 15:00:00,0.74074
2025-04-03 15:15:00,0.55924
2025-04-03 15:30:00,0.58176
2025-04-03 15:45:00,0.72015
2025-04-03 16:00:00,0.72223
2025-04-03 16:15:00,0.78150
2025-04-03 16:30:00,0.76039
2025-04-03 16:45:00,0.71409
2025-04-03 17:00:00,0.73549
2025-04-03 17:15:00,0.74652
2025-04-03 17:30:00,0.59759
2025-04-03 17:45:00,0.70436
2025-04-03 18:00:00,0.59809
2025-04-03 18:15:00,0.72447
2025-04-03 18:30:00,0.45590
2025-04-03 18:45:00,0.49277
2025-04-03 19:00:00,0.64013
2025-04-03 19:15:00,0.67037
2025-04-03 19:30:00,0.57229
2025-04-03 19:45:00,0.76765
2025-04-03 20:00:00,0.74534
2025-04-03 20:15:00,0.80051
2025-04-03 20:30:00,0.76623
2025-04-03 20:45:00,0.74866
2025-04-03 21:00:00,0.69248
2025-04-03 21:15:00,0.50763
2025-04-03 21:30:00,0.56005
2025-04-03 21:45:00,0.58866
2025-04-03 22:00:00,0.70480
2025-04-03 22:15:00,0.76531
2025-04-03 22:30:00,0.49821
2025-04-03 22:45:00,0.61271
2025-04-03 23:00:00,0.63291
2025-04-03 23:15:00,0.63312
2025-04-03 23:30:00,0.60466
2025-04-03 23:45:00,0.50232
2025-04-04 00:00:00,0.62106
2025-04-04 00:15:00,0.44547
2025-04-04 00:30:00,0.49881
2025-04-04 00:45:00,0.56551
2025-04-04 01:00:00,0.35632
2025-04-04 01:15:00,0.72764
2025-04-04 01:30:00,0.39294
2025-04-04 01:45:00,0.51843
2025-04-04 02:00:00,0.55017
2025-04-04 02:15:00,0.67706
2025-04-04 02:30:00,0.71082
2025-04-04 02:45:00,0.43951
2025-04-04 03:00:00,0.50568
2025-04-04 03:15:00,0.58099
2025-04-04 03:30:00,0.68652
2025-04-04 03:45:00,0.48165
2025-04-04 04:00:00,0.58003
2025-04-04 04:15:00,0.64197
2025-04-04 04:30:00,0.58275
2025-04-04 04:45:00,0.59324
2025-04-04 05:00:00,0.55718
2025-04-04 05:15:00,0.48409
2025-04-04 05:30:00,0.45584
2025-04-04 05:45:00,0.50915
2025-04-04 06:00:00,0.40598
2025-04-04 06:15:00,0.44394
2025-04-04 06:30:00,0.57127
2025-04-04 06:45:00,0.46036
2025-04-04 07:00:00,0.50009
2025-04-04 07:15:00,0.69824
2025-04-04 07:30:00,0.59282
2025-04-04 07:45:00,0.56661
2025-04-04 08:00:00,0.56502
2025-04-04 08:15:00,0.57328
2025-04-04 08:30:00,0.64950
2025-04-04 08:45:00,0.54102
2025-04-04 09:00:00,0.68197
2025-04-04 09:15:00,0.68286
2025-04-04 09:30:00,0.67874
2025-04-04 09:45:00,0.65598
2025-04-04 10:00:00,0.79635
2025-04-04 10:15:00,0.76459
2025-04-04 10:30:00,0.75251
2025-04-04 10:45:00,0.63728
2025-04-04 11:00:00,0.77429
2025-04-04 11:15:00,0.90737
2025-04-04 11:30:00,0.71698
2025-04-04 11:45:00,0.58739
2025-04-04 12:00:00,0.76692
2025-04-04 12:15:00,0.73359
2025-04-04 12:30:00,0.73994
2025-04-04 12:45:00,0.74105
2025-04-04 13:00:00,0.87774
2025-04-04 13:15:00,0.89168
2025-04-04 13:30:00,1.09030
2025-04-04 13:45:00,0.84401
2025-04-04 14:00:00,0.86985
2025-04-04 14:15:00,0.75730
2025-04-04 14:30:00,0.70297
2025-04-04 14:45:00,0.75368
2025-04-04 15:00:00,0.68269
2025-04-04 15:15:00,0.69738
2025-04-04 15:30:00,0.85422
2025-04-04 15:45:00,0.62407
2025-04-04 16:00:00,0.72686
2025-04-04 16:15:00,0.63960
2025-04-04 16:30:00,0.78760
2025-04-04 16:45:00,0.59669
2025-04-04 17:00:00,0.40346
2025-04-04 17:15:00,0.43813
2025-04-04 17:30:00,0.43791
2025-04-04 17:45:00,0.51462
2025-04-04 18:00:00,0.46923
2025-04-04 18:15:00,0.61377
2025-04-04 18:30:00,0.50496
2025-04-04 18:45:00,0.61429
2025-04-04 19:00:00,0.53703
2025-04-04 19:15:00,0.71470
2025-04-04 19:30:00,0.62989
2025-04-04 19:45:00,0.54928
2025-04-04 20:00:00,0.60466
2025-04-04 20:15:00,0.42500
2025-04-04 20:30:00,0.57277
2025-04-04 20:45:00,0.50194
2025-04-04 21:00:00,0.53948
2025-04-04 21:15:00,0.56663
2025-04-04 21:30:00,0.64884
2025-04-04 21:45:00,0.57200
2025-04-04 22:00:00,0.52326
2025-04-04 22:15:00,0.45680
2025-04-04 22:30:00,0.59929
2025-04-04 22:45:00,0.48319
2025-04-04 23:00:00,0.30902
2025-04-04 23:15:00,0.64261
2025-04-04 23:30:00,0.49317
2025-04-04 23:45:00,0.47143
2025-04-05 00:00:00,0.56391
2025-04-05 00:15:00,0.57039
2025-04-05 00:30:00,0.54786
2025-04-05 00:45:00,0.54163
2025-04-05 01:00:00,0.49901
2025-04-05 01:15:00,0.39398
2025-04-05 01:30:00,0.68990
2025-04-05 01:45:00,0.73418
2025-04-05 02:00:00,0.58114
2025-04-05 02:15:00,0.51724
2025-04-05 02:30:00,0.52412
2025-04-05 02:45:00,0.39011
2025-04-05 03:00:00,0.67465
2025-04-05 03:15:00,0.45901
2025-04-05 03:30:00,0.61967
2025-04-05 03:45:00,0.55429
2025-04-05 04:00:00,0.26219
2025-04-05 04:15:00,0.43334
2025-04-05 04:30:00,0.59607
2025-04-05 04:45:00,0.46982
2025-04-05 05:00:00,0.53334
2025-04-05 05:15:00,0.60470
2025-04-05 05:30:00,0.53564
2025-04-05 05:45:00,0.57332
2025-04-05 06:00:00,0.38586
2025-04-05 06:15:00,0.55172
2025-04-05 06:30:00,0.32912
2025-04-05 06:45:00,0.62168
2025-04-05 07:00:00,0.43779
2025-04-05 07:15:00,0.60498
2025-04-05 07:30:00,0.37899
2025-04-05 07:45:00,0.42592
2025-04-05 08:00:00,0.65883
2025-04-05 08:15:00,0.73265
2025-04-05 08:30:00,0.54270
2025-04-05 08:45:00,0.73305
2025-04-05 09:00:00,0.57478
2025-04-05 09:15:00,0.64607
2025-04-05 09:30:00,0.65084
2025-04-05 09:45:00,0.59732
2025-04-05 10:00:00,0.73179
2025-04-05 10:15:00,0.68445
2025-04-05 10:30:00,0.81867
2025-04-05 10:45:00,0.73445
2025-04-05 11:00:00,0.80405
2025-04-05 11:15:00,0.90841
2025-04-05 11:30:00,0.76826
2025-04-05 11:45:00,0.67763
2025-04-05 12:00:00,0.77780
2025-04-05 12:15:00,0.79783
2025-04-05 12:30:00,0.73198
2025-04-05 12:45:00,0.77447
2025-04-05 13:00:00,0.66396
2025-04-05 13:15:00,0.54834
2025-04-05 13:30:00,0.75115
2025-04-05 13:45:00,0.77544
2025-04-05 14:00:00,0.68133
2025-04-05 14:15:00,0.52221
2025-04-05 14:30:00,0.76585
2025-04-05 14:45:00,0.70567
2025-04-05 15:00:00,0.65925
2025-04-05 15:15:00,0.63173
2025-04-05 15:30:00,0.74090
2025-04-05 15:45:00,0.84204
2025-04-05 16:00:00,0.76916
2025-04-05 16:15:00,0.71318
2025-04-05 16:30:00,0.68145
2025-04-05 16:45:00,0.69800
2025-04-05 17:00:00,0.72435
2025-04-05 17:15:00,0.52639
2025-04-05 17:30:00,0.74200
2025-04-05 17:45:00,0.59228
2025-04-05 18:00:00,0.58386
2025-04-05 18:15:00,0.51448
2025-04-05 18:30:00,0.58491
2025-04-05 18:45:00,0.74810
2025-04-05 19:00:00,0.69979
2025-04-05 19:15:00,0.68366
2025-04-05 19:30:00,0.51042
2025-04-05 19:45:00,0.67070
2025-04-05 20:00:00,0.74400
2025-04-05 20:15:00,0.67995
2025-04-05 20:30:00,0.51501
2025-04-05 20:45:00,0.58867
2025-04-05 21:00:00,0.66714
2025-04-05 21:15:00,0.64750
2025-04-05 21:30:00,0.68049
2025-04-05 21:45:00,0.64531
2025-04-05 22:00:00,0.70329
2025-04-05 22:15:00,0.56194
2025-04-05 22:30:00,0.60627
2025-04-05 22:45:00,0.64161
2025-04-05 23:00:00,0.62712
2025-04-05 23:15:00,0.46710
2025-04-05 23:30:00,0.28956
2025-04-05 23:45:00,0.54611
2025-04-06 00:00:00,0.79070
2025-04-06 00:15:00,0.72988
2025-04-06 00:30:00,0.67517
2025-04-06 00:45:00,0.43984
2025-04-06 01:00:00,0.59857
2025-04-06 01:15:00,0.64773
2025-04-06 01:30:00,0.55878
2025-04-06 01:45:00,0.78073
2025-04-06 02:00:00,0.48873
2025-04-06 02:15:00,0.59994
2025-04-06 02:30:00,0.52158
2025-04-06 02:45:00,0.61666
2025-04-06 03:00:00,0.72638
2025-04-06 03:15:00,0.60169
2025-04-06 03:30:00,0.40340
2025-04-06 03:45:00,0.64394
2025-04-06 04:00:00,0.46205
2025-04-06 04:15:00,0.67590
2025-04-06 04:30:00,0.51599
2025-04-06 04:45:00,0.42321
2025-04-06 05:00:00,0.49415
2025-04-06 05:15:00,0.62064
2025-04-06 05:30:00,0.57403
2025-04-06 05:45:00,0.56124
2025-04-06 06:00:00,0.74391
2025-04-06 06:15:00,0.68191
2025-04-06 06:30:00,0.70647
2025-04-06 06:45:00,0.77607
2025-04-06 07:00:00,0.65828
2025-04-06 07:15:00,0.52975
2025-04-06 07:30:00,0.56743
2025-04-06 07:45:00,0.75066
2025-04-06 08:00:00,0.77155
2025-04-06 08:15:00,0.73783
2025-04-06 08:30:00,0.80566
2025-04-06 08:45:00,0.87821
2025-04-06 09:00:00,0.70292
2025-04-06 09:15:00,0.58157
2025-04-06 09:30:00,0.64132
2025-04-06 09:45:00,0.68905
2025-04-06 10:00:00,0.55285
2025-04-06 10:15:00,0.56163
2025-04-06 10:30:00,0.58690
2025-04-06 10:45:00,0.52304
2025-04-06 11:00:00,0.53320
2025-04-06 11:15:00,0.64154
2025-04-06 11:30:00,0.60269
2025-04-06 11:45:00,0.65892
2025-04-06 12:00:00,0.56733
2025-04-06 12:15:00,0.44922
2025-04-06 12:30:00,0.70167
2025-04-06 12:45:00,0.44882
2025-04-06 13:00:00,0.48657
2025-04-06 13:15:00,0.59890
2025-04-06 13:30:00,0.67410
2025-04-06 13:45:00,0.71573
2025-04-06 14:00:00,0.60122
2025-04-06 14:15:00,0.58840
2025-04-06 14:30:00,0.74242
2025-04-06 14:45:00,0.55911
2025-04-06 15:00:00,0.63998
2025-04-06 15:15:00,0.82867
2025-04-06 15:30:00,0.64846
2025-04-06 15:45:00,0.65169
2025-04-06 16:00:00,0.65865
2025-04-06 16:15:00,0.69538
2025-04-06 16:30:00,0.57130
2025-04-06 16:45:00,0.58777
2025-04-06 17:00:00,0.60447
2025-04-06 17:15:00,0.75787
2025-04-06 17:30:00,0.81028
2025-04-06 17:45:00,0.72686
2025-04-06 18:00:00,0.65424
2025-04-06 18:15:00,0.71498
2025-04-06 18:30:00,0.94561
2025-04-06 18:45:00,0.72669
2025-04-06 19:00:00,0.81361
2025-04-06 19:15:00,0.74644
2025-04-06 19:30:00,0.63494
2025-04-06 19:45:00,0.55755
2025-04-06 20:00:00,0.57578
2025-04-06 20:15:00,0.68994
2025-04-06 20:30:00,0.57059
2025-04-06 20:45:00,0.48676
2025-04-06 21:00:00,0.57048
2025-04-06 21:15:00,0.48844
2025-04-06 21:30:00,0.45139
2025-04-06 21:45:00,0.59356
2025-04-06 22:00:00,0.65427
2025-04-06 22:15:00,0.61043
2025-04-06 22:30:00,0.53974
2025-04-06 22:45:00,0.47652
2025-04-06 23:00:00,0.41300
2025-04-06 23:15:00,0.59820
2025-04-06 23:30:00,0.41472
2025-04-06 23:45:00,0.44975
2025-04-07 00:00:00,0.52040
2025-04-07 00:15:00,0.59636
2025-04-07 00:30:00,0.54108
2025-04-07 00:45:00,0.53549
2025-04-07 01:00:00,0.54201
2025-04-07 01:15:00,0.35860
2025-04-07 01:30:00,0.46814
2025-04-07 01:45:00,0.40138
2025-04-07 02:00:00,0.51083
2025-04-07 02:15:00,0.52523
2025-04-07 02:30:00,0.64837
2025-04-07 02:45:00,0.64962
2025-04-07 03:00:00,0.52532
2025-04-07 03:15:00,0.65634
2025-04-07 03:30:00,0.39822
2025-04-07 03:45:00,0.54044
2025-04-07 04:00:00,0.54722
2025-04-07 04:15:00,0.51871
2025-04-07 04:30:00,0.37255
2025-04-07 04:45:00,0.42701
2025-04-07 05:00:00,0.38822
2025-04-07 05:15:00,0.41920
2025-04-07 05:30:00,0.31767
2025-04-07 05:45:00,0.48174
2025-04-07 06:00:00,0.46701
2025-04-07 06:15:00,0.31600
2025-04-07 06:30:00,0.29938
2025-04-07 06:45:00,0.44567
2025-04-07 07:00:00,0.56041
2025-04-07 07:15:00,0.68764
2025-04-07 07:30:00,0.70150
2025-04-07 07:45:00,0.67952
2025-04-07 08:00:00,0.79923
2025-04-07 08:15:00,0.79974
2025-04-07 08:30:00,0.79797
2025-04-07 08:45:00,0.84936
2025-04-07 09:00:00,0.84327
2025-04-07 09:15:00,0.67458
2025-04-07 09:30:00,0.53097
2025-04-07 09:45:00,0.72719
2025-04-07 10:00:00,0.66962
2025-04-07 10:15:00,0.66574
2025-04-07 10:30:00,0.57624
2025-04-07 10:45:00,0.71759
2025-04-07 11:00:00,0.71154
2025-04-07 11:15:00,0.71815
2025-04-07 11:30:00,0.69735
2025-04-07 11:45:00,0.62051
2025-04-07 12:00:00,0.70414
2025-04-07 12:15:00,0.75536
2025-04-07 12:30:00,0.68370
2025-04-07 12:45:00,0.63554
2025-04-07 13:00:00,0.62809
2025-04-07 13:15:00,0.50188
2025-04-07 13:30:00,0.77076
2025-04-07 13:45:00,0.69766
2025-04-07 14:00:00,0.78451
2025-04-07 14:15:00,0.73499
2025-04-07 14:30:00,0.59822
2025-04-07 14:45:00,0.69719
2025-04-07 15:00:00,0.57280
2025-04-07 15:15:00,0.46936
2025-04-07 15:30:00,0.60039
2025-04-07 15:45:00,0.77744
2025-04-07 16:00:00,0.65915
2025-04-07 16:15:00,0.65265
2025-04-07 16:30:00,0.79319
2025-04-07 16:45:00,0.72637
2025-04-07 17:00:00,0.60012
2025-04-07 17:15:00,0.59426
2025-04-07 17:30:00,0.59444
2025-04-07 17:45:00,0.63049
2025-04-07 18:00:00,0.57807
2025-04-07 18:15:00,0.50656
2025-04-07 18:30:00,0.74437
2025-04-07 18:45:00,0.58604
2025-04-07 19:00:00,0.61450
2025-04-07 19:15:00,0.50152
2025-04-07 19:30:00,0.56119
2025-04-07 19:45:00,0.51436
2025-04-07 20:00:00,0.66711
2025-04-07 20:15:00,0.55994
2025-04-07 20:30:00,0.70837
2025-04-07 20:45:00,0.61426
2025-04-07 21:00:00,0.61324
2025-04-07 21:15:00,0.44046
2025-04-07 21:30:00,0.66699
2025-04-07 21:45:00,0.71812
2025-04-07 22:00:00,0.60936
2025-04-07 22:15:00,0.53292
2025-04-07 22:30:00,0.44831
2025-04-07 22:45:00,0.60480
2025-04-07 23:00:00,0.52607
2025-04-07 23:15:00,0.38942
2025-04-07 23:30:00,0.46175
2025-04-07 23:45:00,0.38519
2025-04-08 00:00:00,0.45653
2025-04-08 00:15:00,0.51887
2025-04-08 00:30:00,0.58110
2025-04-08 00:45:00,0.39858
2025-04-08 01:00:00,0.50676
2025-04-08 01:15:00,0.51246
2025-04-08 01:30:00,0.56119
2025-04-08 01:45:00,0.61294
2025-04-08 02:00:00,0.50048
2025-04-08 02:15:00,0.54398
2025-04-08 02:30:00,0.35623
2025-04-08 02:45:00,0.29689
2025-04-08 03:00:00,0.52680
2025-04-08 03:15:00,0.53798
2025-04-08 03:30:00,0.58885
2025-04-08 03:45:00,0.66143
2025-04-08 04:00:00,0.44277
2025-04-08 04:15:00,0.38532
2025-04-08 04:30:00,0.41629
2025-04-08 04:45:00,0.51735
2025-04-08 05:00:00,0.57894
2025-04-08 05:15:00,0.57927
2025-04-08 05:30:00,0.49708
2025-04-08 05:45:00,0.69678
2025-04-08 06:00:00,0.57918
2025-04-08 06:15:00,0.62264
2025-04-08 06:30:00,0.49518
2025-04-08 06:45:00,0.55836
2025-04-08 07:00:00,0.48219
2025-04-08 07:15:00,0.66080
2025-04-08 07:30:00,0.51599
2025-04-08 07:45:00,0.42053
2025-04-08 08:00:00,0.49993
2025-04-08 08:15:00,0.50870
2025-04-08 08:30:00,0.49792
2025-04-08 08:45:00,0.55640
2025-04-08 09:00:00,0.54265
2025-04-08 09:15:00,0.54690
2025-04-08 09:30:00,0.66900
2025-04-08 09:45:00,0.52275
2025-04-08 10:00:00,0.46307
2025-04-08 10:15:00,0.53563
2025-04-08 10:30:00,0.50854
2025-04-08 10:45:00,0.51137
2025-04-08 11:00:00,0.74887
2025-04-08 11:15:00,0.69359
2025-04-08 11:30:00,0.62330
2025-04-08 11:45:00,0.58105
2025-04-08 12:00:00,0.65209
2025-04-08 12:15:00,0.82510
2025-04-08 12:30:00,0.68756
2025-04-08 12:45:00,0.83548
2025-04-08 13:00:00,0.80759
2025-04-08 13:15:00,0.78182
2025-04-08 13:30:00,0.64249
2025-04-08 13:45:00,0.72411
2025-04-08 14:00:00,0.66099
2025-04-08 14:15:00,0.56691
2025-04-08 14:30:00,0.60042
2025-04-08 14:45:00,0.74341
2025-04-08 15:00:00,0.47095
2025-04-08 15:15:00,0.45461
2025-04-08 15:30:00,0.78460
2025-04-08 15:45:00,0.77319
2025-04-08 16:00:00,0.71833
2025-04-08 16:15:00,0.65142
2025-04-08 16:30:00,0.66145
2025-04-08 16:45:00,0.51116
2025-04-08 17:00:00,0.60379
2025-04-08 17:15:00,0.64162
2025-04-08 17:30:00,0.72635
2025-04-08 17:45:00,0.62012
2025-04-08 18:00:00,0.50134
2025-04-08 18:15:00,0.56903
2025-04-08 18:30:00,0.55299
2025-04-08 18:45:00,0.65721
2025-04-08 19:00:00,0.66988
2025-04-08 19:15:00,0.76438
2025-04-08 19:30:00,0.50562
2025-04-08 19:45:00,0.56510
2025-04-08 20:00:00,0.48805
2025-04-08 20:15:00,0.57854
2025-04-08 20:30:00,0.36634
2025-04-08 20:45:00,0.55611
2025-04-08 21:00:00,0.56887
2025-04-08 21:15:00,0.56965
2025-04-08 21:30:00,0.55816
2025-04-08 21:45:00,0.59294
2025-04-08 22:00:00,0.59676
2025-04-08 22:15:00,0.48654
2025-04-08 22:30:00,0.46329
2025-04-08 22:45:00,0.60239
2025-04-08 23:00:00,0.50567
2025-04-08 23:15:00,0.31400
2025-04-08 23:30:00,0.29020
2025-04-08 23:45:00,0.37818
2025-04-09 00:00:00,0.58383
2025-04-09 00:15:00,0.38210
2025-04-09 00:30:00,0.42674
2025-04-09 00:45:00,0.50170
2025-04-09 01:00:00,0.61671
2025-04-09 01:15:00,0.62163
2025-04-09 01:30:00,0.77384
2025-04-09 01:45:00,0.51856
2025-04-09 02:00:00,0.43728
2025-04-09 02:15:00,0.65803
2025-04-09 02:30:00,0.79224
2025-04-09 02:45:00,0.68932
2025-04-09 03:00:00,0.55791
2025-04-09 03:15:00,0.40962
2025-04-09 03:30:00,0.60424
2025-04-09 03:45:00,0.37184
2025-04-09 04:00:00,0.43582
2025-04-09 04:15:00,0.51951
2025-04-09 04:30:00,0.69132
2025-04-09 04:45:00,0.58258
2025-04-09 05:00:00,0.50949
2025-04-09 05:15:00,0.47977
2025-04-09 05:30:00,0.59527
2025-04-09 05:45:00,0.51703
2025-04-09 06:00:00,0.73429
2025-04-09 06:15:00,0.56547
2025-04-09 06:30:00,0.74491
2025-04-09 06:45:00,0.55878
2025-04-09 07:00:00,0.68336
2025-04-09 07:15:00,0.68467
2025-04-09 07:30:00,0.57777
2025-04-09 07:45:00,0.51258
2025-04-09 08:00:00,0.50951
2025-04-09 08:15:00,0.44144
2025-04-09 08:30:00,0.55091
2025-04-09 08:45:00,0.52062
2025-04-09 09:00:00,0.53142
2025-04-09 09:15:00,0.52403
2025-04-09 09:30:00,0.47970
2025-04-09 09:45:00,0.40697
2025-04-09 10:00:00,0.33165
2025-04-09 10:15:00,0.60414
2025-04-09 10:30:00,0.72189
2025-04-09 10:45:00,0.63983
2025-04-09 11:00:00,0.47853
2025-04-09 11:15:00,0.58806
2025-04-09 11:30:00,0.59254
2025-04-09 11:45:00,0.60559
2025-04-09 12:00:00,0.57276
2025-04-09 12:15:00,0.72988
2025-04-09 12:30:00,0.64059
2025-04-09 12:45:00,0.71951
2025-04-09 13:00:00,0.57932
2025-04-09 13:15:00,0.71118
2025-04-09 13:30:00,0.55235
2025-04-09 13:45:00,0.66660
2025-04-09 14:00:00,0.71665
2025-04-09 14:15:00,0.86632
2025-04-09 14:30:00,0.74058
2025-04-09 14:45:00,0.59441
2025-04-09 15:00:00,0.52706
2025-04-09 15:15:00,0.70558
2025-04-09 15:30:00,0.77401
2025-04-09 15:45:00,0.71164
2025-04-09 16:00:00,0.68518
2025-04-09 16:15:00,0.57527
2025-04-09 16:30:00,0.68139
2025-04-09 16:45:00,0.73700
2025-04-09 17:00:00,0.49802
2025-04-09 17:15:00,0.62531
2025-04-09 17:30:00,0.52404
2025-04-09 17:45:00,0.63549
2025-04-09 18:00:00,0.65159
2025-04-09 18:15:00,0.63499
2025-04-09 18:30:00,0.57076
2025-04-09 18:45:00,0.74272
2025-04-09 19:00:00,0.61592
2025-04-09 19:15:00,0.78929
2025-04-09 19:30:00,0.69026
2025-04-09 19:45:00,0.63879
2025-04-09 20:00:00,0.60533
2025-04-09 20:15:00,0.49543
2025-04-09 20:30:00,0.50055
2025-04-09 20:45:00,0.43024
2025-04-09 21:00:00,0.57587
2025-04-09 21:15:00,0.34645
2025-04-09 21:30:00,0.52799
2025-04-09 21:45:00,0.59666
2025-04-09 22:00:00,0.51316
2025-04-09 22:15:00,0.60438
2025-04-09 22:30:00,0.53423
2025-04-09 22:45:00,0.45246
2025-04-09 23:00:00,0.47760
2025-04-09 23:15:00,0.73117
2025-04-09 23:30:00,0.47866
2025-04-09 23:45:00,0.42234
2025-04-10 00:00:00,0.48022
2025-04-10 00:15:00,0.51536
2025-04-10 00:30:00,0.50873
2025-04-10 00:45:00,0.42728
2025-04-10 01:00:00,0.40562
2025-04-10 01:15:00,0.32449
2025-04-10 01:30:00,0.49321
2025-04-10 01:45:00,0.42746
2025-04-10 02:00:00,0.49515
2025-04-10 02:15:00,0.54589
2025-04-10 02:30:00,0.50251
2025-04-10 02:45:00,0.52727
2025-04-10 03:00:00,0.44188
2025-04-10 03:15:00,0.43583
2025-04-10 03:30:00,0.34194
2025-04-10 03:45:00,0.36624
2025-04-10 04:00:00,0.51710
2025-04-10 04:15:00,0.59982
2025-04-10 04:30:00,0.34903
2025-04-10 04:45:00,0.33727
2025-04-10 05:00:00,0.59150
2025-04-10 05:15:00,0.45452
2025-04-10 05:30:00,0.53936
2025-04-10 05:45:00,0.56255
2025-04-10 06:00:00,0.74881
2025-04-10 06:15:00,0.42909
2025-04-10 06:30:00,0.40903
2025-04-10 06:45:00,0.59424
2025-04-10 07:00:00,0.60279
2025-04-10 07:15:00,0.64923
2025-04-10 07:30:00,0.63918
2025-04-10 07:45:00,0.54227
2025-04-10 08:00:00,0.42163
2025-04-10 08:15:00,0.61855
2025-04-10 08:30:00,0.57344
2025-04-10 08:45:00,0.53832
2025-04-10 09:00:00,0.64388
2025-04-10 09:15:00,0.63506
2025-04-10 09:30:00,0.78812
2025-04-10 09:45:00,0.67314
2025-04-10 10:00:00,0.54432
2025-04-10 10:15:00,0.73878
2025-04-10 10:30:00,0.71528
2025-04-10 10:45:00,0.57462
2025-04-10 11:00:00,0.68066
2025-04-10 11:15:00,0.72514
2025-04-10 11:30:00,0.62723
2025-04-10 11:45:00,0.55917
2025-04-10 12:00:00,0.63962
2025-04-10 12:15:00,0.65238
2025-04-10 12:30:00,0.58651
2025-04-10 12:45:00,0.62484
2025-04-10 13:00:00,0.60146
2025-04-10 13:15:00,0.68772
2025-04-10 13:30:00,0.77417
2025-04-10 13:45:00,0.83559
2025-04-10 14:00:00,0.79166
2025-04-10 14:15:00,0.71803
2025-04-10 14:30:00,0.65799
2025-04-10 14:45:00,0.70648
2025-04-10 15:00:00,0.52086
2025-04-10 15:15:00,0.79363
2025-04-10 15:30:00,0.65396
2025-04-10 15:45:00,0.69134
2025-04-10 16:00:00,0.69075
2025-04-10 16:15:00,0.79077
2025-04-10 16:30:00,0.64501
2025-04-10 16:45:00,0.64469
2025-04-10 17:00:00,0.55596
2025-04-10 17:15:00,0.56007
2025-04-10 17:30:00,0.75533
2025-04-10 17:45:00,0.92983
2025-04-10 18:00:00,0.89132
2025-04-10 18:15:00,0.84176
2025-04-10 18:30:00,0.67962
2025-04-10 18:45:00,0.59317
2025-04-10 19:00:00,0.68722
2025-04-10 19:15:00,0.63262
2025-04-10 19:30:00,0.43580
2025-04-10 19:45:00,0.49805
2025-04-10 20:00:00,0.67916
2025-04-10 20:15:00,0.87798
2025-04-10 20:30:00,0.74612
2025-04-10 20:45:00,0.60729
2025-04-10 21:00:00,0.51881
2025-04-10 21:15:00,0.62626
2025-04-10 21:30:00,0.63535
2025-04-10 21:45:00,0.68252
2025-04-10 22:00:00,0.58797
2025-04-10 22:15:00,0.55948
2025-04-10 22:30:00,0.36315
2025-04-10 22:45:00,0.47355
2025-04-10 23:00:00,0.53082
2025-04-10 23:15:00,0.49384
2025-04-10 23:30:00,0.49747
2025-04-10 23:45:00,0.61552
2025-04-11 00:00:00,0.36164
2025-04-11 00:15:00,0.55970
2025-04-11 00:30:00,0.62350
2025-04-11 00:45:00,0.53528
2025-04-11 01:00:00,0.56844
2025-04-11 01:15:00,0.47468
2025-04-11 01:30:00,0.50079
2025-04-11 01:45:00,0.49337
2025-04-11 02:00:00,0.50269
2025-04-11 02:15:00,0.63606
2025-04-11 02:30:00,0.43809
2025-04-11 02:45:00,0.48630
2025-04-11 03:00:00,0.34236
2025-04-11 03:15:00,0.31781
2025-04-11 03:30:00,0.44025
2025-04-11 03:45:00,0.55487
2025-04-11 04:00:00,0.38801
2025-04-11 04:15:00,0.48180
2025-04-11 04:30:00,0.50021
2025-04-11 04:45:00,0.66145
2025-04-11 05:00:00,0.55910
2025-04-11 05:15:00,0.56440
2025-04-11 05:30:00,0.73096
2025-04-11 05:45:00,0.57156
2025-04-11 06:00:00,0.58682
2025-04-11 06:15:00,0.53260
2025-04-11 06:30:00,0.74749
2025-04-11 06:45:00,0.59310
2025-04-11 07:00:00,0.67073
2025-04-11 07:15:00,0.62200
2025-04-11 07:30:00,0.53037
2025-04-11 07:45:00,0.52798
2025-04-11 08:00:00,0.78844
2025-04-11 08:15:00,0.60467
2025-04-11 08:30:00,0.67254
2025-04-11 08:45:00,0.52702
2025-04-11 09:00:00,0.59733
2025-04-11 09:15:00,0.66167
2025-04-11 09:30:00,0.78659
2025-04-11 09:45:00,0.76108
2025-04-11 10:00:00,0.55652
2025-04-11 10:15:00,0.65926
2025-04-11 10:30:00,0.87568
2025-04-11 10:45:00,0.81300
2025-04-11 11:00:00,0.67878
2025-04-11 11:15:00,0.69131
2025-04-11 11:30:00,0.75913
2025-04-11 11:45:00,0.60340
2025-04-11 12:00:00,0.81231
2025-04-11 12:15:00,0.68318
2025-04-11 12:30:00,0.84169
2025-04-11 12:45:00,0.80002
2025-04-11 13:00:00,0.74143
2025-04-11 13:15:00,0.78878
2025-04-11 13:30:00,0.62500
2025-04-11 13:45:00,0.65394
2025-04-11 14:00:00,0.72053
2025-04-11 14:15:00,0.90937
2025-04-11 14:30:00,0.66428
2025-04-11 14:45:00,0.63251
2025-04-11 15:00:00,0.63725
2025-04-11 15:15:00,0.52728
2025-04-11 15:30:00,0.48085
2025-04-11 15:45:00,0.49291
2025-04-11 16:00:00,0.75237
2025-04-11 16:15:00,0.65151
2025-04-11 16:30:00,0.82433
2025-04-11 16:45:00,0.77181
2025-04-11 17:00:00,0.73674
2025-04-11 17:15:00,0.60951
2025-04-11 17:30:00,0.64326
2025-04-11 17:45:00,0.75813
2025-04-11 18:00:00,0.58068
2025-04-11 18:15:00,0.75793
2025-04-11 18:30:00,0.65740
2025-04-11 18:45:00,0.61749
2025-04-11 19:00:00,0.60097
2025-04-11 19:15:00,0.64337
2025-04-11 19:30:00,0.70453
2025-04-11 19:45:00,0.67382
2025-04-11 20:00:00,0.58028
2025-04-11 20:15:00,0.70267
2025-04-11 20:30:00,0.70528
2025-04-11 20:45:00,0.78579
2025-04-11 21:00:00,0.63752
2025-04-11 21:15:00,0.64691
2025-04-11 21:30:00,0.61529
2025-04-11 21:45:00,0.72538
2025-04-11 22:00:00,0.74002
2025-04-11 22:15:00,0.56343
2025-04-11 22:30:00,0.56050
2025-04-11 22:45:00,0.56592
2025-04-11 23:00:00,0.42734
2025-04-11 23:15:00,0.47841
2025-04-11 23:30:00,0.62569
2025-04-11 23:45:00,0.63502
2025-04-12 00:00:00,0.58738
2025-04-12 00:15:00,0.44821
2025-04-12 00:30:00,0.55088
2025-04-12 00:45:00,0.51442
2025-04-12 01:00:00,0.46386
2025-04-12 01:15:00,0.40131
2025-04-12 01:30:00,0.58785
2025-04-12 01:45:00,0.58599
2025-04-12 02:00:00,0.53615
2025-04-12 02:15:00,0.48015
2025-04-12 02:30:00,0.63779
2025-04-12 02:45:00,0.48917
2025-04-12 03:00:00,0.58496
2025-04-12 03:15:00,0.51029
2025-04-12 03:30:00,0.44820
2025-04-12 03:45:00,0.53028
2025-04-12 04:00:00,0.46349
2025-04-12 04:15:00,0.48112
2025-04-12 04:30:00,0.42202
2025-04-12 04:45:00,0.32740
2025-04-12 05:00:00,0.52810
2025-04-12 05:15:00,0.48087
2025-04-12 05:30:00,0.53885
2025-04-12 05:45:00,0.39886
2025-04-12 06:00:00,0.52455
2025-04-12 06:15:00,0.44838
2025-04-12 06:30:00,0.30323
2025-04-12 06:45:00,0.35358
2025-04-12 07:00:00,0.43735
2025-04-12 07:15:00,0.58343
2025-04-12 07:30:00,0.53258
2025-04-12 07:45:00,0.52173
2025-04-12 08:00:00,0.38984
2025-04-12 08:15:00,0.47947
2025-04-12 08:30:00,0.61390
2025-04-12 08:45:00,0.66713
2025-04-12 09:00:00,0.73081
2025-04-12 09:15:00,0.66280
2025-04-12 09:30:00,0.58553
2025-04-12 09:45:00,0.45942
2025-04-12 10:00:00,0.65250
2025-04-12 10:15:00,0.56581
2025-04-12 10:30:00,0.51355
2025-04-12 10:45:00,0.52546
2025-04-12 11:00:00,0.53494
2025-04-12 11:15:00,0.60381
2025-04-12 11:30:00,0.78041
2025-04-12 11:45:00,0.75236
2025-04-12 12:00:00,0.51598
2025-04-12 12:15:00,0.62194
2025-04-12 12:30:00,0.69287
2025-04-12 12:45:00,0.66730
2025-04-12 13:00:00,0.77240
2025-04-12 13:15:00,0.89861
2025-04-12 13:30:00,0.77841
2025-04-12 13:45:00,0.67233
2025-04-12 14:00:00,0.69592
2025-04-12 14:15:00,0.78954
2025-04-12 14:30:00,0.72059
2025-04-12 14:45:00,0.66432
2025-04-12 15:00:00,0.65242
2025-04-12 15:15:00,0.85942
2025-04-12 15:30:00,0.68492
2025-04-12 15:45:00,0.69849
2025-04-12 16:00:00,0.82773
2025-04-12 16:15:00,0.71476
2025-04-12 16:30:00,0.67059
2025-04-12 16:45:00,0.68161
2025-04-12 17:00:00,0.79458
2025-04-12 17:15:00,0.77314
2025-04-12 17:30:00,0.70417
2025-04-12 17:45:00,0.68071
2025-04-12 18:00:00,0.70477
2025-04-12 18:15:00,0.52224
2025-04-12 18:30:00,0.41437
2025-04-12 18:45:00,0.39272
2025-04-12 19:00:00,0.51301
2025-04-12 19:15:00,0.61163
2025-04-12 19:30:00,0.53304
2025-04-12 19:45:00,0.61566
2025-04-12 20:00:00,0.66113
2025-04-12 20:15:00,0.65063
2025-04-12 20:30:00,0.70442
2025-04-12 20:45:00,0.60415
2025-04-12 21:00:00,0.43402
2025-04-12 21:15:00,0.68400
2025-04-12 21:30:00,0.63283
2025-04-12 21:45:00,0.66951
2025-04-12 22:00:00,0.62635
2025-04-12 22:15:00,0.55456
2025-04-12 22:30:00,0.58014
2025-04-12 22:45:00,0.65105
2025-04-12 23:00:00,0.40923
2025-04-12 23:15:00,0.41468
2025-04-12 23:30:00,0.60046
2025-04-12 23:45:00,0.42515
2025-04-13 00:00:00,0.45598
2025-04-13 00:15:00,0.34042
2025-04-13 00:30:00,0.34214
2025-04-13 00:45:00,0.49007
2025-04-13 01:00:00,0.47910
2025-04-13 01:15:00,0.39465
2025-04-13 01:30:00,0.67993
2025-04-13 01:45:00,0.45621
2025-04-13 02:00:00,0.43537
2025-04-13 02:15:00,0.41964
2025-04-13 02:30:00,0.52095
2025-04-13 02:45:00,0.65547
2025-04-13 03:00:00,0.63637
2025-04-13 03:15:00,0.57215
2025-04-13 03:30:00,0.45922
2025-04-13 03:45:00,0.60574
2025-04-13 04:00:00,0.43260
2025-04-13 04:15:00,0.33008
2025-04-13 04:30:00,0.32152
2025-04-13 04:45:00,0.26698
2025-04-13 05:00:00,0.34004
2025-04-13 05:15:00,0.56733
2025-04-13 05:30:00,0.63111
2025-04-13 05:45:00,0.62263
2025-04-13 06:00:00,0.58598
2025-04-13 06:15:00,0.64168
2025-04-13 06:30:00,0.59115
2025-04-13 06:45:00,0.68880
2025-04-13 07:00:00,0.81621
2025-04-13 07:15:00,0.59013
2025-04-13 07:30:00,0.48015
2025-04-13 07:45:00,0.54947
2025-04-13 08:00:00,0.44314
2025-04-13 08:15:00,0.65150
2025-04-13 08:30:00,0.57628
2025-04-13 08:45:00,0.57201
2025-04-13 09:00:00,0.61744
2025-04-13 09:15:00,0.62737
2025-04-13 09:30:00,0.84208
2025-04-13 09:45:00,0.69462
2025-04-13 10:00:00,0.33728
2025-04-13 10:15:00,0.55725
2025-04-13 10:30:00,0.66275
2025-04-13 10:45:00,0.69431
2025-04-13 11:00:00,0.59809
2025-04-13 11:15:00,0.64833
2025-04-13 11:30:00,0.55476
2025-04-13 11:45:00,0.79412
2025-04-13 12:00:00,0.68234
2025-04-13 12:15:00,0.73118
2025-04-13 12:30:00,0.64341
2025-04-13 12:45:00,0.79962
2025-04-13 13:00:00,0.72774
2025-04-13 13:15:00,0.76480
2025-04-13 13:30:00,0.76113
2025-04-13 13:45:00,0.76414
2025-04-13 14:00:00,0.75792
2025-04-13 14:15:00,0.72971
2025-04-13 14:30:00,0.76585
2025-04-13 14:45:00,0.79840
2025-04-13 15:00:00,0.55707
2025-04-13 15:15:00,0.71674
2025-04-13 15:30:00,0.61267
2025-04-13 15:45:00,0.73051
2025-04-13 16:00:00,0.80262
2025-04-13 16:15:00,0.66847
2025-04-13 16:30:00,0.66630
2025-04-13 16:45:00,0.67417
2025-04-13 17:00:00,0.71843
2025-04-13 17:15:00,0.73682
2025-04-13 17:30:00,0.74386
2025-04-13 17:45:00,0.63384
2025-04-13 18:00:00,0.58345
2025-04-13 18:15:00,0.51706
2025-04-13 18:30:00,0.58600
2025-04-13 18:45:00,0.68954
2025-04-13 19:00:00,0.68957
2025-04-13 19:15:00,0.71035
2025-04-13 19:30:00,0.63671
2025-04-13 19:45:00,0.57374
2025-04-13 20:00:00,0.51754
2025-04-13 20:15:00,0.61684
2025-04-13 20:30:00,0.44976
2025-04-13 20:45:00,0.37317
2025-04-13 21:00:00,0.46112
2025-04-13 21:15:00,0.59219
2025-04-13 21:30:00,0.51029
2025-04-13 21:45:00,0.53345
2025-04-13 22:00:00,0.60559
2025-04-13 22:15:00,0.38520
2025-04-13 22:30:00,0.38886
2025-04-13 22:45:00,0.29368
2025-04-13 23:00:00,0.38234
2025-04-13 23:15:00,0.35394
2025-04-13 23:30:00,0.51952
2025-04-13 23:45:00,0.62135
2025-04-14 00:00:00,0.47953
2025-04-14 00:15:00,0.73052
2025-04-14 00:30:00,0.49731
2025-04-14 00:45:00,0.49895
2025-04-14 01:00:00,0.66123
2025-04-14 01:15:00,0.64623
2025-04-14 01:30:00,0.70765
2025-04-14 01:45:00,0.53676
2025-04-14 02:00:00,0.40404
2025-04-14 02:15:00,0.34127
2025-04-14 02:30:00,0.57175
2025-04-14 02:45:00,0.62719
2025-04-14 03:00:00,0.52154
2025-04-14 03:15:00,0.55640
2025-04-14 03:30:00,0.59695
2025-04-14 03:45:00,0.55063
2025-04-14 04:00:00,0.75521
2025-04-14 04:15:00,0.62972
2025-04-14 04:30:00,0.52716
2025-04-14 04:45:00,0.63437
2025-04-14 05:00:00,0.39516
2025-04-14 05:15:00,0.55259
2025-04-14 05:30:00,0.39240
2025-04-14 05:45:00,0.45394
2025-04-14 06:00:00,0.40705
2025-04-14 06:15:00,0.61149
2025-04-14 06:30:00,0.53948
2025-04-14 06:45:00,0.46770
2025-04-14 07:00:00,0.56499
2025-04-14 07:15:00,0.78817
2025-04-14 07:30:00,0.55710
2025-04-14 07:45:00,0.66771
2025-04-14 08:00:00,0.74023
2025-04-14 08:15:00,0.83167
2025-04-14 08:30:00,0.70977
2025-04-14 08:45:00,0.50124
2025-04-14 09:00:00,0.59051
2025-04-14 09:15:00,0.62497
2025-04-14 09:30:00,0.65442
2025-04-14 09:45:00,0.81397
2025-04-14 10:00:00,0.57375
2025-04-14 10:15:00,0.60461
2025-04-14 10:30:00,0.71855
2025-04-14 10:45:00,0.56756
2025-04-14 11:00:00,0.56533
2025-04-14 11:15:00,0.54426
2025-04-14 11:30:00,0.60157
2025-04-14 11:45:00,0.68744
2025-04-14 12:00:00,0.60833
2025-04-14 12:15:00,0.69951
2025-04-14 12:30:00,0.65384
2025-04-14 12:45:00,0.61870
2025-04-14 13:00:00,0.62697
2025-04-14 13:15:00,0.77690
2025-04-14 13:30:00,0.80859
2025-04-14 13:45:00,0.84027
2025-04-14 14:00:00,0.92805
2025-04-14 14:15:00,0.66269
2025-04-14 14:30:00,0.77877
2025-04-14 14:45:00,0.69902
2025-04-14 15:00:00,0.57585
2025-04-14 15:15:00,0.62474
2025-04-14 15:30:00,0.61914
2025-04-14 15:45:00,0.82358
2025-04-14 16:00:00,0.70610
2025-04-14 16:15:00,0.75458
2025-04-14 16:30:00,0.62539
2025-04-14 16:45:00,0.58054
2025-04-14 17:00:00,0.52850
2025-04-14 17:15:00,0.71027
2025-04-14 17:30:00,0.67081
2025-04-14 17:45:00,0.63591
2025-04-14 18:00:00,0.48787
2025-04-14 18:15:00,0.55390
2025-04-14 18:30:00,0.50787
2025-04-14 18:45:00,0.51656
2025-04-14 19:00:00,0.40574
2025-04-14 19:15:00,0.57617
2025-04-14 19:30:00,0.74805
2025-04-14 19:45:00,0.63912
2025-04-14 20:00:00,0.59158
2025-04-14 20:15:00,0.83065
2025-04-14 20:30:00,0.60276
2025-04-14 20:45:00,0.48093
2025-04-14 21:00:00,0.40323
2025-04-14 21:15:00,0.42043
2025-04-14 21:30:00,0.55812
2025-04-14 21:45:00,0.48792
2025-04-14 22:00:00,0.47480
2025-04-14 22:15:00,0.47550
2025-04-14 22:30:00,0.45859
2025-04-14 22:45:00,0.64295
2025-04-14 23:00:00,0.67518
2025-04-14 23:15:00,0.53879
2025-04-14 23:30:00,0.48145
2025-04-14 23:45:00,0.57365
2025-04-15 00:00:00,0.65375
2025-04-15 00:15:00,0.49703
2025-04-15 00:30:00,0.43726
2025-04-15 00:45:00,0.51793
2025-04-15 01:00:00,0.35603
2025-04-15 01:15:00,0.53688
2025-04-15 01:30:00,0.58188
2025-04-15 01:45:00,0.56409
2025-04-15 02:00:00,0.57146
2025-04-15 02:15:00,0.63253
2025-04-15 02:30:00,0.43423
2025-04-15 02:45:00,0.61588
2025-04-15 03:00:00,0.64447
2025-04-15 03:15:00,0.44866
2025-04-15 03:30:00,0.43420
2025-04-15 03:45:00,0.67347
2025-04-15 04:00:00,0.45588
2025-04-15 04:15:00,0.60381
2025-04-15 04:30:00,0.50102
2025-04-15 04:45:00,0.65100
2025-04-15 05:00:00,0.67884
2025-04-15 05:15:00,0.65136
2025-04-15 05:30:00,0.68657
2025-04-15 05:45:00,0.54864
2025-04-15 06:00:00,0.65446
2025-04-15 06:15:00,0.56304
2025-04-15 06:30:00,0.44848
2025-04-15 06:45:00,0.51425
2025-04-15 07:00:00,0.63074
2025-04-15 07:15:00,0.64421
2025-04-15 07:30:00,0.76662
2025-04-15 07:45:00,0.84840
2025-04-15 08:00:00,0.70252
2025-04-15 08:15:00,0.58015
2025-04-15 08:30:00,0.50557
2025-04-15 08:45:00,0.69321
2025-04-15 09:00:00,0.60193
2025-04-15 09:15:00,0.53567
2025-04-15 09:30:00,0.50466
2025-04-15 09:45:00,0.61263
2025-04-15 10:00:00,0.53332
2025-04-15 10:15:00,0.46669
2025-04-15 10:30:00,0.52555
2025-04-15 10:45:00,0.37329
2025-04-15 11:00:00,0.60926
2025-04-15 11:15:00,0.66444
2025-04-15 11:30:00,0.84292
2025-04-15 11:45:00,0.80626
2025-04-15 12:00:00,0.74409
2025-04-15 12:15:00,0.76425
2025-04-15 12:30:00,0.66439
2025-04-15 12:45:00,0.46645
2025-04-15 13:00:00,0.45150
2025-04-15 13:15:00,0.63508
2025-04-15 13:30:00,0.66761
2025-04-15 13:45:00,0.75731
2025-04-15 14:00:00,0.72100
2025-04-15 14:15:00,0.80305
2025-04-15 14:30:00,0.57603
2025-04-15 14:45:00,0.82258
2025-04-15 15:00:00,0.71632
2025-04-15 15:15:00,0.70557
2025-04-15 15:30:00,0.82835
2025-04-15 15:45:00,0.65387
2025-04-15 16:00:00,0.53889
2025-04-15 16:15:00,0.52420
2025-04-15 16:30:00,0.68275
2025-04-15 16:45:00,0.59613
2025-04-15 17:00:00,0.87232
2025-04-15 17:15:00,1.03742
2025-04-15 17:30:00,0.67952
2025-04-15 17:45:00,0.67337
2025-04-15 18:00:00,0.66882
2025-04-15 18:15:00,0.61681
2025-04-15 18:30:00,0.67399
2025-04-15 18:45:00,0.62869
2025-04-15 19:00:00,0.44525
2025-04-15 19:15:00,0.78293
2025-04-15 19:30:00,0.42438
2025-04-15 19:45:00,0.59176
2025-04-15 20:00:00,0.53543
2025-04-15 20:15:00,0.64991
2025-04-15 20:30:00,0.49868
2025-04-15 20:45:00,0.57348
2025-04-15 21:00:00,0.43046
2025-04-15 21:15:00,0.49906
2025-04-15 21:30:00,0.54719
2025-04-15 21:45:00,0.59596
2025-04-15 22:00:00,0.49973
2025-04-15 22:15:00,0.49881
2025-04-15 22:30:00,0.49880
2025-04-15 22:45:00,0.50239
2025-04-15 23:00:00,0.50876
2025-04-15 23:15:00,0.59085
2025-04-15 23:30:00,0.55844
2025-04-15 23:45:00,0.65003
2025-04-16 00:00:00,0.63565
2025-04-16 00:15:00,0.61391
2025-04-16 00:30:00,0.70674
2025-04-16 00:45:00,0.40448
2025-04-16 01:00:00,0.65623
2025-04-16 01:15:00,0.51043
2025-04-16 01:30:00,0.30600
2025-04-16 01:45:00,0.56648
2025-04-16 02:00:00,0.63980
2025-04-16 02:15:00,0.54351
2025-04-16 02:30:00,0.49149
2025-04-16 02:45:00,0.35208
2025-04-16 03:00:00,0.30865
2025-04-16 03:15:00,0.45989
2025-04-16 03:30:00,0.66368
2025-04-16 03:45:00,0.57768
2025-04-16 04:00:00,0.58008
2025-04-16 04:15:00,0.45612
2025-04-16 04:30:00,0.49182
2025-04-16 04:45:00,0.48619
2025-04-16 05:00:00,0.52973
2025-04-16 05:15:00,0.46495
2025-04-16 05:30:00,0.44839
2025-04-16 05:45:00,0.40540
2025-04-16 06:00:00,0.62243
2025-04-16 06:15:00,0.56588
2025-04-16 06:30:00,0.60851
2025-04-16 06:45:00,0.54132
2025-04-16 07:00:00,0.72147
2025-04-16 07:15:00,0.71357
2025-04-16 07:30:00,0.65755
2025-04-16 07:45:00,0.82144
2025-04-16 08:00:00,0.71640
2025-04-16 08:15:00,0.73687
2025-04-16 08:30:00,0.69383
2025-04-16 08:45:00,0.65940
2025-04-16 09:00:00,0.77105
2025-04-16 09:15:00,0.63320
2025-04-16 09:30:00,0.61537
2025-04-16 09:45:00,0.71359
2025-04-16 10:00:00,0.64720
2025-04-16 10:15:00,0.59946
2025-04-16 10:30:00,0.49866
2025-04-16 10:45:00,0.60423
2025-04-16 11:00:00,0.65200
2025-04-16 11:15:00,0.93970
2025-04-16 11:30:00,0.62912
2025-04-16 11:45:00,0.70141
2025-04-16 12:00:00,0.56993
2025-04-16 12:15:00,0.68405
2025-04-16 12:30:00,0.59609
2025-04-16 12:45:00,0.70124
2025-04-16 13:00:00,0.63111
2025-04-16 13:15:00,0.54903
2025-04-16 13:30:00,0.75806
2025-04-16 13:45:00,0.69163
2025-04-16 14:00:00,0.70692
2025-04-16 14:15:00,0.65076
2025-04-16 14:30:00,0.70237
2025-04-16 14:45:00,0.75684
2025-04-16 15:00:00,0.52202
2025-04-16 15:15:00,0.63860
2025-04-16 15:30:00,0.50219
2025-04-16 15:45:00,0.58533
2025-04-16 16:00:00,0.61353
2025-04-16 16:15:00,0.60280
2025-04-16 16:30:00,0.62585
2025-04-16 16:45:00,0.69801
2025-04-16 17:00:00,0.70968
2025-04-16 17:15:00,0.73420
2025-04-16 17:30:00,0.56339
2025-04-16 17:45:00,0.48202
2025-04-16 18:00:00,0.44193
2025-04-16 18:15:00,0.61169
2025-04-16 18:30:00,0.74415
2025-04-16 18:45:00,0.67148
2025-04-16 19:00:00,0.45670
2025-04-16 19:15:00,0.54756
2025-04-16 19:30:00,0.50576
2025-04-16 19:45:00,0.50321
2025-04-16 20:00:00,0.57809
2025-04-16 20:15:00,0.52165
2025-04-16 20:30:00,0.49129
2025-04-16 20:45:00,0.49683
2025-04-16 21:00:00,0.71448
2025-04-16 21:15:00,0.69145
2025-04-16 21:30:00,0.71966
2025-04-16 21:45:00,0.50050
2025-04-16 22:00:00,0.41872
2025-04-16 22:15:00,0.44649
2025-04-16 22:30:00,0.64531
2025-04-16 22:45:00,0.44880
2025-04-16 23:00:00,0.39638
2025-04-16 23:15:00,0.28716
2025-04-16 23:30:00,0.41560
2025-04-16 23:45:00,0.55148
2025-04-17 00:00:00,0.59606
2025-04-17 00:15:00,0.30214
2025-04-17 00:30:00,0.30682
2025-04-17 00:45:00,0.41248
2025-04-17 01:00:00,0.55333
2025-04-17 01:15:00,0.54658
2025-04-17 01:30:00,0.42088
2025-04-17 01:45:00,0.51958
2025-04-17 02:00:00,0.60651
2025-04-17 02:15:00,0.44380
2025-04-17 02:30:00,0.44538
2025-04-17 02:45:00,0.58855
2025-04-17 03:00:00,0.66111
2025-04-17 03:15:00,0.39767
2025-04-17 03:30:00,0.43504
2025-04-17 03:45:00,0.42605
2025-04-17 04:00:00,0.49378
2025-04-17 04:15:00,0.61122
2025-04-17 04:30:00,0.43463
2025-04-17 04:45:00,0.32977
2025-04-17 05:00:00,0.40130
2025-04-17 05:15:00,0.46615
2025-04-17 05:30:00,0.36405
2025-04-17 05:45:00,0.50999
2025-04-17 06:00:00,0.51975
2025-04-17 06:15:00,0.55181
2025-04-17 06:30:00,0.44457
2025-04-17 06:45:00,0.44999
2025-04-17 07:00:00,0.47773
2025-04-17 07:15:00,0.46926
2025-04-17 07:30:00,0.45151
2025-04-17 07:45:00,0.56976
2025-04-17 08:00:00,0.65846
2025-04-17 08:15:00,0.51979
2025-04-17 08:30:00,0.43582
2025-04-17 08:45:00,0.52497
2025-04-17 09:00:00,0.64627
2025-04-17 09:15:00,0.56553
2025-04-17 09:30:00,0.55619
2025-04-17 09:45:00,0.66856
2025-04-17 10:00:00,0.59891
2025-04-17 10:15:00,0.52031
2025-04-17 10:30:00,0.61500
2025-04-17 10:45:00,0.45448
2025-04-17 11:00:00,0.53245
2025-04-17 11:15:00,0.68249
2025-04-17 11:30:00,0.74827
2025-04-17 11:45:00,0.62974
2025-04-17 12:00:00,0.66479
2025-04-17 12:15:00,0.66179
2025-04-17 12:30:00,0.67548
2025-04-17 12:45:00,0.64594
2025-04-17 13:00:00,0.60919
2025-04-17 13:15:00,0.71142
2025-04-17 13:30:00,0.59539
2025-04-17 13:45:00,0.61805
2025-04-17 14:00:00,0.68522
2025-04-17 14:15:00,0.64798
2025-04-17 14:30:00,0.88588
2025-04-17 14:45:00,0.87373
2025-04-17 15:00:00,0.70495
2025-04-17 15:15:00,0.66516
2025-04-17 15:30:00,0.68388
2025-04-17 15:45:00,0.40383
2025-04-17 16:00:00,0.51894
2025-04-17 16:15:00,0.38368
2025-04-17 16:30:00,0.58712
2025-04-17 16:45:00,0.59190
2025-04-17 17:00:00,0.80378
2025-04-17 17:15:00,0.64672
2025-04-17 17:30:00,0.56989
2025-04-17 17:45:00,0.51420
2025-04-17 18:00:00,0.75716
2025-04-17 18:15:00,0.66555
2025-04-17 18:30:00,0.77519
2025-04-17 18:45:00,0.64506
2025-04-17 19:00:00,0.46609
2025-04-17 19:15:00,0.47484
2025-04-17 19:30:00,0.65658
2025-04-17 19:45:00,0.77740
2025-04-17 20:00:00,0.75262
2025-04-17 20:15:00,0.65158
2025-04-17 20:30:00,0.61257
2025-04-17 20:45:00,0.53967
2025-04-17 21:00:00,0.59620
2025-04-17 21:15:00,0.60656
2025-04-17 21:30:00,0.44655
2025-04-17 21:45:00,0.43987
2025-04-17 22:00:00,0.48584
2025-04-17 22:15:00,0.55512
2025-04-17 22:30:00,0.67998
2025-04-17 22:45:00,0.74514
2025-04-17 23:00:00,0.67189
2025-04-17 23:15:00,0.58307
2025-04-17 23:30:00,0.55669
2025-04-17 23:45:00,0.53046
2025-04-18 00:00:00,0.69267
2025-04-18 00:15:00,0.54572
2025-04-18 00:30:00,0.53214
2025-04-18 00:45:00,0.53593
2025-04-18 01:00:00,0.62430
2025-04-18 01:15:00,0.54042
2025-04-18 01:30:00,0.55776
2025-04-18 01:45:00,0.49758
2025-04-18 02:00:00,0.69971
2025-04-18 02:15:00,0.57364
2025-04-18 02:30:00,0.49887
2025-04-18 02:45:00,0.62618
2025-04-18 03:00:00,0.37989
2025-04-18 03:15:00,0.59788
2025-04-18 03:30:00,0.41123
2025-04-18 03:45:00,0.52333
2025-04-18 04:00:00,0.62410
2025-04-18 04:15:00,0.44811
2025-04-18 04:30:00,0.55840
2025-04-18 04:45:00,0.48002
2025-04-18 05:00:00,0.51018
2025-04-18 05:15:00,0.54110
2025-04-18 05:30:00,0.48655
2025-04-18 05:45:00,0.45721
2025-04-18 06:00:00,0.48519
2025-04-18 06:15:00,0.61539
2025-04-18 06:30:00,0.52396
2025-04-18 06:45:00,0.67656
2025-04-18 07:00:00,0.88400
2025-04-18 07:15:00,0.68874
2025-04-18 07:30:00,0.70476
2025-04-18 07:45:00,0.71003
2025-04-18 08:00:00,0.66054
2025-04-18 08:15:00,0.66572
2025-04-18 08:30:00,0.74149
2025-04-18 08:45:00,0.64086
2025-04-18 09:00:00,0.69854
2025-04-18 09:15:00,0.50872
2025-04-18 09:30:00,0.68636
2025-04-18 09:45:00,0.73706
2025-04-18 10:00:00,0.70298
2025-04-18 10:15:00,0.56529
2025-04-18 10:30:00,0.56898
2025-04-18 10:45:00,0.52179
2025-04-18 11:00:00,0.57650
2025-04-18 11:15:00,0.52683
2025-04-18 11:30:00,0.57612
2025-04-18 11:45:00,0.59997
2025-04-18 12:00:00,0.73784
2025-04-18 12:15:00,0.75800
2025-04-18 12:30:00,0.84489
2025-04-18 12:45:00,0.80401
2025-04-18 13:00:00,0.81264
2025-04-18 13:15:00,0.78200
2025-04-18 13:30:00,0.87433
2025-04-18 13:45:00,0.79533
2025-04-18 14:00:00,0.61221
2025-04-18 14:15:00,0.75311
2025-04-18 14:30:00,0.58872
2025-04-18 14:45:00,0.63303
2025-04-18 15:00:00,0.67402
2025-04-18 15:15:00,0.80485
2025-04-18 15:30:00,0.71057
2025-04-18 15:45:00,0.59061
2025-04-18 16:00:00,0.60752
2025-04-18 16:15:00,0.55282
2025-04-18 16:30:00,0.67332
2025-04-18 16:45:00,0.61586
2025-04-18 17:00:00,0.68649
2025-04-18 17:15:00,0.77687
2025-04-18 17:30:00,0.67455
2025-04-18 17:45:00,0.72594
2025-04-18 18:00:00,0.74752
2025-04-18 18:15:00,0.38715
2025-04-18 18:30:00,0.44557
2025-04-18 18:45:00,0.52622
2025-04-18 19:00:00,0.45789
2025-04-18 19:15:00,0.61135
2025-04-18 19:30:00,0.46634
2025-04-18 19:45:00,0.46816
2025-04-18 20:00:00,0.54674
2025-04-18 20:15:00,0.42512
2025-04-18 20:30:00,0.51644
2025-04-18 20:45:00,0.66712
2025-04-18 21:00:00,0.35454
2025-04-18 21:15:00,0.54637
2025-04-18 21:30:00,0.40987
2025-04-18 21:45:00,0.37198
2025-04-18 22:00:00,0.48993
2025-04-18 22:15:00,0.57639
2025-04-18 22:30:00,0.54287
2025-04-18 22:45:00,0.62261
2025-04-18 23:00:00,0.57103
2025-04-18 23:15:00,0.50126
2025-04-18 23:30:00,0.53693
2025-04-18 23:45:00,0.50353
2025-04-19 00:00:00,0.53770
2025-04-19 00:15:00,0.58754
2025-04-19 00:30:00,0.75127
2025-04-19 00:45:00,0.71398
2025-04-19 01:00:00,0.61463
2025-04-19 01:15:00,0.49165
2025-04-19 01:30:00,0.70172
2025-04-19 01:45:00,0.66182
2025-04-19 02:00:00,0.53120
2025-04-19 02:15:00,0.55124
2025-04-19 02:30:00,0.39441
2025-04-19 02:45:00,0.56078
2025-04-19 03:00:00,0.51402
2025-04-19 03:15:00,0.60950
2025-04-19 03:30:00,0.55393
2025-04-19 03:45:00,0.56494
2025-04-19 04:00:00,0.67204
2025-04-19 04:15:00,0.53653
2025-04-19 04:30:00,0.59114
2025-04-19 04:45:00,0.56350
2025-04-19 05:00:00,0.76042
2025-04-19 05:15:00,0.63870
2025-04-19 05:30:00,0.72860
2025-04-19 05:45:00,0.51112
2025-04-19 06:00:00,0.52911
2025-04-19 06:15:00,0.53385
2025-04-19 06:30:00,0.54748
2025-04-19 06:45:00,0.58796
2025-04-19 07:00:00,0.63042
2025-04-19 07:15:00,0.55014
2025-04-19 07:30:00,0.59959
2025-04-19 07:45:00,0.80174
2025-04-19 08:00:00,0.70202
2025-04-19 08:15:00,0.49375
2025-04-19 08:30:00,0.59188
2025-04-19 08:45:00,0.59113
2025-04-19 09:00:00,0.73420
2025-04-19 09:15:00,0.65964
2025-04-19 09:30:00,0.70327
2025-04-19 09:45:00,0.75332
2025-04-19 10:00:00,0.65274
2025-04-19 10:15:00,0.94366
2025-04-19 10:30:00,0.84842
2025-04-19 10:45:00,0.62624
2025-04-19 11:00:00,0.54001
2025-04-19 11:15:00,0.63949
2025-04-19 11:30:00,0.73038
2025-04-19 11:45:00,0.70366
2025-04-19 12:00:00,0.59837
2025-04-19 12:15:00,0.61558
2025-04-19 12:30:00,0.57503
2025-04-19 12:45:00,0.75958
2025-04-19 13:00:00,0.68632
2025-04-19 13:15:00,0.78539
2025-04-19 13:30:00,0.76963
2025-04-19 13:45:00,0.78024
2025-04-19 14:00:00,0.71117
2025-04-19 14:15:00,0.65986
2025-04-19 14:30:00,0.62138
2025-04-19 14:45:00,0.61306
2025-04-19 15:00:00,0.51803
2025-04-19 15:15:00,0.54441
2025-04-19 15:30:00,0.70059
2025-04-19 15:45:00,0.83856
2025-04-19 16:00:00,0.61895
2025-04-19 16:15:00,0.64619
2025-04-19 16:30:00,0.73518
2025-04-19 16:45:00,0.72888
2025-04-19 17:00:00,0.84997
2025-04-19 17:15:00,0.84020
2025-04-19 17:30:00,0.70134
2025-04-19 17:45:00,0.70635
2025-04-19 18:00:00,0.54806
2025-04-19 18:15:00,0.56821
2025-04-19 18:30:00,0.57471
2025-04-19 18:45:00,0.59526
2025-04-19 19:00:00,0.49682
2025-04-19 19:15:00,0.66284
2025-04-19 19:30:00,0.58446
2025-04-19 19:45:00,0.49548
2025-04-19 20:00:00,0.29749
2025-04-19 20:15:00,0.36509
2025-04-19 20:30:00,0.37526
2025-04-19 20:45:00,0.46743
2025-04-19 21:00:00,0.73675
2025-04-19 21:15:00,0.48352
2025-04-19 21:30:00,0.68788
2025-04-19 21:45:00,0.59525
2025-04-19 22:00:00,0.47092
2025-04-19 22:15:00,0.56019
2025-04-19 22:30:00,0.44336
2025-04-19 22:45:00,0.56361
2025-04-19 23:00:00,0.57879
2025-04-19 23:15:00,0.51636
2025-04-19 23:30:00,0.53694
2025-04-19 23:45:00,0.58579
2025-04-20 00:00:00,0.52700
2025-04-20 00:15:00,0.53753
2025-04-20 00:30:00,0.38643
2025-04-20 00:45:00,0.26163
2025-04-20 01:00:00,0.43027
2025-04-20 01:15:00,0.39220
2025-04-20 01:30:00,0.47396
2025-04-20 01:45:00,0.43963
2025-04-20 02:00:00,0.53809
2025-04-20 02:15:00,0.41552
2025-04-20 02:30:00,0.49789
2025-04-20 02:45:00,0.58965
2025-04-20 03:00:00,0.59687
2025-04-20 03:15:00,0.49611
2025-04-20 03:30:00,0.43769
2025-04-20 03:45:00,0.60337
2025-04-20 04:00:00,0.51935
2025-04-20 04:15:00,0.49605
2025-04-20 04:30:00,0.53033
2025-04-20 04:45:00,0.49867
2025-04-20 05:00:00,0.40710
2025-04-20 05:15:00,0.73235
2025-04-20 05:30:00,0.66493
2025-04-20 05:45:00,0.38978
2025-04-20 06:00:00,0.46816
2025-04-20 06:15:00,0.54106
2025-04-20 06:30:00,0.63248
2025-04-20 06:45:00,0.60364
2025-04-20 07:00:00,0.47839
2025-04-20 07:15:00,0.48446
2025-04-20 07:30:00,0.58551
2025-04-20 07:45:00,0.69000
2025-04-20 08:00:00,0.65506
2025-04-20 08:15:00,0.59083
2025-04-20 08:30:00,0.69314
2025-04-20 08:45:00,0.77659
2025-04-20 09:00:00,0.68767
2025-04-20 09:15:00,0.69702
2025-04-20 09:30:00,0.68784
2025-04-20 09:45:00,0.76637
2025-04-20 10:00:00,0.59001
2025-04-20 10:15:00,0.67270
2025-04-20 10:30:00,0.58072
2025-04-20 10:45:00,0.56768
2025-04-20 11:00:00,0.56373
2025-04-20 11:15:00,0.65213
2025-04-20 11:30:00,0.69699
2025-04-20 11:45:00,0.75155
2025-04-20 12:00:00,0.58405
2025-04-20 12:15:00,0.50543
2025-04-20 12:30:00,0.60676
2025-04-20 12:45:00,0.64629
2025-04-20 13:00:00,0.75826
2025-04-20 13:15:00,0.74433
2025-04-20 13:30:00,0.62585
2025-04-20 13:45:00,0.78853
2025-04-20 14:00:00,0.60842
2025-04-20 14:15:00,0.57481
2025-04-20 14:30:00,0.82785
2025-04-20 14:45:00,0.77476
2025-04-20 15:00:00,0.50462
2025-04-20 15:15:00,0.65205
2025-04-20 15:30:00,0.67654
2025-04-20 15:45:00,0.72802
2025-04-20 16:00:00,0.55228
2025-04-20 16:15:00,0.58426
2025-04-20 16:30:00,0.48442
2025-04-20 16:45:00,0.55271
2025-04-20 17:00:00,0.61519
2025-04-20 17:15:00,0.68101
2025-04-20 17:30:00,0.51680
2025-04-20 17:45:00,0.57479
2025-04-20 18:00:00,0.73296
2025-04-20 18:15:00,0.63882
2025-04-20 18:30:00,0.74243
2025-04-20 18:45:00,0.72647
2025-04-20 19:00:00,0.47106
2025-04-20 19:15:00,0.58067
2025-04-20 19:30:00,0.65269
2025-04-20 19:45:00,0.54036
2025-04-20 20:00:00,0.62787
2025-04-20 20:15:00,0.66349
2025-04-20 20:30:00,0.40873
2025-04-20 20:45:00,0.43339
2025-04-20 21:00:00,0.47491
2025-04-20 21:15:00,0.59782
2025-04-20 21:30:00,0.55265
2025-04-20 21:45:00,0.52918
2025-04-20 22:00:00,0.53508
2025-04-20 22:15:00,0.47942
2025-04-20 22:30:00,0.49776
2025-04-20 22:45:00,0.68440
2025-04-20 23:00:00,0.62587
2025-04-20 23:15:00,0.67464
2025-04-20 23:30:00,0.77699
2025-04-20 23:45:00,0.64476
2025-04-21 00:00:00,0.49171
2025-04-21 00:15:00,0.54529
2025-04-21 00:30:00,0.50057
2025-04-21 00:45:00,0.64634
2025-04-21 01:00:00,0.56249
2025-04-21 01:15:00,0.43382
2025-04-21 01:30:00,0.46093
2025-04-21 01:45:00,0.56648
2025-04-21 02:00:00,0.49471
2025-04-21 02:15:00,0.36455
2025-04-21 02:30:00,0.35265
2025-04-21 02:45:00,0.41096
2025-04-21 03:00:00,0.47345
2025-04-21 03:15:00,0.51173
2025-04-21 03:30:00,0.51669
2025-04-21 03:45:00,0.62862
2025-04-21 04:00:00,0.49303
2025-04-21 04:15:00,0.51685
2025-04-21 04:30:00,0.50190
2025-04-21 04:45:00,0.53084
2025-04-21 05:00:00,0.36959
2025-04-21 05:15:00,0.41567
2025-04-21 05:30:00,0.30862
2025-04-21 05:45:00,0.58384
2025-04-21 06:00:00,0.68782
2025-04-21 06:15:00,0.55747
2025-04-21 06:30:00,0.71926
2025-04-21 06:45:00,0.58613
2025-04-21 07:00:00,0.46865
2025-04-21 07:15:00,0.54786
2025-04-21 07:30:00,0.71338
2025-04-21 07:45:00,0.55790
2025-04-21 08:00:00,0.48202
2025-04-21 08:15:00,0.65074
2025-04-21 08:30:00,0.63934
2025-04-21 08:45:00,0.54185
2025-04-21 09:00:00,0.76322
2025-04-21 09:15:00,0.76864
2025-04-21 09:30:00,0.65629
2025-04-21 09:45:00,0.60962
2025-04-21 10:00:00,0.65523
2025-04-21 10:15:00,0.66000
2025-04-21 10:30:00,0.54611
2025-04-21 10:45:00,0.60782
2025-04-21 11:00:00,0.75310
2025-04-21 11:15:00,0.68642
2025-04-21 11:30:00,0.53168
2025-04-21 11:45:00,0.61835
2025-04-21 12:00:00,0.58337
2025-04-21 12:15:00,0.58905
2025-04-21 12:30:00,0.67750
2025-04-21 12:45:00,0.72671
2025-04-21 13:00:00,0.60054
2025-04-21 13:15:00,0.73890
2025-04-21 13:30:00,0.64353
2025-04-21 13:45:00,0.94518
2025-04-21 14:00:00,0.83173
2025-04-21 14:15:00,0.69466
2025-04-21 14:30:00,0.61211
2025-04-21 14:45:00,0.69033
2025-04-21 15:00:00,0.73791
2025-04-21 15:15:00,0.75679
2025-04-21 15:30:00,0.80809
2025-04-21 15:45:00,0.89294
2025-04-21 16:00:00,0.63745
2025-04-21 16:15:00,0.51443
2025-04-21 16:30:00,0.70234
2025-04-21 16:45:00,0.64604
2025-04-21 17:00:00,0.71779
2025-04-21 17:15:00,0.69076
2025-04-21 17:30:00,0.52259
2025-04-21 17:45:00,0.47068
2025-04-21 18:00:00,0.66851
2025-04-21 18:15:00,0.41442
2025-04-21 18:30:00,0.67352
2025-04-21 18:45:00,0.62665
2025-04-21 19:00:00,0.66018
2025-04-21 19:15:00,0.47130
2025-04-21 19:30:00,0.64508
2025-04-21 19:45:00,0.55610
2025-04-21 20:00:00,0.31609
2025-04-21 20:15:00,0.60671
2025-04-21 20:30:00,0.43752
2025-04-21 20:45:00,0.54918
2025-04-21 21:00:00,0.56240
2025-04-21 21:15:00,0.59091
2025-04-21 21:30:00,0.60790
2025-04-21 21:45:00,0.55032
2025-04-21 22:00:00,0.59675
2025-04-21 22:15:00,0.67514
2025-04-21 22:30:00,0.68954
2025-04-21 22:45:00,0.65975
2025-04-21 23:00:00,0.52714
2025-04-21 23:15:00,0.55825
2025-04-21 23:30:00,0.45414
2025-04-21 23:45:00,0.47424
2025-04-22 00:00:00,0.35433
2025-04-22 00:15:00,0.56075
2025-04-22 00:30:00,0.65217
2025-04-22 00:45:00,0.58973
2025-04-22 01:00:00,0.46935
2025-04-22 01:15:00,0.74069
2025-04-22 01:30:00,0.44354
2025-04-22 01:45:00,0.38442
2025-04-22 02:00:00,0.37026
2025-04-22 02:15:00,0.47720
2025-04-22 02:30:00,0.44464
2025-04-22 02:45:00,0.51872
2025-04-22 03:00:00,0.65735
2025-04-22 03:15:00,0.58506
2025-04-22 03:30:00,0.58873
2025-04-22 03:45:00,0.44204
2025-04-22 04:00:00,0.55575
2025-04-22 04:15:00,0.57192
2025-04-22 04:30:00,0.70448
2025-04-22 04:45:00,0.46589
2025-04-22 05:00:00,0.74934
2025-04-22 05:15:00,0.75877
2025-04-22 05:30:00,0.69090
2025-04-22 05:45:00,0.63942
2025-04-22 06:00:00,0.63052
2025-04-22 06:15:00,0.70192
2025-04-22 06:30:00,0.62170
2025-04-22 06:45:00,0.65879
2025-04-22 07:00:00,0.61110
2025-04-22 07:15:00,0.65516
2025-04-22 07:30:00,0.61973
2025-04-22 07:45:00,0.69263
2025-04-22 08:00:00,0.65719
2025-04-22 08:15:00,0.63440
2025-04-22 08:30:00,0.75476
2025-04-22 08:45:00,0.62540
2025-04-22 09:00:00,0.70406
2025-04-22 09:15:00,0.77233
2025-04-22 09:30:00,0.69453
2025-04-22 09:45:00,0.66709
2025-04-22 10:00:00,0.55533
2025-04-22 10:15:00,0.66370
2025-04-22 10:30:00,0.64788
2025-04-22 10:45:00,0.69413
2025-04-22 11:00:00,0.57033
2025-04-22 11:15:00,0.70458
2025-04-22 11:30:00,0.91112
2025-04-22 11:45:00,0.66700
2025-04-22 12:00:00,0.67236
2025-04-22 12:15:00,0.82550
2025-04-22 12:30:00,0.78539
2025-04-22 12:45:00,0.66925
2025-04-22 13:00:00,0.71782
2025-04-22 13:15:00,0.65092
2025-04-22 13:30:00,0.59030
2025-04-22 13:45:00,0.58346
2025-04-22 14:00:00,0.60036
2025-04-22 14:15:00,0.47690
2025-04-22 14:30:00,0.67485
2025-04-22 14:45:00,0.70589
2025-04-22 15:00:00,0.77577
2025-04-22 15:15:00,0.76718
2025-04-22 15:30:00,0.68306
2025-04-22 15:45:00,0.57644
2025-04-22 16:00:00,0.64960
2025-04-22 16:15:00,0.67448
2025-04-22 16:30:00,0.61384
2025-04-22 16:45:00,0.69092
2025-04-22 17:00:00,0.59875
2025-04-22 17:15:00,0.64539
2025-04-22 17:30:00,0.74073
2025-04-22 17:45:00,0.76934
2025-04-22 18:00:00,0.73026
2025-04-22 18:15:00,0.89728
2025-04-22 18:30:00,0.77234
2025-04-22 18:45:00,0.80580
2025-04-22 19:00:00,0.62960
2025-04-22 19:15:00,0.84353
2025-04-22 19:30:00,0.60756
2025-04-22 19:45:00,0.67935
2025-04-22 20:00:00,0.82176
2025-04-22 20:15:00,0.73728
2025-04-22 20:30:00,0.65321
2025-04-22 20:45:00,0.51770
2025-04-22 21:00:00,0.54452
2025-04-22 21:15:00,0.48276
2025-04-22 21:30:00,0.52606
2025-04-22 21:45:00,0.68734
2025-04-22 22:00:00,0.78304
2025-04-22 22:15:00,0.61498
2025-04-22 22:30:00,0.42369
2025-04-22 22:45:00,0.55388
2025-04-22 23:00:00,0.77567
2025-04-22 23:15:00,0.76325
2025-04-22 23:30:00,0.70049
2025-04-22 23:45:00,0.67019
2025-04-23 00:00:00,0.68755
2025-04-23 00:15:00,0.48567
2025-04-23 00:30:00,0.48846
2025-04-23 00:45:00,0.56446
2025-04-23 01:00:00,0.48841
2025-04-23 01:15:00,0.34744
2025-04-23 01:30:00,0.28444
2025-04-23 01:45:00,0.56148
2025-04-23 02:00:00,0.50859
2025-04-23 02:15:00,0.54827
2025-04-23 02:30:00,0.56315
2025-04-23 02:45:00,0.57399
2025-04-23 03:00:00,0.48527
2025-04-23 03:15:00,0.53324
2025-04-23 03:30:00,0.65489
2025-04-23 03:45:00,0.52696
2025-04-23 04:00:00,0.47032
2025-04-23 04:15:00,0.47146
2025-04-23 04:30:00,0.52369
2025-04-23 04:45:00,0.69118
2025-04-23 05:00:00,0.52704
2025-04-23 05:15:00,0.44510
2025-04-23 05:30:00,0.44738
2025-04-23 05:45:00,0.53729
2025-04-23 06:00:00,0.52335
2025-04-23 06:15:00,0.70110
2025-04-23 06:30:00,0.48409
2025-04-23 06:45:00,0.71447
2025-04-23 07:00:00,0.52360
2025-04-23 07:15:00,0.60718
2025-04-23 07:30:00,0.62407
2025-04-23 07:45:00,0.57992
2025-04-23 08:00:00,0.53276
2025-04-23 08:15:00,0.69795
2025-04-23 08:30:00,0.64132
2025-04-23 08:45:00,0.57418
2025-04-23 09:00:00,0.69239
2025-04-23 09:15:00,0.69409
2025-04-23 09:30:00,0.66024
2025-04-23 09:45:00,0.57076
2025-04-23 10:00:00,0.59443
2025-04-23 10:15:00,0.73916
2025-04-23 10:30:00,0.74972
2025-04-23 10:45:00,0.88668
2025-04-23 11:00:00,0.86853
2025-04-23 11:15:00,0.76546
2025-04-23 11:30:00,0.63494
2025-04-23 11:45:00,0.78155
2025-04-23 12:00:00,0.56808
2025-04-23 12:15:00,0.45405
2025-04-23 12:30:00,0.54256
2025-04-23 12:45:00,0.59456
2025-04-23 13:00:00,0.48688
2025-04-23 13:15:00,0.41029
2025-04-23 13:30:00,0.65138
2025-04-23 13:45:00,0.61489
2025-04-23 14:00:00,0.70267
2025-04-23 14:15:00,0.68452
2025-04-23 14:30:00,0.65664
2025-04-23 14:45:00,0.72414
2025-04-23 15:00:00,0.67501
2025-04-23 15:15:00,0.76238
2025-04-23 15:30:00,0.59878
2025-04-23 15:45:00,0.55999
2025-04-23 16:00:00,0.53603
2025-04-23 16:15:00,0.58601
2025-04-23 16:30:00,0.80980
2025-04-23 16:45:00,0.52354
2025-04-23 17:00:00,0.76441
2025-04-23 17:15:00,0.77272
2025-04-23 17:30:00,0.78093
2025-04-23 17:45:00,0.61537
2025-04-23 18:00:00,0.58583
2025-04-23 18:15:00,0.66966
2025-04-23 18:30:00,0.54861
2025-04-23 18:45:00,0.60273
2025-04-23 19:00:00,0.50935
2025-04-23 19:15:00,0.73524
2025-04-23 19:30:00,0.72819
2025-04-23 19:45:00,0.58057
2025-04-23 20:00:00,0.58446
2025-04-23 20:15:00,0.62309
2025-04-23 20:30:00,0.53899
2025-04-23 20:45:00,0.50564
2025-04-23 21:00:00,0.70949
2025-04-23 21:15:00,0.54964
2025-04-23 21:30:00,0.84170
2025-04-23 21:45:00,0.59882
2025-04-23 22:00:00,0.40813
2025-04-23 22:15:00,0.65532
2025-04-23 22:30:00,0.56648
2025-04-23 22:45:00,0.42305
2025-04-23 23:00:00,0.45665
2025-04-23 23:15:00,0.61353
2025-04-23 23:30:00,0.53275
2025-04-23 23:45:00,0.67814
2025-04-24 00:00:00,0.67128
2025-04-24 00:15:00,0.60059
2025-04-24 00:30:00,0.55623
2025-04-24 00:45:00,0.53745
2025-04-24 01:00:00,0.48332
2025-04-24 01:15:00,0.62491
2025-04-24 01:30:00,0.53364
2025-04-24 01:45:00,0.38996
2025-04-24 02:00:00,0.40267
2025-04-24 02:15:00,0.59605
2025-04-24 02:30:00,0.57811
2025-04-24 02:45:00,0.61334
2025-04-24 03:00:00,0.46711
2025-04-24 03:15:00,0.54704
2025-04-24 03:30:00,0.59310
2025-04-24 03:45:00,0.35694
2025-04-24 04:00:00,0.48117
2025-04-24 04:15:00,0.38666
2025-04-24 04:30:00,0.63206
2025-04-24 04:45:00,0.45801
2025-04-24 05:00:00,0.63358
2025-04-24 05:15:00,0.63554
2025-04-24 05:30:00,0.37859
2025-04-24 05:45:00,0.55223
2025-04-24 06:00:00,0.60638
2025-04-24 06:15:00,0.60567
2025-04-24 06:30:00,0.48504
2025-04-24 06:45:00,0.72380
2025-04-24 07:00:00,0.56168
2025-04-24 07:15:00,0.52846
2025-04-24 07:30:00,0.63460
2025-04-24 07:45:00,0.69341
2025-04-24 08:00:00,0.58683
2025-04-24 08:15:00,0.69267
2025-04-24 08:30:00,0.64830
2025-04-24 08:45:00,0.57383
2025-04-24 09:00:00,0.59246
2025-04-24 09:15:00,0.55032
2025-04-24 09:30:00,0.59393
2025-04-24 09:45:00,0.65811
2025-04-24 10:00:00,0.80492
2025-04-24 10:15:00,0.73317
2025-04-24 10:30:00,0.69542
2025-04-24 10:45:00,0.58955
2025-04-24 11:00:00,0.76365
2025-04-24 11:15:00,0.76160
2025-04-24 11:30:00,0.78374
2025-04-24 11:45:00,0.85465
2025-04-24 12:00:00,0.80481
2025-04-24 12:15:00,0.80727
2025-04-24 12:30:00,0.63673
2025-04-24 12:45:00,0.55540
2025-04-24 13:00:00,0.54913
2025-04-24 13:15:00,0.54674
2025-04-24 13:30:00,0.60366
2025-04-24 13:45:00,0.56724
2025-04-24 14:00:00,0.66913
2025-04-24 14:15:00,0.81668
2025-04-24 14:30:00,0.60492
2025-04-24 14:45:00,0.66141
2025-04-24 15:00:00,0.49965
2025-04-24 15:15:00,0.55067
2025-04-24 15:30:00,0.73153
2025-04-24 15:45:00,0.56001
2025-04-24 16:00:00,0.71417
2025-04-24 16:15:00,0.74133
2025-04-24 16:30:00,0.72989
2025-04-24 16:45:00,0.72807
2025-04-24 17:00:00,0.71358
2025-04-24 17:15:00,0.43999
2025-04-24 17:30:00,0.59767
2025-04-24 17:45:00,0.67260
2025-04-24 18:00:00,0.85309
2025-04-24 18:15:00,0.69403
2025-04-24 18:30:00,0.66163
2025-04-24 18:45:00,0.71684
2025-04-24 19:00:00,0.88726
2025-04-24 19:15:00,0.64992
2025-04-24 19:30:00,0.61030
2025-04-24 19:45:00,0.73913
2025-04-24 20:00:00,0.74229
2025-04-24 20:15:00,0.49379
2025-04-24 20:30:00,0.71107
2025-04-24 20:45:00,0.72620
2025-04-24 21:00:00,0.64352
2025-04-24 21:15:00,0.39341
2025-04-24 21:30:00,0.48637
2025-04-24 21:45:00,0.62484
2025-04-24 22:00:00,0.59794
2025-04-24 22:15:00,0.41458
2025-04-24 22:30:00,0.48465
2025-04-24 22:45:00,0.44527
2025-04-24 23:00:00,0.52649
2025-04-24 23:15:00,0.58249
2025-04-24 23:30:00,0.65649
2025-04-24 23:45:00,0.50849
2025-04-25 00:00:00,0.47232
2025-04-25 00:15:00,0.57054
2025-04-25 00:30:00,0.73139
2025-04-25 00:45:00,0.30145
2025-04-25 01:00:00,0.60241
2025-04-25 01:15:00,0.51082
2025-04-25 01:30:00,0.46522
2025-04-25 01:45:00,0.57585
2025-04-25 02:00:00,0.64416
2025-04-25 02:15:00,0.47421
2025-04-25 02:30:00,0.61987
2025-04-25 02:45:00,0.51572
2025-04-25 03:00:00,0.51675
2025-04-25 03:15:00,0.56998
2025-04-25 03:30:00,0.51401
2025-04-25 03:45:00,0.49374
2025-04-25 04:00:00,0.58489
2025-04-25 04:15:00,0.45172
2025-04-25 04:30:00,0.26257
2025-04-25 04:45:00,0.38631
2025-04-25 05:00:00,0.47167
2025-04-25 05:15:00,0.66756
2025-04-25 05:30:00,0.68134
2025-04-25 05:45:00,0.77827
2025-04-25 06:00:00,0.65469
2025-04-25 06:15:00,0.45130
2025-04-25 06:30:00,0.39890
2025-04-25 06:45:00,0.61012
2025-04-25 07:00:00,0.55595
2025-04-25 07:15:00,0.53153
2025-04-25 07:30:00,0.54073
2025-04-25 07:45:00,0.66603
2025-04-25 08:00:00,0.59639
2025-04-25 08:15:00,0.54025
2025-04-25 08:30:00,0.56233
2025-04-25 08:45:00,0.49741
2025-04-25 09:00:00,0.44198
2025-04-25 09:15:00,0.52774
2025-04-25 09:30:00,0.52980
2025-04-25 09:45:00,0.57398
2025-04-25 10:00:00,0.66411
2025-04-25 10:15:00,0.80745
2025-04-25 10:30:00,0.71865
2025-04-25 10:45:00,0.72963
2025-04-25 11:00:00,0.86744
2025-04-25 11:15:00,0.72500
2025-04-25 11:30:00,0.71462
2025-04-25 11:45:00,0.74745
2025-04-25 12:00:00,0.64689
2025-04-25 12:15:00,0.53334
2025-04-25 12:30:00,0.58202
2025-04-25 12:45:00,0.76404
2025-04-25 13:00:00,0.60211
2025-04-25 13:15:00,0.86603
2025-04-25 13:30:00,0.81341
2025-04-25 13:45:00,0.66082
2025-04-25 14:00:00,0.65078
2025-04-25 14:15:00,0.78968
2025-04-25 14:30:00,0.78406
2025-04-25 14:45:00,0.67895
2025-04-25 15:00:00,0.78329
2025-04-25 15:15:00,0.84873
2025-04-25 15:30:00,0.73139
2025-04-25 15:45:00,0.63968
2025-04-25 16:00:00,0.43250
2025-04-25 16:15:00,0.58617
2025-04-25 16:30:00,0.44244
2025-04-25 16:45:00,0.51614
2025-04-25 17:00:00,0.78667
2025-04-25 17:15:00,0.71077
2025-04-25 17:30:00,0.75835
2025-04-25 17:45:00,0.76099
2025-04-25 18:00:00,0.59936
2025-04-25 18:15:00,0.73418
2025-04-25 18:30:00,0.58136
2025-04-25 18:45:00,0.48257
2025-04-25 19:00:00,0.53652
2025-04-25 19:15:00,0.47834
2025-04-25 19:30:00,0.50072
2025-04-25 19:45:00,0.59940
2025-04-25 20:00:00,0.42320
2025-04-25 20:15:00,0.47851
2025-04-25 20:30:00,0.53194
2025-04-25 20:45:00,0.59061
2025-04-25 21:00:00,0.49193
2025-04-25 21:15:00,0.55954
2025-04-25 21:30:00,0.56027
2025-04-25 21:45:00,0.42415
2025-04-25 22:00:00,0.40745
2025-04-25 22:15:00,0.69628
2025-04-25 22:30:00,0.62579
2025-04-25 22:45:00,0.67819
2025-04-25 23:00:00,0.74717
2025-04-25 23:15:00,0.65324
2025-04-25 23:30:00,0.54922
2025-04-25 23:45:00,0.58005
2025-04-26 00:00:00,0.61864
2025-04-26 00:15:00,0.45680
2025-04-26 00:30:00,0.75035
2025-04-26 00:45:00,0.67378
2025-04-26 01:00:00,0.61155
2025-04-26 01:15:00,0.61345
2025-04-26 01:30:00,0.57547
2025-04-26 01:45:00,0.61535
2025-04-26 02:00:00,0.58986
2025-04-26 02:15:00,0.66327
2025-04-26 02:30:00,0.45483
2025-04-26 02:45:00,0.55568
2025-04-26 03:00:00,0.54027
2025-04-26 03:15:00,0.55018
2025-04-26 03:30:00,0.53639
2025-04-26 03:45:00,0.61755
2025-04-26 04:00:00,0.51746
2025-04-26 04:15:00,0.62116
2025-04-26 04:30:00,0.58284
2025-04-26 04:45:00,0.60551
2025-04-26 05:00:00,0.50289
2025-04-26 05:15:00,0.57644
2025-04-26 05:30:00,0.67966
2025-04-26 05:45:00,0.61274
2025-04-26 06:00:00,0.59670
2025-04-26 06:15:00,0.63196
2025-04-26 06:30:00,0.66753
2025-04-26 06:45:00,0.74028
2025-04-26 07:00:00,0.60861
2025-04-26 07:15:00,0.59335
2025-04-26 07:30:00,0.57589
2025-04-26 07:45:00,0.49922
2025-04-26 08:00:00,0.59112
2025-04-26 08:15:00,0.56235
2025-04-26 08:30:00,0.77619
2025-04-26 08:45:00,0.60649
2025-04-26 09:00:00,0.54391
2025-04-26 09:15:00,0.50714
2025-04-26 09:30:00,0.79858
2025-04-26 09:45:00,0.75047
2025-04-26 10:00:00,0.67865
2025-04-26 10:15:00,0.78256
2025-04-26 10:30:00,0.66988
2025-04-26 10:45:00,0.63185
2025-04-26 11:00:00,0.66485
2025-04-26 11:15:00,0.44555
2025-04-26 11:30:00,0.47124
2025-04-26 11:45:00,0.62717
2025-04-26 12:00:00,0.61651
2025-04-26 12:15:00,0.51224
2025-04-26 12:30:00,0.63838
2025-04-26 12:45:00,0.74870
2025-04-26 13:00:00,0.57719
2025-04-26 13:15:00,0.72962
2025-04-26 13:30:00,0.73921
2025-04-26 13:45:00,0.62459
2025-04-26 14:00:00,0.81515
2025-04-26 14:15:00,0.81091
2025-04-26 14:30:00,0.61599
2025-04-26 14:45:00,0.64974
2025-04-26 15:00:00,0.73879
2025-04-26 15:15:00,0.79908
2025-04-26 15:30:00,0.79378
2025-04-26 15:45:00,0.85566
2025-04-26 16:00:00,0.72949
2025-04-26 16:15:00,0.93733
2025-04-26 16:30:00,0.68389
2025-04-26 16:45:00,0.57155
2025-04-26 17:00:00,0.59029
2025-04-26 17:15:00,0.71205
2025-04-26 17:30:00,0.54233
2025-04-26 17:45:00,0.71996
2025-04-26 18:00:00,0.80030
2025-04-26 18:15:00,0.54351
2025-04-26 18:30:00,0.65412
2025-04-26 18:45:00,0.66766
2025-04-26 19:00:00,0.60741
2025-04-26 19:15:00,0.68193
2025-04-26 19:30:00,0.97235
2025-04-26 19:45:00,0.75728
2025-04-26 20:00:00,0.71680
2025-04-26 20:15:00,0.69229
2025-04-26 20:30:00,0.50774
2025-04-26 20:45:00,0.44614
2025-04-26 21:00:00,0.42241
2025-04-26 21:15:00,0.61385
2025-04-26 21:30:00,0.71051
2025-04-26 21:45:00,0.57891
2025-04-26 22:00:00,0.49937
2025-04-26 22:15:00,0.36966
2025-04-26 22:30:00,0.51307
2025-04-26 22:45:00,0.58642
2025-04-26 23:00:00,0.62604
2025-04-26 23:15:00,0.43646
2025-04-26 23:30:00,0.63089
2025-04-26 23:45:00,0.57441
2025-04-27 00:00:00,0.61524
2025-04-27 00:15:00,0.52216
2025-04-27 00:30:00,0.52958
2025-04-27 00:45:00,0.62960
2025-04-27 01:00:00,0.48988
2025-04-27 01:15:00,0.51241
2025-04-27 01:30:00,0.62447
2025-04-27 01:45:00,0.48885
2025-04-27 02:00:00,0.61062
2025-04-27 02:15:00,0.50146
2025-04-27 02:30:00,0.61352
2025-04-27 02:45:00,0.65896
2025-04-27 03:00:00,0.70214
2025-04-27 03:15:00,0.67382
2025-04-27 03:30:00,0.51676
2025-04-27 03:45:00,0.63774
2025-04-27 04:00:00,0.54142
2025-04-27 04:15:00,0.34702
2025-04-27 04:30:00,0.49453
2025-04-27 04:45:00,0.67418
2025-04-27 05:00:00,0.53613
2025-04-27 05:15:00,0.55183
2025-04-27 05:30:00,0.63619
2025-04-27 05:45:00,0.47032
2025-04-27 06:00:00,0.48516
2025-04-27 06:15:00,0.35954
2025-04-27 06:30:00,0.34130
2025-04-27 06:45:00,0.60301
2025-04-27 07:00:00,0.54939
2025-04-27 07:15:00,0.41701
2025-04-27 07:30:00,0.50504
2025-04-27 07:45:00,0.48709
2025-04-27 08:00:00,0.59012
2025-04-27 08:15:00,0.74472
2025-04-27 08:30:00,0.66437
2025-04-27 08:45:00,0.41941
2025-04-27 09:00:00,0.53112
2025-04-27 09:15:00,0.44151
2025-04-27 09:30:00,0.60616
2025-04-27 09:45:00,0.66732
2025-04-27 10:00:00,0.68667
2025-04-27 10:15:00,0.71540
2025-04-27 10:30:00,0.57594
2025-04-27 10:45:00,0.65062
2025-04-27 11:00:00,0.66966
2025-04-27 11:15:00,0.56593
2025-04-27 11:30:00,0.60409
2025-04-27 11:45:00,0.74654
2025-04-27 12:00:00,0.65077
2025-04-27 12:15:00,0.63463
2025-04-27 12:30:00,0.39009
2025-04-27 12:45:00,0.68269
2025-04-27 13:00:00,0.74113
2025-04-27 13:15:00,0.58977
2025-04-27 13:30:00,0.55499
2025-04-27 13:45:00,0.82591
2025-04-27 14:00:00,0.65137
2025-04-27 14:15:00,0.59614
2025-04-27 14:30:00,0.76163
2025-04-27 14:45:00,0.61400
2025-04-27 15:00:00,0.74753
2025-04-27 15:15:00,0.66465
2025-04-27 15:30:00,0.67495
2025-04-27 15:45:00,0.76649
2025-04-27 16:00:00,0.79800
2025-04-27 16:15:00,0.76377
2025-04-27 16:30:00,0.57616
2025-04-27 16:45:00,0.73487
2025-04-27 17:00:00,0.69544
2025-04-27 17:15:00,0.65645
2025-04-27 17:30:00,0.59605
2025-04-27 17:45:00,0.74349
2025-04-27 18:00:00,0.71504
2025-04-27 18:15:00,0.72764
2025-04-27 18:30:00,0.50943
2025-04-27 18:45:00,0.47609
2025-04-27 19:00:00,0.61317
2025-04-27 19:15:00,0.56483
2025-04-27 19:30:00,0.51025
2025-04-27 19:45:00,0.56198
2025-04-27 20:00:00,0.57667
2025-04-27 20:15:00,0.66063
2025-04-27 20:30:00,0.74809
2025-04-27 20:45:00,0.78823
2025-04-27 21:00:00,0.64890
2025-04-27 21:15:00,0.82907
2025-04-27 21:30:00,0.68330
2025-04-27 21:45:00,0.52570
2025-04-27 22:00:00,0.59414
2025-04-27 22:15:00,0.53160
2025-04-27 22:30:00,0.66024
2025-04-27 22:45:00,0.54928
2025-04-27 23:00:00,0.51941
2025-04-27 23:15:00,0.46123
2025-04-27 23:30:00,0.35814
2025-04-27 23:45:00,0.43797
2025-04-28 00:00:00,0.58102
2025-04-28 00:15:00,0.51899
2025-04-28 00:30:00,0.64037
2025-04-28 00:45:00,0.41230
2025-04-28 01:00:00,0.52639
2025-04-28 01:15:00,0.54492
2025-04-28 01:30:00,0.68358
2025-04-28 01:45:00,0.71493
2025-04-28 02:00:00,0.69561
2025-04-28 02:15:00,0.50369
2025-04-28 02:30:00,0.43971
2025-04-28 02:45:00,0.46616
2025-04-28 03:00:00,0.57902
2025-04-28 03:15:00,0.51488
2025-04-28 03:30:00,0.59989
2025-04-28 03:45:00,0.52405
2025-04-28 04:00:00,0.41624
2025-04-28 04:15:00,0.39974
2025-04-28 04:30:00,0.63356
2025-04-28 04:45:00,0.64000
2025-04-28 05:00:00,0.42585
2025-04-28 05:15:00,0.43915
2025-04-28 05:30:00,0.58599
2025-04-28 05:45:00,0.66376
2025-04-28 06:00:00,0.70628
2025-04-28 06:15:00,0.63573
2025-04-28 06:30:00,0.66140
2025-04-28 06:45:00,0.69928
2025-04-28 07:00:00,0.68301
2025-04-28 07:15:00,0.75202
2025-04-28 07:30:00,0.71185
2025-04-28 07:45:00,0.74311
2025-04-28 08:00:00,0.67573
2025-04-28 08:15:00,0.51684
2025-04-28 08:30:00,0.58690
2025-04-28 08:45:00,0.68037
2025-04-28 09:00:00,0.65459
2025-04-28 09:15:00,0.82796
2025-04-28 09:30:00,0.76046
2025-04-28 09:45:00,0.76300
2025-04-28 10:00:00,0.70512
2025-04-28 10:15:00,0.79257
2025-04-28 10:30:00,0.87424
2025-04-28 10:45:00,0.95147
2025-04-28 11:00:00,0.80415
2025-04-28 11:15:00,0.73311
2025-04-28 11:30:00,0.64551
2025-04-28 11:45:00,0.62919
2025-04-28 12:00:00,0.54902
2025-04-28 12:15:00,0.67728
2025-04-28 12:30:00,0.60148
2025-04-28 12:45:00,0.71026
2025-04-28 13:00:00,0.70237
2025-04-28 13:15:00,0.47634
2025-04-28 13:30:00,0.76155
2025-04-28 13:45:00,0.62907
2025-04-28 14:00:00,0.76382
2025-04-28 14:15:00,0.74786
2025-04-28 14:30:00,0.72774
2025-04-28 14:45:00,0.67227
2025-04-28 15:00:00,0.85872
2025-04-28 15:15:00,0.80268
2025-04-28 15:30:00,0.75398
2025-04-28 15:45:00,0.70784
2025-04-28 16:00:00,0.60579
2025-04-28 16:15:00,0.60423
2025-04-28 16:30:00,0.55466
2025-04-28 16:45:00,0.61983
2025-04-28 17:00:00,0.82455
2025-04-28 17:15:00,0.90771
2025-04-28 17:30:00,0.71570
2025-04-28 17:45:00,0.59402
2025-04-28 18:00:00,0.55976
2025-04-28 18:15:00,0.76277
2025-04-28 18:30:00,0.69490
2025-04-28 18:45:00,0.56954
2025-04-28 19:00:00,0.60090
2025-04-28 19:15:00,0.71507
2025-04-28 19:30:00,0.69605
2025-04-28 19:45:00,0.55535
2025-04-28 20:00:00,0.57277
2025-04-28 20:15:00,0.61412
2025-04-28 20:30:00,0.48757
2025-04-28 20:45:00,0.53535
2025-04-28 21:00:00,0.76531
2025-04-28 21:15:00,0.64954
2025-04-28 21:30:00,0.77770
2025-04-28 21:45:00,0.72561
2025-04-28 22:00:00,0.63766
2025-04-28 22:15:00,0.58793
2025-04-28 22:30:00,0.45578
2025-04-28 22:45:00,0.55733
2025-04-28 23:00:00,0.49978
2025-04-28 23:15:00,0.59147
2025-04-28 23:30:00,0.46866
2025-04-28 23:45:00,0.44978
2025-04-29 00:00:00,0.45045
2025-04-29 00:15:00,0.59442
2025-04-29 00:30:00,0.58469
2025-04-29 00:45:00,0.56073
2025-04-29 01:00:00,0.58538
2025-04-29 01:15:00,0.55181
2025-04-29 01:30:00,0.40610
2025-04-29 01:45:00,0.45490
2025-04-29 02:00:00,0.44804
2025-04-29 02:15:00,0.68455
2025-04-29 02:30:00,0.58730
2025-04-29 02:45:00,0.50819
2025-04-29 03:00:00,0.64404
2025-04-29 03:15:00,0.62666
2025-04-29 03:30:00,0.49984
2025-04-29 03:45:00,0.43671
2025-04-29 04:00:00,0.66120
2025-04-29 04:15:00,0.34630
2025-04-29 04:30:00,0.64670
2025-04-29 04:45:00,0.69864
2025-04-29 05:00:00,0.54961
2025-04-29 05:15:00,0.44907
2025-04-29 05:30:00,0.52233
2025-04-29 05:45:00,0.60683
2025-04-29 06:00:00,0.51150
2025-04-29 06:15:00,0.60402
2025-04-29 06:30:00,0.59458
2025-04-29 06:45:00,0.58682
2025-04-29 07:00:00,0.53656
2025-04-29 07:15:00,0.46801
2025-04-29 07:30:00,0.47404
2025-04-29 07:45:00,0.54847
2025-04-29 08:00:00,0.55030
2025-04-29 08:15:00,0.41353
2025-04-29 08:30:00,0.68552
2025-04-29 08:45:00,0.72712
2025-04-29 09:00:00,0.54759
2025-04-29 09:15:00,0.69179
2025-04-29 09:30:00,0.66160
2025-04-29 09:45:00,0.63761
2025-04-29 10:00:00,0.50742
2025-04-29 10:15:00,0.54137
2025-04-29 10:30:00,0.59278
2025-04-29 10:45:00,0.56459
2025-04-29 11:00:00,0.69414
2025-04-29 11:15:00,0.56101
2025-04-29 11:30:00,0.61125
2025-04-29 11:45:00,0.63280
2025-04-29 12:00:00,0.50806
2025-04-29 12:15:00,0.84694
2025-04-29 12:30:00,0.73886
2025-04-29 12:45:00,0.76847
2025-04-29 13:00:00,0.77697
2025-04-29 13:15:00,0.65921
2025-04-29 13:30:00,0.71115
2025-04-29 13:45:00,0.71937
2025-04-29 14:00:00,0.58810
2025-04-29 14:15:00,0.68104
2025-04-29 14:30:00,0.78403
2025-04-29 14:45:00,0.79412
2025-04-29 15:00:00,0.58513
2025-04-29 15:15:00,0.73111
2025-04-29 15:30:00,0.89771
2025-04-29 15:45:00,0.87095
2025-04-29 16:00:00,0.69612
2025-04-29 16:15:00,0.48825
2025-04-29 16:30:00,0.60520
2025-04-29 16:45:00,0.49516
2025-04-29 17:00:00,0.62203
2025-04-29 17:15:00,0.53266
2025-04-29 17:30:00,0.64210
2025-04-29 17:45:00,0.63854
2025-04-29 18:00:00,0.78617
2025-04-29 18:15:00,0.72381
2025-04-29 18:30:00,0.70716
2025-04-29 18:45:00,0.73471
2025-04-29 19:00:00,0.68075
2025-04-29 19:15:00,0.65815
2025-04-29 19:30:00,0.54539
2025-04-29 19:45:00,0.49791
2025-04-29 20:00:00,0.60611
2025-04-29 20:15:00,0.54427
2025-04-29 20:30:00,0.68330
2025-04-29 20:45:00,0.50301
2025-04-29 21:00:00,0.55933
2025-04-29 21:15:00,0.51250
2025-04-29 21:30:00,0.63886
2025-04-29 21:45:00,0.58445
2025-04-29 22:00:00,0.47951
2025-04-29 22:15:00,0.62345
2025-04-29 22:30:00,0.58132
2025-04-29 22:45:00,0.41245
2025-04-29 23:00:00,0.40605
2025-04-29 23:15:00,0.42948
2025-04-29 23:30:00,0.50548
2025-04-29 23:45:00,0.46478
2025-04-30 00:00:00,0.40688
2025-04-30 00:15:00,0.53440
2025-04-30 00:30:00,0.56292
2025-04-30 00:45:00,0.35489
2025-04-30 01:00:00,0.40146
2025-04-30 01:15:00,0.50021
2025-04-30 01:30:00,0.56970
2025-04-30 01:45:00,0.40334
2025-04-30 02:00:00,0.41278
2025-04-30 02:15:00,0.63474
2025-04-30 02:30:00,0.58497
2025-04-30 02:45:00,0.67257
2025-04-30 03:00:00,0.29095
2025-04-30 03:15:00,0.63822
2025-04-30 03:30:00,0.51534
2025-04-30 03:45:00,0.42494
2025-04-30 04:00:00,0.50629
2025-04-30 04:15:00,0.56354
2025-04-30 04:30:00,0.66537
2025-04-30 04:45:00,0.51571
2025-04-30 05:00:00,0.60264
2025-04-30 05:15:00,0.64714
2025-04-30 05:30:00,0.66611
2025-04-30 05:45:00,0.48535
2025-04-30 06:00:00,0.42673
2025-04-30 06:15:00,0.54618
2025-04-30 06:30:00,0.60965
2025-04-30 06:45:00,0.70138
2025-04-30 07:00:00,0.63739
2025-04-30 07:15:00,0.67192
2025-04-30 07:30:00,0.63066
2025-04-30 07:45:00,0.62785
2025-04-30 08:00:00,0.56023
2025-04-30 08:15:00,0.57088
2025-04-30 08:30:00,0.73831
2025-04-30 08:45:00,0.63969
2025-04-30 09:00:00,0.61210
2025-04-30 09:15:00,0.61816
2025-04-30 09:30:00,0.62424
2025-04-30 09:45:00,0.56230
2025-04-30 10:00:00,0.84024
2025-04-30 10:15:00,0.56062
2025-04-30 10:30:00,0.46206
2025-04-30 10:45:00,0.64465
2025-04-30 11:00:00,0.45567
2025-04-30 11:15:00,0.50389
2025-04-30 11:30:00,0.62226
2025-04-30 11:45:00,0.64678
2025-04-30 12:00:00,0.77733
2025-04-30 12:15:00,0.73076
2025-04-30 12:30:00,0.71775
2025-04-30 12:45:00,0.71989
2025-04-30 13:00:00,0.62675
2025-04-30 13:15:00,0.71432
2025-04-30 13:30:00,0.66574
2025-04-30 13:45:00,0.78242
2025-04-30 14:00:00,0.76469
2025-04-30 14:15:00,0.59152
2025-04-30 14:30:00,0.64262
2025-04-30 14:45:00,0.74457
2025-04-30 15:00:00,0.60598
2025-04-30 15:15:00,0.58955
2025-04-30 15:30:00,0.76524
2025-04-30 15:45:00,0.59506
2025-04-30 16:00:00,0.72138
2025-04-30 16:15:00,0.69641
2025-04-30 16:30:00,0.69528
2025-04-30 16:45:00,0.34296
2025-04-30 17:00:00,0.47629
2025-04-30 17:15:00,0.57510
2025-04-30 17:30:00,0.67346
2025-04-30 17:45:00,0.54632
2025-04-30 18:00:00,0.66052
2025-04-30 18:15:00,0.77115
2025-04-30 18:30:00,0.81523
2025-04-30 18:45:00,0.74875
2025-04-30 19:00:00,0.51684
2025-04-30 19:15:00,0.39845
2025-04-30 19:30:00,0.61108
2025-04-30 19:45:00,0.80863
2025-04-30 20:00:00,0.62505
2025-04-30 20:15:00,0.50543
2025-04-30 20:30:00,0.52934
2025-04-30 20:45:00,0.56413
2025-04-30 21:00:00,0.45042
2025-04-30 21:15:00,0.54454
2025-04-30 21:30:00,0.66867
2025-04-30 21:45:00,0.59323
2025-04-30 22:00:00,0.48418
2025-04-30 22:15:00,0.66391
2025-04-30 22:30:00,0.40789
2025-04-30 22:45:00,0.66745
2025-04-30 23:00:00,0.60170
2025-04-30 23:15:00,0.53437
2025-04-30 23:30:00,0.59329
2025-04-30 23:45:00,0.31847
2025-05-01 00:00:00,0.35652
2025-05-01 00:15:00,0.30469
2025-05-01 00:30:00,0.39763
2025-05-01 00:45:00,0.44156
2025-05-01 01:00:00,0.58623
2025-05-01 01:15:00,0.57164
2025-05-01 01:30:00,0.52139
2025-05-01 01:45:00,0.44415
2025-05-01 02:00:00,0.59768
2025-05-01 02:15:00,0.34123
2025-05-01 02:30:00,0.48314
2025-05-01 02:45:00,0.77515
2025-05-01 03:00:00,0.63793
2025-05-01 03:15:00,0.57250
2025-05-01 03:30:00,0.60907
2025-05-01 03:45:00,0.54766
2025-05-01 04:00:00,0.31918
2025-05-01 04:15:00,0.38549
2025-05-01 04:30:00,0.59970
2025-05-01 04:45:00,0.33894
2025-05-01 05:00:00,0.48092
2025-05-01 05:15:00,0.49866
2025-05-01 05:30:00,0.63991
2025-05-01 05:45:00,0.59585
2025-05-01 06:00:00,0.53191
2025-05-01 06:15:00,0.45632
2025-05-01 06:30:00,0.66967
2025-05-01 06:45:00,0.71389
2025-05-01 07:00:00,0.77754
2025-05-01 07:15:00,0.56009
2025-05-01 07:30:00,0.50522
2025-05-01 07:45:00,0.50021
2025-05-01 08:00:00,0.74241
2025-05-01 08:15:00,0.56720
2025-05-01 08:30:00,0.57409
2025-05-01 08:45:00,0.63132
2025-05-01 09:00:00,0.69786
2025-05-01 09:15:00,0.53933
2025-05-01 09:30:00,0.72475
2025-05-01 09:45:00,0.78365
2025-05-01 10:00:00,0.59449
2025-05-01 10:15:00,0.91470
2025-05-01 10:30:00,0.85707
2025-05-01 10:45:00,0.77269
2025-05-01 11:00:00,0.62293
2025-05-01 11:15:00,0.80495
2025-05-01 11:30:00,0.71510
2025-05-01 11:45:00,0.48037
2025-05-01 12:00:00,0.60028
2025-05-01 12:15:00,0.68390
2025-05-01 12:30:00,0.73849
2025-05-01 12:45:00,0.72195
2025-05-01 13:00:00,0.66267
2025-05-01 13:15:00,0.73920
2025-05-01 13:30:00,0.72336
2025-05-01 13:45:00,0.68467
2025-05-01 14:00:00,0.88676
2025-05-01 14:15:00,0.53910
2025-05-01 14:30:00,0.51986
2025-05-01 14:45:00,0.51105
2025-05-01 15:00:00,0.62708
2025-05-01 15:15:00,0.73996
2025-05-01 15:30:00,0.72741
2025-05-01 15:45:00,0.62218
2025-05-01 16:00:00,0.72309
2025-05-01 16:15:00,0.48921
2025-05-01 16:30:00,0.61042
2025-05-01 16:45:00,0.67302
2025-05-01 17:00:00,0.56558
2025-05-01 17:15:00,0.50304
2025-05-01 17:30:00,0.57719
2025-05-01 17:45:00,0.61821
2025-05-01 18:00:00,0.59122
2025-05-01 18:15:00,0.59088
2025-05-01 18:30:00,0.77857
2025-05-01 18:45:00,0.78083
2025-05-01 19:00:00,0.55970
2025-05-01 19:15:00,0.62786
2025-05-01 19:30:00,0.62113
2025-05-01 19:45:00,0.64668
2025-05-01 20:00:00,0.57949
2025-05-01 20:15:00,0.50092
2025-05-01 20:30:00,0.49295
2025-05-01 20:45:00,0.54945
2025-05-01 21:00:00,0.53796
2025-05-01 21:15:00,0.65878
2025-05-01 21:30:00,0.47073
2025-05-01 21:45:00,0.46208
2025-05-01 22:00:00,0.48339
2025-05-01 22:15:00,0.69942
2025-05-01 22:30:00,0.74652
2025-05-01 22:45:00,0.69849
2025-05-01 23:00:00,0.60082
2025-05-01 23:15:00,0.64331
2025-05-01 23:30:00,0.77003
2025-05-01 23:45:00,0.61921
2025-05-02 00:00:00,0.63295
2025-05-02 00:15:00,0.42336
2025-05-02 00:30:00,0.45883
2025-05-02 00:45:00,0.47846
2025-05-02 01:00:00,0.59243
2025-05-02 01:15:00,0.52671
2025-05-02 01:30:00,0.48958
2025-05-02 01:45:00,0.41917
2025-05-02 02:00:00,0.39417
2025-05-02 02:15:00,0.43200
2025-05-02 02:30:00,0.45753
2025-05-02 02:45:00,0.43751
2025-05-02 03:00:00,0.47232
2025-05-02 03:15:00,0.56100
2025-05-02 03:30:00,0.49086
2025-05-02 03:45:00,0.54612
2025-05-02 04:00:00,0.65973
2025-05-02 04:15:00,0.58050
2025-05-02 04:30:00,0.54625
2025-05-02 04:45:00,0.56443
2025-05-02 05:00:00,0.58033
2025-05-02 05:15:00,0.48817
2025-05-02 05:30:00,0.49209
2025-05-02 05:45:00,0.57562
2025-05-02 06:00:00,0.71461
2025-05-02 06:15:00,0.67148
2025-05-02 06:30:00,0.67394
2025-05-02 06:45:00,0.53016
2025-05-02 07:00:00,0.56669
2025-05-02 07:15:00,0.34868
2025-05-02 07:30:00,0.69759
2025-05-02 07:45:00,0.39730
2025-05-02 08:00:00,0.53502
2025-05-02 08:15:00,0.65818
2025-05-02 08:30:00,0.61082
2025-05-02 08:45:00,0.75198
2025-05-02 09:00:00,0.70291
2025-05-02 09:15:00,0.53591
2025-05-02 09:30:00,0.52073
2025-05-02 09:45:00,0.67692
2025-05-02 10:00:00,0.66811
2025-05-02 10:15:00,0.73648
2025-05-02 10:30:00,0.65028
2025-05-02 10:45:00,0.68217
2025-05-02 11:00:00,0.40846
2025-05-02 11:15:00,0.49612
2025-05-02 11:30:00,0.74099
2025-05-02 11:45:00,0.63781
2025-05-02 12:00:00,0.63601
2025-05-02 12:15:00,0.73929
2025-05-02 12:30:00,0.78423
2025-05-02 12:45:00,0.73869
2025-05-02 13:00:00,0.72770
2025-05-02 13:15:00,0.76265
2025-05-02 13:30:00,0.70749
2025-05-02 13:45:00,0.73506
2025-05-02 14:00:00,0.66721
2025-05-02 14:15:00,0.76904
2025-05-02 14:30:00,0.61205
2025-05-02 14:45:00,0.65259
2025-05-02 15:00:00,0.53476
2025-05-02 15:15:00,0.53966
2025-05-02 15:30:00,0.43653
2025-05-02 15:45:00,0.60575
2025-05-02 16:00:00,0.76126
2025-05-02 16:15:00,0.71070
2025-05-02 16:30:00,0.47777
2025-05-02 16:45:00,0.80042
2025-05-02 17:00:00,0.84344
2025-05-02 17:15:00,0.63571
2025-05-02 17:30:00,0.80618
2025-05-02 17:45:00,0.70862
2025-05-02 18:00:00,0.81360
2025-05-02 18:15:00,0.68672
2025-05-02 18:30:00,0.67814
2025-05-02 18:45:00,0.68518
2025-05-02 19:00:00,0.74630
2025-05-02 19:15:00,0.62954
2025-05-02 19:30:00,0.66368
2025-05-02 19:45:00,0.72760
2025-05-02 20:00:00,0.47037
2025-05-02 20:15:00,0.31997
2025-05-02 20:30:00,0.47582
2025-05-02 20:45:00,0.48949
2025-05-02 21:00:00,0.53247
2025-05-02 21:15:00,0.48419
2025-05-02 21:30:00,0.48329
2025-05-02 21:45:00,0.51208
2025-05-02 22:00:00,0.37036
2025-05-02 22:15:00,0.49320
2025-05-02 22:30:00,0.72748
2025-05-02 22:45:00,0.54176
2025-05-02 23:00:00,0.46896
2025-05-02 23:15:00,0.29221
2025-05-02 23:30:00,0.54234
2025-05-02 23:45:00,0.62970
2025-05-03 00:00:00,0.59306
2025-05-03 00:15:00,0.53097
2025-05-03 00:30:00,0.55883
2025-05-03 00:45:00,0.62512
2025-05-03 01:00:00,0.60329
2025-05-03 01:15:00,0.65030
2025-05-03 01:30:00,0.63533
2025-05-03 01:45:00,0.60726
2025-05-03 02:00:00,0.57064
2025-05-03 02:15:00,0.46533
2025-05-03 02:30:00,0.28378
2025-05-03 02:45:00,0.36355
2025-05-03 03:00:00,0.56252
2025-05-03 03:15:00,0.65490
2025-05-03 03:30:00,0.65291
2025-05-03 03:45:00,0.74904
2025-05-03 04:00:00,0.59127
2025-05-03 04:15:00,0.51347
2025-05-03 04:30:00,0.48354
2025-05-03 04:45:00,0.64708
2025-05-03 05:00:00,0.54703
2025-05-03 05:15:00,0.49396
2025-05-03 05:30:00,0.61872
2025-05-03 05:45:00,0.60464
2025-05-03 06:00:00,0.47916
2025-05-03 06:15:00,0.52708
2025-05-03 06:30:00,0.52920
2025-05-03 06:45:00,0.48607
2025-05-03 07:00:00,0.47211
2025-05-03 07:15:00,0.56512
2025-05-03 07:30:00,0.65531
2025-05-03 07:45:00,0.68458
2025-05-03 08:00:00,0.55397
2025-05-03 08:15:00,0.59997
2025-05-03 08:30:00,0.68106
2025-05-03 08:45:00,0.54890
2025-05-03 09:00:00,0.43653
2025-05-03 09:15:00,0.52005
2025-05-03 09:30:00,0.75495
2025-05-03 09:45:00,0.74497
2025-05-03 10:00:00,0.75626
2025-05-03 10:15:00,0.70077
2025-05-03 10:30:00,0.80416
2025-05-03 10:45:00,0.70025
2025-05-03 11:00:00,0.75137
2025-05-03 11:15:00,0.71161
2025-05-03 11:30:00,0.65882
2025-05-03 11:45:00,0.67470
2025-05-03 12:00:00,0.59694
2025-05-03 12:15:00,0.58989
2025-05-03 12:30:00,0.61466
2025-05-03 12:45:00,0.69029
2025-05-03 13:00:00,0.50020
2025-05-03 13:15:00,0.48337
2025-05-03 13:30:00,0.73800
2025-05-03 13:45:00,0.81961
2025-05-03 14:00:00,0.66581
2025-05-03 14:15:00,0.64517
2025-05-03 14:30:00,0.52225
2025-05-03 14:45:00,0.69844
2025-05-03 15:00:00,0.68348
2025-05-03 15:15:00,0.76617
2025-05-03 15:30:00,0.49900
2025-05-03 15:45:00,0.54120
2025-05-03 16:00:00,0.48572
2025-05-03 16:15:00,0.54567
2025-05-03 16:30:00,0.69964
2025-05-03 16:45:00,0.47605
2025-05-03 17:00:00,0.47192
2025-05-03 17:15:00,0.46121
2025-05-03 17:30:00,0.50120
2025-05-03 17:45:00,0.61392
2025-05-03 18:00:00,0.60398
2025-05-03 18:15:00,0.39668
2025-05-03 18:30:00,0.61619
2025-05-03 18:45:00,0.64821
2025-05-03 19:00:00,0.74562
2025-05-03 19:15:00,0.71116
2025-05-03 19:30:00,0.66956
2025-05-03 19:45:00,0.76964
2025-05-03 20:00:00,0.75421
2025-05-03 20:15:00,0.70813
2025-05-03 20:30:00,0.61242
2025-05-03 20:45:00,0.74527
2025-05-03 21:00:00,0.81041
2025-05-03 21:15:00,0.61379
2025-05-03 21:30:00,0.50247
2025-05-03 21:45:00,0.29156
2025-05-03 22:00:00,0.62908
2025-05-03 22:15:00,0.54768
2025-05-03 22:30:00,0.52593
2025-05-03 22:45:00,0.41523
2025-05-03 23:00:00,0.59704
2025-05-03 23:15:00,0.56785
2025-05-03 23:30:00,0.48817
2025-05-03 23:45:00,0.43988
2025-05-04 00:00:00,0.47025
2025-05-04 00:15:00,0.39988
2025-05-04 00:30:00,0.45408
2025-05-04 00:45:00,0.47198
2025-05-04 01:00:00,0.56011
2025-05-04 01:15:00,0.58204
2025-05-04 01:30:00,0.55058
2025-05-04 01:45:00,0.57324
2025-05-04 02:00:00,0.64885
2025-05-04 02:15:00,0.64637
2025-05-04 02:30:00,0.70973
2025-05-04 02:45:00,0.48479
2025-05-04 03:00:00,0.46997
2025-05-04 03:15:00,0.24644
2025-05-04 03:30:00,0.51122
2025-05-04 03:45:00,0.22250
2025-05-04 04:00:00,0.28214
2025-05-04 04:15:00,0.53996
2025-05-04 04:30:00,0.61311
2025-05-04 04:45:00,0.52939
2025-05-04 05:00:00,0.66449
2025-05-04 05:15:00,0.59484
2025-05-04 05:30:00,0.63482
2025-05-04 05:45:00,0.55251
2025-05-04 06:00:00,0.63989
2025-05-04 06:15:00,0.56214
2025-05-04 06:30:00,0.49787
2025-05-04 06:45:00,0.47145
2025-05-04 07:00:00,0.49565
2025-05-04 07:15:00,0.66669
2025-05-04 07:30:00,0.79996
2025-05-04 07:45:00,0.65233
2025-05-04 08:00:00,0.63424
2025-05-04 08:15:00,0.68592
2025-05-04 08:30:00,0.58396
2025-05-04 08:45:00,0.64635
2025-05-04 09:00:00,0.89436
2025-05-04 09:15:00,0.74577
2025-05-04 09:30:00,0.54231
2025-05-04 09:45:00,0.55632
2025-05-04 10:00:00,0.70173
2025-05-04 10:15:00,0.56037
2025-05-04 10:30:00,0.62754
2025-05-04 10:45:00,0.53534
2025-05-04 11:00:00,0.78854
2025-05-04 11:15:00,0.65159
2025-05-04 11:30:00,0.62989
2025-05-04 11:45:00,0.72145
2025-05-04 12:00:00,0.81203
2025-05-04 12:15:00,0.72226
2025-05-04 12:30:00,0.65886
2025-05-04 12:45:00,0.68645
2025-05-04 13:00:00,0.75656
2025-05-04 13:15:00,0.79796
2025-05-04 13:30:00,0.73932
2025-05-04 13:45:00,0.59115
2025-05-04 14:00:00,0.65685
2025-05-04 14:15:00,0.73356
2025-05-04 14:30:00,0.68184
2025-05-04 14:45:00,0.72377
2025-05-04 15:00:00,0.67724
2025-05-04 15:15:00,0.63062
2025-05-04 15:30:00,0.53614
2025-05-04 15:45:00,0.58444
2025-05-04 16:00:00,0.58959
2025-05-04 16:15:00,0.58188
2025-05-04 16:30:00,0.66070
2025-05-04 16:45:00,0.66008
2025-05-04 17:00:00,0.57966
2025-05-04 17:15:00,0.58653
2025-05-04 17:30:00,0.53985
2025-05-04 17:45:00,0.66197
2025-05-04 18:00:00,0.67846
2025-05-04 18:15:00,0.63823
2025-05-04 18:30:00,0.60558
2025-05-04 18:45:00,0.62291
2025-05-04 19:00:00,0.58099
2025-05-04 19:15:00,0.62128
2025-05-04 19:30:00,0.61495
2025-05-04 19:45:00,0.57865
2025-05-04 20:00:00,0.54333
2025-05-04 20:15:00,0.54391
2025-05-04 20:30:00,0.62241
2025-05-04 20:45:00,0.55087
2025-05-04 21:00:00,0.42644
2025-05-04 21:15:00,0.41258
2025-05-04 21:30:00,0.45127
2025-05-04 21:45:00,0.58703
2025-05-04 22:00:00,0.47442
2025-05-04 22:15:00,0.50014
2025-05-04 22:30:00,0.47890
2025-05-04 22:45:00,0.53758
2025-05-04 23:00:00,0.48235
2025-05-04 23:15:00,0.43583
2025-05-04 23:30:00,0.69362
2025-05-04 23:45:00,0.65156
2025-05-05 00:00:00,0.69304
2025-05-05 00:15:00,0.70645
2025-05-05 00:30:00,0.72164
2025-05-05 00:45:00,0.76662
2025-05-05 01:00:00,0.52126
2025-05-05 01:15:00,0.55918
2025-05-05 01:30:00,0.59096
2025-05-05 01:45:00,0.54597
2025-05-05 02:00:00,0.52581
2025-05-05 02:15:00,0.54721
2025-05-05 02:30:00,0.57173
2025-05-05 02:45:00,0.52146
2025-05-05 03:00:00,0.59539
2025-05-05 03:15:00,0.52481
2025-05-05 03:30:00,0.56174
2025-05-05 03:45:00,0.56926
2025-05-05 04:00:00,0.56393
2025-05-05 04:15:00,0.55569
2025-05-05 04:30:00,0.61643
2025-05-05 04:45:00,0.41157
2025-05-05 05:00:00,0.40388
2025-05-05 05:15:00,0.45662
2025-05-05 05:30:00,0.49289
2025-05-05 05:45:00,0.57395
2025-05-05 06:00:00,0.51396
2025-05-05 06:15:00,0.48033
2025-05-05 06:30:00,0.58077
2025-05-05 06:45:00,0.67638
2025-05-05 07:00:00,0.55586
2025-05-05 07:15:00,0.58202
2025-05-05 07:30:00,0.57080
2025-05-05 07:45:00,0.65775
2025-05-05 08:00:00,0.50463
2025-05-05 08:15:00,0.61856
2025-05-05 08:30:00,0.44919
2025-05-05 08:45:00,0.61754
2025-05-05 09:00:00,0.67808
2025-05-05 09:15:00,0.60240
2025-05-05 09:30:00,0.62129
2025-05-05 09:45:00,0.83638
2025-05-05 10:00:00,0.85128
2025-05-05 10:15:00,0.81711
2025-05-05 10:30:00,0.81492
2025-05-05 10:45:00,0.65706
2025-05-05 11:00:00,0.63453
2025-05-05 11:15:00,0.66467
2025-05-05 11:30:00,0.72045
2025-05-05 11:45:00,0.80880
2025-05-05 12:00:00,0.75207
2025-05-05 12:15:00,0.66124
2025-05-05 12:30:00,0.64491
2025-05-05 12:45:00,0.83567
2025-05-05 13:00:00,0.73740
2025-05-05 13:15:00,0.75281
2025-05-05 13:30:00,0.72403
2025-05-05 13:45:00,0.74811
2025-05-05 14:00:00,0.66537
2025-05-05 14:15:00,0.66027
2025-05-05 14:30:00,0.71285
2025-05-05 14:45:00,0.60459
2025-05-05 15:00:00,0.66542
2025-05-05 15:15:00,0.51978
2025-05-05 15:30:00,0.54521
2025-05-05 15:45:00,0.76396
2025-05-05 16:00:00,0.60274
2025-05-05 16:15:00,0.62172
2025-05-05 16:30:00,0.79433
2025-05-05 16:45:00,0.50427
2025-05-05 17:00:00,0.54932
2025-05-05 17:15:00,0.72412
2025-05-05 17:30:00,0.64672
2025-05-05 17:45:00,0.48811
2025-05-05 18:00:00,0.66364
2025-05-05 18:15:00,0.61782
2025-05-05 18:30:00,0.61574
2025-05-05 18:45:00,0.58302
2025-05-05 19:00:00,0.58877
2025-05-05 19:15:00,0.58836
2025-05-05 19:30:00,0.65823
2025-05-05 19:45:00,0.65443
2025-05-05 20:00:00,0.58036
2025-05-05 20:15:00,0.76456
2025-05-05 20:30:00,0.66792
2025-05-05 20:45:00,0.58913
2025-05-05 21:00:00,0.58510
2025-05-05 21:15:00,0.51857
2025-05-05 21:30:00,0.52932
2025-05-05 21:45:00,0.33574
2025-05-05 22:00:00,0.63646
2025-05-05 22:15:00,0.74237
2025-05-05 22:30:00,0.47906
2025-05-05 22:45:00,0.64877
2025-05-05 23:00:00,0.59394
2025-05-05 23:15:00,0.60138
2025-05-05 23:30:00,0.59802
2025-05-05 23:45:00,0.60730
2025-05-06 00:00:00,0.43118
2025-05-06 00:15:00,0.51007
2025-05-06 00:30:00,0.41784
2025-05-06 00:45:00,0.55105
2025-05-06 01:00:00,0.52909
2025-05-06 01:15:00,0.63730
2025-05-06 01:30:00,0.57411
2025-05-06 01:45:00,0.49002
2025-05-06 02:00:00,0.33814
2025-05-06 02:15:00,0.46867
2025-05-06 02:30:00,0.38511
2025-05-06 02:45:00,0.48241
2025-05-06 03:00:00,0.46735
2025-05-06 03:15:00,0.31625
2025-05-06 03:30:00,0.49191
2025-05-06 03:45:00,0.63530
2025-05-06 04:00:00,0.51166
2025-05-06 04:15:00,0.35353
2025-05-06 04:30:00,0.39185
2025-05-06 04:45:00,0.21015
2025-05-06 05:00:00,0.35596
2025-05-06 05:15:00,0.57548
2025-05-06 05:30:00,0.55542
2025-05-06 05:45:00,0.51444
2025-05-06 06:00:00,0.70788
2025-05-06 06:15:00,0.71895
2025-05-06 06:30:00,0.76863
2025-05-06 06:45:00,0.51170
2025-05-06 07:00:00,0.45939
2025-05-06 07:15:00,0.46704
2025-05-06 07:30:00,0.50623
2025-05-06 07:45:00,0.55920
2025-05-06 08:00:00,0.74230
2025-05-06 08:15:00,0.66117
2025-05-06 08:30:00,0.61601
2025-05-06 08:45:00,0.58178
2025-05-06 09:00:00,0.61382
2025-05-06 09:15:00,0.56872
2025-05-06 09:30:00,0.58377
2025-05-06 09:45:00,0.66723
2025-05-06 10:00:00,0.66889
2025-05-06 10:15:00,0.54159
2025-05-06 10:30:00,0.56797
2025-05-06 10:45:00,0.74480
2025-05-06 11:00:00,0.79613
2025-05-06 11:15:00,0.79543
2025-05-06 11:30:00,0.70650
2025-05-06 11:45:00,0.66809
2025-05-06 12:00:00,0.92646
2025-05-06 12:15:00,0.77261
2025-05-06 12:30:00,0.70934
2025-05-06 12:45:00,0.65149
2025-05-06 13:00:00,0.58589
2025-05-06 13:15:00,0.64623
2025-05-06 13:30:00,0.58317
2025-05-06 13:45:00,0.70437
2025-05-06 14:00:00,0.71552
2025-05-06 14:15:00,0.70436
2025-05-06 14:30:00,0.71888
2025-05-06 14:45:00,0.79285
2025-05-06 15:00:00,0.93948
2025-05-06 15:15:00,0.88996
2025-05-06 15:30:00,1.00361
2025-05-06 15:45:00,0.78120
2025-05-06 16:00:00,0.62536
2025-05-06 16:15:00,0.65118
2025-05-06 16:30:00,0.63313
2025-05-06 16:45:00,0.79758
2025-05-06 17:00:00,0.80524
2025-05-06 17:15:00,0.64108
2025-05-06 17:30:00,0.62065
2025-05-06 17:45:00,0.87755
2025-05-06 18:00:00,0.75799
2025-05-06 18:15:00,0.42321
2025-05-06 18:30:00,0.79877
2025-05-06 18:45:00,0.68078
2025-05-06 19:00:00,0.58147
2025-05-06 19:15:00,0.52200
2025-05-06 19:30:00,0.53540
2025-05-06 19:45:00,0.51069
2025-05-06 20:00:00,0.48006
2025-05-06 20:15:00,0.53125
2025-05-06 20:30:00,0.52974
2025-05-06 20:45:00,0.59390
2025-05-06 21:00:00,0.55710
2025-05-06 21:15:00,0.57602
2025-05-06 21:30:00,0.53406
2025-05-06 21:45:00,0.42507
2025-05-06 22:00:00,0.49536
2025-05-06 22:15:00,0.50393
2025-05-06 22:30:00,0.57541
2025-05-06 22:45:00,0.60220
2025-05-06 23:00:00,0.54305
2025-05-06 23:15:00,0.68269
2025-05-06 23:30:00,0.56762
2025-05-06 23:45:00,0.64784
2025-05-07 00:00:00,0.61385
2025-05-07 00:15:00,0.36296
2025-05-07 00:30:00,0.55806
2025-05-07 00:45:00,0.36166
2025-05-07 01:00:00,0.43333
2025-05-07 01:15:00,0.27270
2025-05-07 01:30:00,0.49045
2025-05-07 01:45:00,0.40828
2025-05-07 02:00:00,0.48782
2025-05-07 02:15:00,0.56881
2025-05-07 02:30:00,0.62329
2025-05-07 02:45:00,0.63562
2025-05-07 03:00:00,0.42570
2025-05-07 03:15:00,0.47115
2025-05-07 03:30:00,0.62840
2025-05-07 03:45:00,0.68358
2025-05-07 04:00:00,0.57035
2025-05-07 04:15:00,0.42181
2025-05-07 04:30:00,0.59627
2025-05-07 04:45:00,0.59886
2025-05-07 05:00:00,0.55271
2025-05-07 05:15:00,0.56667
2025-05-07 05:30:00,0.54819
2025-05-07 05:45:00,0.58550
2025-05-07 06:00:00,0.68423
2025-05-07 06:15:00,0.60780
2025-05-07 06:30:00,0.64218
2025-05-07 06:45:00,0.76345
2025-05-07 07:00:00,0.45264
2025-05-07 07:15:00,0.43997
2025-05-07 07:30:00,0.40079
2025-05-07 07:45:00,0.39453
2025-05-07 08:00:00,0.72385
2025-05-07 08:15:00,0.72251
2025-05-07 08:30:00,0.59332
2025-05-07 08:45:00,0.63446
2025-05-07 09:00:00,0.51269
2025-05-07 09:15:00,0.44076
2025-05-07 09:30:00,0.44142
2025-05-07 09:45:00,0.75856
2025-05-07 10:00:00,0.69242
2025-05-07 10:15:00,0.76633
2025-05-07 10:30:00,0.84110
2025-05-07 10:45:00,0.68092
2025-05-07 11:00:00,0.76180
2025-05-07 11:15:00,0.69526
2025-05-07 11:30:00,0.83555
2025-05-07 11:45:00,0.87742
2025-05-07 12:00:00,0.67212
2025-05-07 12:15:00,0.78785
2025-05-07 12:30:00,0.89933
2025-05-07 12:45:00,0.71958
2025-05-07 13:00:00,0.67396
2025-05-07 13:15:00,0.80866
2025-05-07 13:30:00,0.56347
2025-05-07 13:45:00,0.70077
2025-05-07 14:00:00,0.61925
2025-05-07 14:15:00,0.66243
2025-05-07 14:30:00,0.55321
2025-05-07 14:45:00,0.56498
2025-05-07 15:00:00,0.61189
2025-05-07 15:15:00,0.67825
2025-05-07 15:30:00,0.73453
2025-05-07 15:45:00,0.75120
2025-05-07 16:00:00,0.63565
2025-05-07 16:15:00,0.58406
2025-05-07 16:30:00,0.73201
2025-05-07 16:45:00,0.53450
2025-05-07 17:00:00,0.63572
2025-05-07 17:15:00,0.73368
2025-05-07 17:30:00,0.59835
2025-05-07 17:45:00,0.47928
2025-05-07 18:00:00,0.44883
2025-05-07 18:15:00,0.58995
2025-05-07 18:30:00,0.55957
2025-05-07 18:45:00,0.71282
2025-05-07 19:00:00,0.73777
2025-05-07 19:15:00,0.72023
2025-05-07 19:30:00,0.82479
2025-05-07 19:45:00,0.53496
2025-05-07 20:00:00,0.48466
2025-05-07 20:15:00,0.36663
2025-05-07 20:30:00,0.58957
2025-05-07 20:45:00,0.47635
2025-05-07 21:00:00,0.43335
2025-05-07 21:15:00,0.69323
2025-05-07 21:30:00,0.54657
2025-05-07 21:45:00,0.57234
2025-05-07 22:00:00,0.68079
2025-05-07 22:15:00,0.47397
2025-05-07 22:30:00,0.44633
2025-05-07 22:45:00,0.44910
2025-05-07 23:00:00,0.46557
2025-05-07 23:15:00,0.46568
2025-05-07 23:30:00,0.62010
2025-05-07 23:45:00,0.68603
2025-05-08 00:00:00,0.52037
2025-05-08 00:15:00,0.53392
2025-05-08 00:30:00,0.48168
2025-05-08 00:45:00,0.57898
2025-05-08 01:00:00,0.58346
2025-05-08 01:15:00,0.42377
2025-05-08 01:30:00,0.53932
2025-05-08 01:45:00,0.63057
2025-05-08 02:00:00,0.55275
2025-05-08 02:15:00,0.50412
2025-05-08 02:30:00,0.52144
2025-05-08 02:45:00,0.45206
2025-05-08 03:00:00,0.49601
2025-05-08 03:15:00,0.63546
2025-05-08 03:30:00,0.47498
2025-05-08 03:45:00,0.43142
2025-05-08 04:00:00,0.68469
2025-05-08 04:15:00,0.57981
2025-05-08 04:30:00,0.54514
2025-05-08 04:45:00,0.58535
2025-05-08 05:00:00,0.62633
2025-05-08 05:15:00,0.55713
2025-05-08 05:30:00,0.49505
2025-05-08 05:45:00,0.62008
2025-05-08 06:00:00,0.54871
2025-05-08 06:15:00,0.49108
2025-05-08 06:30:00,0.54836
2025-05-08 06:45:00,0.55001
2025-05-08 07:00:00,0.36518
2025-05-08 07:15:00,0.27377
2025-05-08 07:30:00,0.65044
2025-05-08 07:45:00,0.54554
2025-05-08 08:00:00,0.54364
2025-05-08 08:15:00,0.41356
2025-05-08 08:30:00,0.47378
2025-05-08 08:45:00,0.56155
2025-05-08 09:00:00,0.69672
2025-05-08 09:15:00,0.59809
2025-05-08 09:30:00,0.57784
2025-05-08 09:45:00,0.62956
2025-05-08 10:00:00,0.44972
2025-05-08 10:15:00,0.62872
2025-05-08 10:30:00,0.61025
2025-05-08 10:45:00,0.72177
2025-05-08 11:00:00,0.62864
2025-05-08 11:15:00,0.78792
2025-05-08 11:30:00,0.73600
2025-05-08 11:45:00,0.71931
2025-05-08 12:00:00,0.79436
2025-05-08 12:15:00,0.78884
2025-05-08 12:30:00,0.79106
2025-05-08 12:45:00,0.72771
2025-05-08 13:00:00,0.74735
2025-05-08 13:15:00,0.75238
2025-05-08 13:30:00,0.67241
2025-05-08 13:45:00,0.69454
2025-05-08 14:00:00,0.50465
2025-05-08 14:15:00,0.73386
2025-05-08 14:30:00,0.74594
2025-05-08 14:45:00,0.77270
2025-05-08 15:00:00,0.80744
2025-05-08 15:15:00,0.69029
2025-05-08 15:30:00,0.80532
2025-05-08 15:45:00,0.61140
2025-05-08 16:00:00,0.60492
2025-05-08 16:15:00,0.56658
2025-05-08 16:30:00,0.52637
2025-05-08 16:45:00,0.75038
2025-05-08 17:00:00,0.63732
2025-05-08 17:15:00,0.78030
2025-05-08 17:30:00,0.63493
2025-05-08 17:45:00,0.67755
2025-05-08 18:00:00,0.75436
2025-05-08 18:15:00,0.89097
2025-05-08 18:30:00,0.72647
2025-05-08 18:45:00,0.77829
2025-05-08 19:00:00,0.64510
2025-05-08 19:15:00,0.51345
2025-05-08 19:30:00,0.53047
2025-05-08 19:45:00,0.59647
2025-05-08 20:00:00,0.47971
2025-05-08 20:15:00,0.56193
2025-05-08 20:30:00,0.53201
2025-05-08 20:45:00,0.63581
2025-05-08 21:00:00,0.44860
2025-05-08 21:15:00,0.34797
2025-05-08 21:30:00,0.61270
2025-05-08 21:45:00,0.50516
2025-05-08 22:00:00,0.64827
2025-05-08 22:15:00,0.69687
2025-05-08 22:30:00,0.55375
2025-05-08 22:45:00,0.46732
2025-05-08 23:00:00,0.64789
2025-05-08 23:15:00,0.67586
2025-05-08 23:30:00,0.63689
2025-05-08 23:45:00,0.58785
2025-05-09 00:00:00,0.57216
2025-05-09 00:15:00,0.46229
2025-05-09 00:30:00,0.55827
2025-05-09 00:45:00,0.45146
2025-05-09 01:00:00,0.53355
2025-05-09 01:15:00,0.49966
2025-05-09 01:30:00,0.49803
2025-05-09 01:45:00,0.51905
2025-05-09 02:00:00,0.38102
2025-05-09 02:15:00,0.59542
2025-05-09 02:30:00,0.55682
2025-05-09 02:45:00,0.40483
2025-05-09 03:00:00,0.62281
2025-05-09 03:15:00,0.58543
2025-05-09 03:30:00,0.54123
2025-05-09 03:45:00,0.41539
2025-05-09 04:00:00,0.42668
2025-05-09 04:15:00,0.54548
2025-05-09 04:30:00,0.51974
2025-05-09 04:45:00,0.51299
2025-05-09 05:00:00,0.36530
2025-05-09 05:15:00,0.58125
2025-05-09 05:30:00,0.68356
2025-05-09 05:45:00,0.78796
2025-05-09 06:00:00,0.51897
2025-05-09 06:15:00,0.46784
2025-05-09 06:30:00,0.54582
2025-05-09 06:45:00,0.55373
2025-05-09 07:00:00,0.65050
2025-05-09 07:15:00,0.71922
2025-05-09 07:30:00,0.48966
2025-05-09 07:45:00,0.45382
2025-05-09 08:00:00,0.65613
2025-05-09 08:15:00,0.64292
2025-05-09 08:30:00,0.51429
2025-05-09 08:45:00,0.60944
2025-05-09 09:00:00,0.69740
2025-05-09 09:15:00,0.41322
2025-05-09 09:30:00,0.51630
2025-05-09 09:45:00,0.57569
2025-05-09 10:00:00,0.75218
2025-05-09 10:15:00,0.69816
2025-05-09 10:30:00,0.69275
2025-05-09 10:45:00,0.51839
2025-05-09 11:00:00,0.48278
2025-05-09 11:15:00,0.68968
2025-05-09 11:30:00,0.64524
2025-05-09 11:45:00,0.80113
2025-05-09 12:00:00,0.69634
2025-05-09 12:15:00,0.66411
2025-05-09 12:30:00,0.57851
2025-05-09 12:45:00,0.63008
2025-05-09 13:00:00,0.45309
2025-05-09 13:15:00,0.59744
2025-05-09 13:30:00,0.76754
2025-05-09 13:45:00,0.75032
2025-05-09 14:00:00,0.57624
2025-05-09 14:15:00,0.89865
2025-05-09 14:30:00,0.86005
2025-05-09 14:45:00,0.75809
2025-05-09 15:00:00,0.51811
2025-05-09 15:15:00,0.44924
2025-05-09 15:30:00,0.59688
2025-05-09 15:45:00,0.70017
2025-05-09 16:00:00,0.55707
2025-05-09 16:15:00,0.59934
2025-05-09 16:30:00,0.63237
2025-05-09 16:45:00,0.58510
2025-05-09 17:00:00,0.59930
2025-05-09 17:15:00,0.72979
2025-05-09 17:30:00,0.60068
2025-05-09 17:45:00,0.57282
2025-05-09 18:00:00,0.57164
2025-05-09 18:15:00,0.56529
2025-05-09 18:30:00,0.46635
2025-05-09 18:45:00,0.73734
2025-05-09 19:00:00,0.56425
2025-05-09 19:15:00,0.55200
2025-05-09 19:30:00,0.44145
2025-05-09 19:45:00,0.39430
2025-05-09 20:00:00,0.50536
2025-05-09 20:15:00,0.66287
2025-05-09 20:30:00,0.67084
2025-05-09 20:45:00,0.70861
2025-05-09 21:00:00,0.49775
2025-05-09 21:15:00,0.49013
2025-05-09 21:30:00,0.54607
2025-05-09 21:45:00,0.66987
2025-05-09 22:00:00,0.62243
2025-05-09 22:15:00,0.61284
2025-05-09 22:30:00,0.65382
2025-05-09 22:45:00,0.59983
2025-05-09 23:00:00,0.61784
2025-05-09 23:15:00,0.58783
2025-05-09 23:30:00,0.54752
2025-05-09 23:45:00,0.59380
2025-05-10 00:00:00,0.61748
2025-05-10 00:15:00,0.53707
2025-05-10 00:30:00,0.43914
2025-05-10 00:45:00,0.44120
2025-05-10 01:00:00,0.55463
2025-05-10 01:15:00,0.53460
2025-05-10 01:30:00,0.43434
2025-05-10 01:45:00,0.30874
2025-05-10 02:00:00,0.57192
2025-05-10 02:15:00,0.50629
2025-05-10 02:30:00,0.52927
2025-05-10 02:45:00,0.54647
2025-05-10 03:00:00,0.60739
2025-05-10 03:15:00,0.39365
2025-05-10 03:30:00,0.43073
2025-05-10 03:45:00,0.60147
2025-05-10 04:00:00,0.70345
2025-05-10 04:15:00,0.55588
2025-05-10 04:30:00,0.55279
2025-05-10 04:45:00,0.52463
2025-05-10 05:00:00,0.38822
2025-05-10 05:15:00,0.33751
2025-05-10 05:30:00,0.30542
2025-05-10 05:45:00,0.45620
2025-05-10 06:00:00,0.66829
2025-05-10 06:15:00,0.58687
2025-05-10 06:30:00,0.48023
2025-05-10 06:45:00,0.48041
2025-05-10 07:00:00,0.69146
2025-05-10 07:15:00,0.70135
2025-05-10 07:30:00,0.60075
2025-05-10 07:45:00,0.59123
2025-05-10 08:00:00,0.51435
2025-05-10 08:15:00,0.52243
2025-05-10 08:30:00,0.60429
2025-05-10 08:45:00,0.66970
2025-05-10 09:00:00,0.57739
2025-05-10 09:15:00,0.67045
2025-05-10 09:30:00,0.62415
2025-05-10 09:45:00,0.71309
2025-05-10 10:00:00,0.53379
2025-05-10 10:15:00,0.61340
2025-05-10 10:30:00,0.51850
2025-05-10 10:45:00,0.62584
2025-05-10 11:00:00,0.67562
2025-05-10 11:15:00,0.49827
2025-05-10 11:30:00,0.57900
2025-05-10 11:45:00,0.75393
2025-05-10 12:00:00,0.70020
2025-05-10 12:15:00,0.40355
2025-05-10 12:30:00,0.61220
2025-05-10 12:45:00,0.70118
2025-05-10 13:00:00,0.75854
2025-05-10 13:15:00,0.78354
2025-05-10 13:30:00,0.93723
2025-05-10 13:45:00,0.52988
2025-05-10 14:00:00,0.53449
2025-05-10 14:15:00,0.81190
2025-05-10 14:30:00,0.58344
2025-05-10 14:45:00,0.54558
2025-05-10 15:00:00,0.65857
2025-05-10 15:15:00,0.54367
2025-05-10 15:30:00,0.48452
2025-05-10 15:45:00,0.73267
2025-05-10 16:00:00,0.49843
2025-05-10 16:15:00,0.55681
2025-05-10 16:30:00,0.73529
2025-05-10 16:45:00,0.79831
2025-05-10 17:00:00,0.55693
2025-05-10 17:15:00,0.43736
2025-05-10 17:30:00,0.59376
2025-05-10 17:45:00,0.50142
2025-05-10 18:00:00,0.63955
2025-05-10 18:15:00,0.50324
2025-05-10 18:30:00,0.46380
2025-05-10 18:45:00,0.61692
2025-05-10 19:00:00,0.66798
2025-05-10 19:15:00,0.63727
2025-05-10 19:30:00,0.55397
2025-05-10 19:45:00,0.34846
2025-05-10 20:00:00,0.39443
2025-05-10 20:15:00,0.64481
2025-05-10 20:30:00,0.71771
2025-05-10 20:45:00,0.65562
2025-05-10 21:00:00,0.45786
2025-05-10 21:15:00,0.59472
2025-05-10 21:30:00,0.49012
2025-05-10 21:45:00,0.51004
2025-05-10 22:00:00,0.63956
2025-05-10 22:15:00,0.52929
2025-05-10 22:30:00,0.63161
2025-05-10 22:45:00,0.55154
2025-05-10 23:00:00,0.81714
2025-05-10 23:15:00,0.59617
2025-05-10 23:30:00,0.42006
2025-05-10 23:45:00,0.53533
2025-05-11 00:00:00,0.53490
2025-05-11 00:15:00,0.63118
2025-05-11 00:30:00,0.68704
2025-05-11 00:45:00,0.66358
2025-05-11 01:00:00,0.54370
2025-05-11 01:15:00,0.55347
2025-05-11 01:30:00,0.63870
2025-05-11 01:45:00,0.49655
2025-05-11 02:00:00,0.43765
2025-05-11 02:15:00,0.38975
2025-05-11 02:30:00,0.38167
2025-05-11 02:45:00,0.30690
2025-05-11 03:00:00,0.45568
2025-05-11 03:15:00,0.52480
2025-05-11 03:30:00,0.25298
2025-05-11 03:45:00,0.29045
2025-05-11 04:00:00,0.52903
2025-05-11 04:15:00,0.45097
2025-05-11 04:30:00,0.38396
2025-05-11 04:45:00,0.56378
2025-05-11 05:00:00,0.76345
2025-05-11 05:15:00,0.78406
2025-05-11 05:30:00,0.70900
2025-05-11 05:45:00,0.61393
2025-05-11 06:00:00,0.54610
2025-05-11 06:15:00,0.86077
2025-05-11 06:30:00,0.88334
2025-05-11 06:45:00,0.81483
2025-05-11 07:00:00,0.62521
2025-05-11 07:15:00,0.59921
2025-05-11 07:30:00,0.48929
2025-05-11 07:45:00,0.55093
2025-05-11 08:00:00,0.48658
2025-05-11 08:15:00,0.38559
2025-05-11 08:30:00,0.45544
2025-05-11 08:45:00,0.47623
2025-05-11 09:00:00,0.51865
2025-05-11 09:15:00,0.49147
2025-05-11 09:30:00,0.60066
2025-05-11 09:45:00,0.59197
2025-05-11 10:00:00,0.67828
2025-05-11 10:15:00,0.72100
2025-05-11 10:30:00,0.59019
2025-05-11 10:45:00,0.65506
2025-05-11 11:00:00,0.70387
2025-05-11 11:15:00,0.71119
2025-05-11 11:30:00,0.51269
2025-05-11 11:45:00,0.63091
2025-05-11 12:00:00,0.82600
2025-05-11 12:15:00,0.67416
2025-05-11 12:30:00,0.73461
2025-05-11 12:45:00,0.72794
2025-05-11 13:00:00,0.64422
2025-05-11 13:15:00,0.85173
2025-05-11 13:30:00,0.61819
2025-05-11 13:45:00,0.69380
2025-05-11 14:00:00,0.71006
2025-05-11 14:15:00,0.70561
2025-05-11 14:30:00,0.57356
2025-05-11 14:45:00,0.67569
2025-05-11 15:00:00,0.69403
2025-05-11 15:15:00,0.52563
2025-05-11 15:30:00,0.68624
2025-05-11 15:45:00,0.74227
2025-05-11 16:00:00,0.66978
2025-05-11 16:15:00,0.87932
2025-05-11 16:30:00,0.73138
2025-05-11 16:45:00,0.76458
2025-05-11 17:00:00,0.46848
2025-05-11 17:15:00,0.40412
2025-05-11 17:30:00,0.49535
2025-05-11 17:45:00,0.57286
2025-05-11 18:00:00,0.54856
2025-05-11 18:15:00,0.53341
2025-05-11 18:30:00,0.48364
2025-05-11 18:45:00,0.56980
2025-05-11 19:00:00,0.55592
2025-05-11 19:15:00,0.70111
2025-05-11 19:30:00,0.50196
2025-05-11 19:45:00,0.48230
2025-05-11 20:00:00,0.47424
2025-05-11 20:15:00,0.49455
2025-05-11 20:30:00,0.48112
2025-05-11 20:45:00,0.66216
2025-05-11 21:00:00,0.74706
2025-05-11 21:15:00,0.58457
2025-05-11 21:30:00,0.63923
2025-05-11 21:45:00,0.64187
2025-05-11 22:00:00,0.50278
2025-05-11 22:15:00,0.64566
2025-05-11 22:30:00,0.77875
2025-05-11 22:45:00,0.59855
2025-05-11 23:00:00,0.62453
2025-05-11 23:15:00,0.35815
2025-05-11 23:30:00,0.32597
2025-05-11 23:45:00,0.56472
2025-05-12 00:00:00,0.58627
2025-05-12 00:15:00,0.46826
2025-05-12 00:30:00,0.54725
2025-05-12 00:45:00,0.62719
2025-05-12 01:00:00,0.66543
2025-05-12 01:15:00,0.56246
2025-05-12 01:30:00,0.37224
2025-05-12 01:45:00,0.36759
2025-05-12 02:00:00,0.39409
2025-05-12 02:15:00,0.43712
2025-05-12 02:30:00,0.60028
2025-05-12 02:45:00,0.43151
2025-05-12 03:00:00,0.33724
2025-05-12 03:15:00,0.51763
2025-05-12 03:30:00,0.52657
2025-05-12 03:45:00,0.43324
2025-05-12 04:00:00,0.76241
2025-05-12 04:15:00,0.66799
2025-05-12 04:30:00,0.41977
2025-05-12 04:45:00,0.50523
2025-05-12 05:00:00,0.43180
2025-05-12 05:15:00,0.59290
2025-05-12 05:30:00,0.43886
2025-05-12 05:45:00,0.44188
2025-05-12 06:00:00,0.60154
2025-05-12 06:15:00,0.51094
2025-05-12 06:30:00,0.52598
2025-05-12 06:45:00,0.54787
2025-05-12 07:00:00,0.45724
2025-05-12 07:15:00,0.64314
2025-05-12 07:30:00,0.80384
2025-05-12 07:45:00,0.88663
2025-05-12 08:00:00,0.58730
2025-05-12 08:15:00,0.65566
2025-05-12 08:30:00,0.67366
2025-05-12 08:45:00,0.61478
2025-05-12 09:00:00,0.71114
2025-05-12 09:15:00,0.54427
2025-05-12 09:30:00,0.74561
2025-05-12 09:45:00,0.65580
2025-05-12 10:00:00,0.55311
2025-05-12 10:15:00,0.64248
2025-05-12 10:30:00,0.71013
2025-05-12 10:45:00,0.62368
2025-05-12 11:00:00,0.52669
2025-05-12 11:15:00,0.60955
2025-05-12 11:30:00,0.49717
2025-05-12 11:45:00,0.61296
2025-05-12 12:00:00,0.68906
2025-05-12 12:15:00,0.67773
2025-05-12 12:30:00,0.46087
2025-05-12 12:45:00,0.57536
2025-05-12 13:00:00,0.65959
2025-05-12 13:15:00,0.65091
2025-05-12 13:30:00,0.59831
2025-05-12 13:45:00,0.61232
2025-05-12 14:00:00,0.58450
2025-05-12 14:15:00,0.82273
2025-05-12 14:30:00,0.77103
2025-05-12 14:45:00,0.57583
2025-05-12 15:00:00,0.63303
2025-05-12 15:15:00,0.53841
2025-05-12 15:30:00,0.75361
2025-05-12 15:45:00,0.60773
2025-05-12 16:00:00,0.70640
2025-05-12 16:15:00,0.82404
2025-05-12 16:30:00,0.88686
2025-05-12 16:45:00,0.60067
2025-05-12 17:00:00,0.51436
2025-05-12 17:15:00,0.75305
2025-05-12 17:30:00,0.59191
2025-05-12 17:45:00,0.64424
2025-05-12 18:00:00,0.61090
2025-05-12 18:15:00,0.60789
2025-05-12 18:30:00,0.73436
2025-05-12 18:45:00,0.60472
2025-05-12 19:00:00,0.70053
2025-05-12 19:15:00,0.60593
2025-05-12 19:30:00,0.61640
2025-05-12 19:45:00,0.68200
2025-05-12 20:00:00,0.47731
2025-05-12 20:15:00,0.61275
2025-05-12 20:30:00,0.64473
2025-05-12 20:45:00,0.51748
2025-05-12 21:00:00,0.71712
2025-05-12 21:15:00,0.54586
2025-05-12 21:30:00,0.59971
2025-05-12 21:45:00,0.47632
2025-05-12 22:00:00,0.49624
2025-05-12 22:15:00,0.52790
2025-05-12 22:30:00,0.47304
2025-05-12 22:45:00,0.56244
2025-05-12 23:00:00,0.35881
2025-05-12 23:15:00,0.59711
2025-05-12 23:30:00,0.72291
2025-05-12 23:45:00,0.65911
2025-05-13 00:00:00,0.47324
2025-05-13 00:15:00,0.49737
2025-05-13 00:30:00,0.51231
2025-05-13 00:45:00,0.66683
2025-05-13 01:00:00,0.60457
2025-05-13 01:15:00,0.54070
2025-05-13 01:30:00,0.50854
2025-05-13 01:45:00,0.39858
2025-05-13 02:00:00,0.37988
2025-05-13 02:15:00,0.49988
2025-05-13 02:30:00,0.51610
2025-05-13 02:45:00,0.30201
2025-05-13 03:00:00,0.65363
2025-05-13 03:15:00,0.63663
2025-05-13 03:30:00,0.59727
2025-05-13 03:45:00,0.50144
2025-05-13 04:00:00,0.40150
2025-05-13 04:15:00,0.41131
2025-05-13 04:30:00,0.45405
2025-05-13 04:45:00,0.50089
2025-05-13 05:00:00,0.62033
2025-05-13 05:15:00,0.56012
2025-05-13 05:30:00,0.72742
2025-05-13 05:45:00,0.59647
2025-05-13 06:00:00,0.35634
2025-05-13 06:15:00,0.49745
2025-05-13 06:30:00,0.59250
2025-05-13 06:45:00,0.71063
2025-05-13 07:00:00,0.68392
2025-05-13 07:15:00,0.49459
2025-05-13 07:30:00,0.52997
2025-05-13 07:45:00,0.57281
2025-05-13 08:00:00,0.42897
2025-05-13 08:15:00,0.57308
2025-05-13 08:30:00,0.51794
2025-05-13 08:45:00,0.54265
2025-05-13 09:00:00,0.50256
2025-05-13 09:15:00,0.69793
2025-05-13 09:30:00,0.65194
2025-05-13 09:45:00,0.50063
2025-05-13 10:00:00,0.49796
2025-05-13 10:15:00,0.48202
2025-05-13 10:30:00,0.49860
2025-05-13 10:45:00,0.48358
2025-05-13 11:00:00,0.52797
2025-05-13 11:15:00,0.65479
2025-05-13 11:30:00,0.76916
2025-05-13 11:45:00,0.61960
2025-05-13 12:00:00,0.83677
2025-05-13 12:15:00,0.98442
2025-05-13 12:30:00,0.78452
2025-05-13 12:45:00,0.59822
2025-05-13 13:00:00,0.65255
2025-05-13 13:15:00,0.67754
2025-05-13 13:30:00,0.83555
2025-05-13 13:45:00,0.88570
2025-05-13 14:00:00,0.78130
2025-05-13 14:15:00,0.66852
2025-05-13 14:30:00,0.68601
2025-05-13 14:45:00,0.92587
2025-05-13 15:00:00,0.68781
2025-05-13 15:15:00,0.64413
2025-05-13 15:30:00,0.58370
2025-05-13 15:45:00,0.69837
2025-05-13 16:00:00,0.66077
2025-05-13 16:15:00,0.53434
2025-05-13 16:30:00,0.42882
2025-05-13 16:45:00,0.61322
2025-05-13 17:00:00,0.57390
2025-05-13 17:15:00,0.80579
2025-05-13 17:30:00,0.71317
2025-05-13 17:45:00,0.54613
2025-05-13 18:00:00,0.63931
2025-05-13 18:15:00,0.47891
2025-05-13 18:30:00,0.56267
2025-05-13 18:45:00,0.65355
2025-05-13 19:00:00,0.71842
2025-05-13 19:15:00,0.66512
2025-05-13 19:30:00,0.58644
2025-05-13 19:45:00,0.55298
2025-05-13 20:00:00,0.54441
2025-05-13 20:15:00,0.61239
2025-05-13 20:30:00,0.70984
2025-05-13 20:45:00,0.64786
2025-05-13 21:00:00,0.73780
2025-05-13 21:15:00,0.69377
2025-05-13 21:30:00,0.66244
2025-05-13 21:45:00,0.54440
2025-05-13 22:00:00,0.65011
2025-05-13 22:15:00,0.48829
2025-05-13 22:30:00,0.61438
2025-05-13 22:45:00,0.46578
2025-05-13 23:00:00,0.57209
2025-05-13 23:15:00,0.63939
2025-05-13 23:30:00,0.53626
2025-05-13 23:45:00,0.49370
2025-05-14 00:00:00,0.63233
2025-05-14 00:15:00,0.46531
2025-05-14 00:30:00,0.53913
2025-05-14 00:45:00,0.49887
2025-05-14 01:00:00,0.69247
2025-05-14 01:15:00,0.60987
2025-05-14 01:30:00,0.52892
2025-05-14 01:45:00,0.47227
2025-05-14 02:00:00,0.54784
2025-05-14 02:15:00,0.63088
2025-05-14 02:30:00,0.55091
2025-05-14 02:45:00,0.56610
2025-05-14 03:00:00,0.53526
2025-05-14 03:15:00,0.39403
2025-05-14 03:30:00,0.39160
2025-05-14 03:45:00,0.38849
2025-05-14 04:00:00,0.47563
2025-05-14 04:15:00,0.54009
2025-05-14 04:30:00,0.56373
2025-05-14 04:45:00,0.39540
2025-05-14 05:00:00,0.42277
2025-05-14 05:15:00,0.53507
2025-05-14 05:30:00,0.48677
2025-05-14 05:45:00,0.51118
2025-05-14 06:00:00,0.60627
2025-05-14 06:15:00,0.53464
2025-05-14 06:30:00,0.62405
2025-05-14 06:45:00,0.59607
2025-05-14 07:00:00,0.66090
2025-05-14 07:15:00,0.66085
2025-05-14 07:30:00,0.65341
2025-05-14 07:45:00,0.71640
2025-05-14 08:00:00,0.66114
2025-05-14 08:15:00,0.64701
2025-05-14 08:30:00,0.68478
2025-05-14 08:45:00,0.61800
2025-05-14 09:00:00,0.42851
2025-05-14 09:15:00,0.66670
2025-05-14 09:30:00,0.55427
2025-05-14 09:45:00,0.57176
2025-05-14 10:00:00,0.58631
2025-05-14 10:15:00,0.59342
2025-05-14 10:30:00,0.62240
2025-05-14 10:45:00,0.68060
2025-05-14 11:00:00,0.76183
2025-05-14 11:15:00,0.61489
2025-05-14 11:30:00,0.77591
2025-05-14 11:45:00,0.78467
2025-05-14 12:00:00,0.91887
2025-05-14 12:15:00,0.78936
2025-05-14 12:30:00,0.79433
2025-05-14 12:45:00,0.70393
2025-05-14 13:00:00,0.45501
2025-05-14 13:15:00,0.73719
2025-05-14 13:30:00,0.65467
2025-05-14 13:45:00,0.58516
2025-05-14 14:00:00,0.70510
2025-05-14 14:15:00,0.58000
2025-05-14 14:30:00,0.63069
2025-05-14 14:45:00,0.58937
2025-05-14 15:00:00,0.50148
2025-05-14 15:15:00,0.70963
2025-05-14 15:30:00,0.77774
2025-05-14 15:45:00,0.72935
2025-05-14 16:00:00,0.55133
2025-05-14 16:15:00,0.63176
2025-05-14 16:30:00,0.64773
2025-05-14 16:45:00,0.69975
2025-05-14 17:00:00,0.87918
2025-05-14 17:15:00,0.73975
2025-05-14 17:30:00,0.63106
2025-05-14 17:45:00,0.54143
2025-05-14 18:00:00,0.64856
2025-05-14 18:15:00,0.69291
2025-05-14 18:30:00,0.69503
2025-05-14 18:45:00,0.77762
2025-05-14 19:00:00,0.57981
2025-05-14 19:15:00,0.64383
2025-05-14 19:30:00,0.64309
2025-05-14 19:45:00,0.47605
2025-05-14 20:00:00,0.58977
2025-05-14 20:15:00,0.72442
2025-05-14 20:30:00,0.75900
2025-05-14 20:45:00,0.64577
2025-05-14 21:00:00,0.72462
2025-05-14 21:15:00,0.70489
2025-05-14 21:30:00,0.59686
2025-05-14 21:45:00,0.46719
2025-05-14 22:00:00,0.29700
2025-05-14 22:15:00,0.46319
2025-05-14 22:30:00,0.48566
2025-05-14 22:45:00,0.66416
2025-05-14 23:00:00,0.72934
2025-05-14 23:15:00,0.51297
2025-05-14 23:30:00,0.42376
2025-05-14 23:45:00,0.68062
2025-05-15 00:00:00,0.55996
2025-05-15 00:15:00,0.52650
2025-05-15 00:30:00,0.50165
2025-05-15 00:45:00,0.39775
2025-05-15 01:00:00,0.53479
2025-05-15 01:15:00,0.57608
2025-05-15 01:30:00,0.38911
2025-05-15 01:45:00,0.56187
2025-05-15 02:00:00,0.49946
2025-05-15 02:15:00,0.39325
2025-05-15 02:30:00,0.58411
2025-05-15 02:45:00,0.56363
2025-05-15 03:00:00,0.48104
2025-05-15 03:15:00,0.57565
2025-05-15 03:30:00,0.59082
2025-05-15 03:45:00,0.45153
2025-05-15 04:00:00,0.38483
2025-05-15 04:15:00,0.44858
2025-05-15 04:30:00,0.64785
2025-05-15 04:45:00,0.64545
2025-05-15 05:00:00,0.72366
2025-05-15 05:15:00,0.70123
2025-05-15 05:30:00,0.61836
2025-05-15 05:45:00,0.57363
2025-05-15 06:00:00,0.48804
2025-05-15 06:15:00,0.68298
2025-05-15 06:30:00,0.67914
2025-05-15 06:45:00,0.60531
2025-05-15 07:00:00,0.80504
2025-05-15 07:15:00,0.57098
2025-05-15 07:30:00,0.46507
2025-05-15 07:45:00,0.61669
2025-05-15 08:00:00,0.59695
2025-05-15 08:15:00,0.54201
2025-05-15 08:30:00,0.53535
2025-05-15 08:45:00,0.64599
2025-05-15 09:00:00,0.66022
2025-05-15 09:15:00,0.53315
2025-05-15 09:30:00,0.67967
2025-05-15 09:45:00,0.54733
2025-05-15 10:00:00,0.70549
2025-05-15 10:15:00,0.39044
2025-05-15 10:30:00,0.50844
2025-05-15 10:45:00,0.72490
2025-05-15 11:00:00,0.78875
2025-05-15 11:15:00,0.74324
2025-05-15 11:30:00,0.92064
2025-05-15 11:45:00,0.81579
2025-05-15 12:00:00,0.71828
2025-05-15 12:15:00,0.74239
2025-05-15 12:30:00,0.67960
2025-05-15 12:45:00,0.73171
2025-05-15 13:00:00,0.43012
2025-05-15 13:15:00,0.47449
2025-05-15 13:30:00,0.69825
2025-05-15 13:45:00,0.75336
2025-05-15 14:00:00,0.70497
2025-05-15 14:15:00,0.82119
2025-05-15 14:30:00,0.81309
2025-05-15 14:45:00,0.72500
2025-05-15 15:00:00,0.75376
2025-05-15 15:15:00,0.87263
2025-05-15 15:30:00,0.75920
2025-05-15 15:45:00,0.73658
2025-05-15 16:00:00,0.59857
2025-05-15 16:15:00,0.76884
2025-05-15 16:30:00,0.70911
2025-05-15 16:45:00,0.72036
2025-05-15 17:00:00,0.80906
2025-05-15 17:15:00,0.56959
2025-05-15 17:30:00,0.51007
2025-05-15 17:45:00,0.58052
2025-05-15 18:00:00,0.60147
2025-05-15 18:15:00,0.60374
2025-05-15 18:30:00,0.60309
2025-05-15 18:45:00,0.64109
2025-05-15 19:00:00,0.53792
2025-05-15 19:15:00,0.74900
2025-05-15 19:30:00,0.55986
2025-05-15 19:45:00,0.67067
2025-05-15 20:00:00,0.63064
2025-05-15 20:15:00,0.50091
2025-05-15 20:30:00,0.73617
2025-05-15 20:45:00,0.69227
2025-05-15 21:00:00,0.40969
2025-05-15 21:15:00,0.28528
2025-05-15 21:30:00,0.45470
2025-05-15 21:45:00,0.62808
2025-05-15 22:00:00,0.50235
2025-05-15 22:15:00,0.57562
2025-05-15 22:30:00,0.62599
2025-05-15 22:45:00,0.62309
2025-05-15 23:00:00,0.52806
2025-05-15 23:15:00,0.38853
2025-05-15 23:30:00,0.47217
2025-05-15 23:45:00,0.50824
2025-05-16 00:00:00,0.47341
2025-05-16 00:15:00,0.50056
2025-05-16 00:30:00,0.45019
2025-05-16 00:45:00,0.40531
2025-05-16 01:00:00,0.63629
2025-05-16 01:15:00,0.67231
2025-05-16 01:30:00,0.55062
2025-05-16 01:45:00,0.53808
2025-05-16 02:00:00,0.58932
2025-05-16 02:15:00,0.52555
2025-05-16 02:30:00,0.44156
2025-05-16 02:45:00,0.58494
2025-05-16 03:00:00,0.37489
2025-05-16 03:15:00,0.38083
2025-05-16 03:30:00,0.66523
2025-05-16 03:45:00,0.40733
2025-05-16 04:00:00,0.36100
2025-05-16 04:15:00,0.57895
2025-05-16 04:30:00,0.56734
2025-05-16 04:45:00,0.58635
2025-05-16 05:00:00,0.52857
2025-05-16 05:15:00,0.56144
2025-05-16 05:30:00,0.70519
2025-05-16 05:45:00,0.62900
2025-05-16 06:00:00,0.66330
2025-05-16 06:15:00,0.46887
2025-05-16 06:30:00,0.60141
2025-05-16 06:45:00,0.64188
2025-05-16 07:00:00,0.69180
2025-05-16 07:15:00,0.70310
2025-05-16 07:30:00,0.60197
2025-05-16 07:45:00,0.76210
2025-05-16 08:00:00,0.57680
2025-05-16 08:15:00,0.62822
2025-05-16 08:30:00,0.42489
2025-05-16 08:45:00,0.36393
2025-05-16 09:00:00,0.44486
2025-05-16 09:15:00,0.42801
2025-05-16 09:30:00,0.56906
2025-05-16 09:45:00,0.63904
2025-05-16 10:00:00,0.55163
2025-05-16 10:15:00,0.48143
2025-05-16 10:30:00,0.47588
2025-05-16 10:45:00,0.61760
2025-05-16 11:00:00,0.51101
2025-05-16 11:15:00,0.37613
2025-05-16 11:30:00,0.49704
2025-05-16 11:45:00,0.51351
2025-05-16 12:00:00,0.50448
2025-05-16 12:15:00,0.60314
2025-05-16 12:30:00,0.49154
2025-05-16 12:45:00,0.43040
2025-05-16 13:00:00,0.68719
2025-05-16 13:15:00,0.53630
2025-05-16 13:30:00,0.58023
2025-05-16 13:45:00,0.71944
2025-05-16 14:00:00,0.96014
2025-05-16 14:15:00,0.81400
2025-05-16 14:30:00,0.73726
2025-05-16 14:45:00,0.78114
2025-05-16 15:00:00,0.75493
2025-05-16 15:15:00,0.51465
2025-05-16 15:30:00,0.68640
2025-05-16 15:45:00,0.63157
2025-05-16 16:00:00,0.73293
2025-05-16 16:15:00,0.66964
2025-05-16 16:30:00,0.64858
2025-05-16 16:45:00,0.58771
2025-05-16 17:00:00,0.73933
2025-05-16 17:15:00,0.83853
2025-05-16 17:30:00,0.64232
2025-05-16 17:45:00,0.87557
2025-05-16 18:00:00,0.54531
2025-05-16 18:15:00,0.64159
2025-05-16 18:30:00,0.74644
2025-05-16 18:45:00,0.73820
2025-05-16 19:00:00,0.68569
2025-05-16 19:15:00,0.61027
2025-05-16 19:30:00,0.55702
2025-05-16 19:45:00,0.70831
2025-05-16 20:00:00,0.72396
2025-05-16 20:15:00,0.70084
2025-05-16 20:30:00,0.69377
2025-05-16 20:45:00,0.34212
2025-05-16 21:00:00,0.52980
2025-05-16 21:15:00,0.49160
2025-05-16 21:30:00,0.61666
2025-05-16 21:45:00,0.60488
2025-05-16 22:00:00,0.65892
2025-05-16 22:15:00,0.73531
2025-05-16 22:30:00,0.48571
2025-05-16 22:45:00,0.45154
2025-05-16 23:00:00,0.53265
2025-05-16 23:15:00,0.55332
2025-05-16 23:30:00,0.61242
2025-05-16 23:45:00,0.41115
2025-05-17 00:00:00,0.33809
2025-05-17 00:15:00,0.64353
2025-05-17 00:30:00,0.57540
2025-05-17 00:45:00,0.64523
2025-05-17 01:00:00,0.48907
2025-05-17 01:15:00,0.61218
2025-05-17 01:30:00,0.55426
2025-05-17 01:45:00,0.65534
2025-05-17 02:00:00,0.63036
2025-05-17 02:15:00,0.55806
2025-05-17 02:30:00,0.45562
2025-05-17 02:45:00,0.53303
2025-05-17 03:00:00,0.57744
2025-05-17 03:15:00,0.78451
2025-05-17 03:30:00,0.48497
2025-05-17 03:45:00,0.45223
2025-05-17 04:00:00,0.42222
2025-05-17 04:15:00,0.59495
2025-05-17 04:30:00,0.53260
2025-05-17 04:45:00,0.46648
2025-05-17 05:00:00,0.49074
2025-05-17 05:15:00,0.51194
2025-05-17 05:30:00,0.70286
2025-05-17 05:45:00,0.61572
2025-05-17 06:00:00,0.64631
2025-05-17 06:15:00,0.60009
2025-05-17 06:30:00,0.49527
2025-05-17 06:45:00,0.55968
2025-05-17 07:00:00,0.61230
2025-05-17 07:15:00,0.60367
2025-05-17 07:30:00,0.64575
2025-05-17 07:45:00,0.60467
2025-05-17 08:00:00,0.60002
2025-05-17 08:15:00,0.51173
2025-05-17 08:30:00,0.49880
2025-05-17 08:45:00,0.57214
2025-05-17 09:00:00,0.59086
2025-05-17 09:15:00,0.68461
2025-05-17 09:30:00,0.58900
2025-05-17 09:45:00,0.70725
2025-05-17 10:00:00,0.70197
2025-05-17 10:15:00,0.64760
2025-05-17 10:30:00,0.52663
2025-05-17 10:45:00,0.47626
2025-05-17 11:00:00,0.57423
2025-05-17 11:15:00,0.64715
2025-05-17 11:30:00,0.64826
2025-05-17 11:45:00,0.64541
2025-05-17 12:00:00,0.67201
2025-05-17 12:15:00,0.66491
2025-05-17 12:30:00,0.72940
2025-05-17 12:45:00,0.68878
2025-05-17 13:00:00,0.41049
2025-05-17 13:15:00,0.48252
2025-05-17 13:30:00,0.53768
2025-05-17 13:45:00,0.68328
2025-05-17 14:00:00,0.60874
2025-05-17 14:15:00,0.71896
2025-05-17 14:30:00,0.62813
2025-05-17 14:45:00,0.70392
2025-05-17 15:00:00,0.84883
2025-05-17 15:15:00,0.76265
2025-05-17 15:30:00,0.69911
2025-05-17 15:45:00,0.61586
2025-05-17 16:00:00,0.71084
2025-05-17 16:15:00,0.74309
2025-05-17 16:30:00,0.67055
2025-05-17 16:45:00,0.58106
2025-05-17 17:00:00,0.75428
2025-05-17 17:15:00,0.85918
2025-05-17 17:30:00,0.69754
2025-05-17 17:45:00,0.67556
2025-05-17 18:00:00,0.51170
2025-05-17 18:15:00,0.51268
2025-05-17 18:30:00,0.66294
2025-05-17 18:45:00,0.64440
2025-05-17 19:00:00,0.60660
2025-05-17 19:15:00,0.59672
2025-05-17 19:30:00,0.57816
2025-05-17 19:45:00,0.73274
2025-05-17 20:00:00,0.72909
2025-05-17 20:15:00,0.61980
2025-05-17 20:30:00,0.43716
2025-05-17 20:45:00,0.57266
2025-05-17 21:00:00,0.47769
2025-05-17 21:15:00,0.56822
2025-05-17 21:30:00,0.42248
2025-05-17 21:45:00,0.59632
2025-05-17 22:00:00,0.61056
2025-05-17 22:15:00,0.67831
2025-05-17 22:30:00,0.59523
2025-05-17 22:45:00,0.58176
2025-05-17 23:00:00,0.52329
2025-05-17 23:15:00,0.74384
2025-05-17 23:30:00,0.56100
2025-05-17 23:45:00,0.48851
2025-05-18 00:00:00,0.48868
2025-05-18 00:15:00,0.45516
2025-05-18 00:30:00,0.30769
2025-05-18 00:45:00,0.32351
2025-05-18 01:00:00,0.40234
2025-05-18 01:15:00,0.45883
2025-05-18 01:30:00,0.49801
2025-05-18 01:45:00,0.24808
2025-05-18 02:00:00,0.45196
2025-05-18 02:15:00,0.60958
2025-05-18 02:30:00,0.67442
2025-05-18 02:45:00,0.50415
2025-05-18 03:00:00,0.51251
2025-05-18 03:15:00,0.34646
2025-05-18 03:30:00,0.47543
2025-05-18 03:45:00,0.41794
2025-05-18 04:00:00,0.56607
2025-05-18 04:15:00,0.52024
2025-05-18 04:30:00,0.54002
2025-05-18 04:45:00,0.52761
2025-05-18 05:00:00,0.54524
2025-05-18 05:15:00,0.52870
2025-05-18 05:30:00,0.39219
2025-05-18 05:45:00,0.25144
2025-05-18 06:00:00,0.44492
2025-05-18 06:15:00,0.59608
2025-05-18 06:30:00,0.59290
2025-05-18 06:45:00,0.55906
2025-05-18 07:00:00,0.34884
2025-05-18 07:15:00,0.51917
2025-05-18 07:30:00,0.45664
2025-05-18 07:45:00,0.60367
2025-05-18 08:00:00,0.64854
2025-05-18 08:15:00,0.61994
2025-05-18 08:30:00,0.72018
2025-05-18 08:45:00,0.63108
2025-05-18 09:00:00,0.57761
2025-05-18 09:15:00,0.74650
2025-05-18 09:30:00,0.75431
2025-05-18 09:45:00,0.61528
2025-05-18 10:00:00,0.70522
2025-05-18 10:15:00,0.72851
2025-05-18 10:30:00,0.82253
2025-05-18 10:45:00,0.55355
2025-05-18 11:00:00,0.60676
2025-05-18 11:15:00,0.63065
2025-05-18 11:30:00,0.64426
2025-05-18 11:45:00,0.96483
2025-05-18 12:00:00,0.69823
2025-05-18 12:15:00,0.62847
2025-05-18 12:30:00,0.59344
2025-05-18 12:45:00,0.68536
2025-05-18 13:00:00,0.83892
2025-05-18 13:15:00,0.59805
2025-05-18 13:30:00,0.75847
2025-05-18 13:45:00,0.82076
2025-05-18 14:00:00,0.64473
2025-05-18 14:15:00,0.62226
2025-05-18 14:30:00,0.55350
2025-05-18 14:45:00,0.59588
2025-05-18 15:00:00,0.48480
2025-05-18 15:15:00,0.60892
2025-05-18 15:30:00,0.68779
2025-05-18 15:45:00,0.62720
2025-05-18 16:00:00,0.77145
2025-05-18 16:15:00,0.85691
2025-05-18 16:30:00,0.57880
2025-05-18 16:45:00,0.70249
2025-05-18 17:00:00,0.73724
2025-05-18 17:15:00,0.66708
2025-05-18 17:30:00,0.56151
2025-05-18 17:45:00,0.67337
2025-05-18 18:00:00,0.68256
2025-05-18 18:15:00,0.53484
2025-05-18 18:30:00,0.57562
2025-05-18 18:45:00,0.66346
2025-05-18 19:00:00,0.63382
2025-05-18 19:15:00,0.59824
2025-05-18 19:30:00,0.68962
2025-05-18 19:45:00,0.66011
2025-05-18 20:00:00,0.45807
2025-05-18 20:15:00,0.53405
2025-05-18 20:30:00,0.62508
2025-05-18 20:45:00,0.57019
2025-05-18 21:00:00,0.34602
2025-05-18 21:15:00,0.54543
2025-05-18 21:30:00,0.53024
2025-05-18 21:45:00,0.57212
2025-05-18 22:00:00,0.52239
2025-05-18 22:15:00,0.82368
2025-05-18 22:30:00,0.52243
2025-05-18 22:45:00,0.53503
2025-05-18 23:00:00,0.54906
2025-05-18 23:15:00,0.60378
2025-05-18 23:30:00,0.71730
2025-05-18 23:45:00,0.58589
2025-05-19 00:00:00,0.45040
2025-05-19 00:15:00,0.57997
2025-05-19 00:30:00,0.44604
2025-05-19 00:45:00,0.57333
2025-05-19 01:00:00,0.60500
2025-05-19 01:15:00,0.46536
2025-05-19 01:30:00,0.38747
2025-05-19 01:45:00,0.55051
2025-05-19 02:00:00,0.54707
2025-05-19 02:15:00,0.48633
2025-05-19 02:30:00,0.51251
2025-05-19 02:45:00,0.40394
2025-05-19 03:00:00,0.38526
2025-05-19 03:15:00,0.47295
2025-05-19 03:30:00,0.48114
2025-05-19 03:45:00,0.58163
2025-05-19 04:00:00,0.61382
2025-05-19 04:15:00,0.35834
2025-05-19 04:30:00,0.52825
2025-05-19 04:45:00,0.51627
2025-05-19 05:00:00,0.40110
2025-05-19 05:15:00,0.73010
2025-05-19 05:30:00,0.68579
2025-05-19 05:45:00,0.56756
2025-05-19 06:00:00,0.53438
2025-05-19 06:15:00,0.77818
2025-05-19 06:30:00,0.88391
2025-05-19 06:45:00,0.65303
2025-05-19 07:00:00,0.67685
2025-05-19 07:15:00,0.52233
2025-05-19 07:30:00,0.47279
2025-05-19 07:45:00,0.72144
2025-05-19 08:00:00,0.68188
2025-05-19 08:15:00,0.79718
2025-05-19 08:30:00,0.87002
2025-05-19 08:45:00,0.67832
2025-05-19 09:00:00,0.68481
2025-05-19 09:15:00,0.50928
2025-05-19 09:30:00,0.62979
2025-05-19 09:45:00,0.63156
2025-05-19 10:00:00,0.44903
2025-05-19 10:15:00,0.58276
2025-05-19 10:30:00,0.59722
2025-05-19 10:45:00,0.44935
2025-05-19 11:00:00,0.70866
2025-05-19 11:15:00,0.73502
2025-05-19 11:30:00,0.64454
2025-05-19 11:45:00,0.61881
2025-05-19 12:00:00,0.69836
2025-05-19 12:15:00,0.64125
2025-05-19 12:30:00,0.65395
2025-05-19 12:45:00,0.67294
2025-05-19 13:00:00,0.82107
2025-05-19 13:15:00,0.62252
2025-05-19 13:30:00,0.59385
2025-05-19 13:45:00,0.64896
2025-05-19 14:00:00,0.69047
2025-05-19 14:15:00,0.68906
2025-05-19 14:30:00,0.70405
2025-05-19 14:45:00,0.66110
2025-05-19 15:00:00,0.69264
2025-05-19 15:15:00,0.78754
2025-05-19 15:30:00,0.58731
2025-05-19 15:45:00,0.61135
2025-05-19 16:00:00,0.70301
2025-05-19 16:15:00,0.60421
2025-05-19 16:30:00,0.56051
2025-05-19 16:45:00,0.61719
2025-05-19 17:00:00,0.68650
2025-05-19 17:15:00,0.72728
2025-05-19 17:30:00,0.78469
2025-05-19 17:45:00,0.74128
2025-05-19 18:00:00,0.58029
2025-05-19 18:15:00,0.56503
2025-05-19 18:30:00,0.66514
2025-05-19 18:45:00,0.67383
2025-05-19 19:00:00,0.57615
2025-05-19 19:15:00,0.60465
2025-05-19 19:30:00,0.56929
2025-05-19 19:45:00,0.46957
2025-05-19 20:00:00,0.43605
2025-05-19 20:15:00,0.51836
2025-05-19 20:30:00,0.52600
2025-05-19 20:45:00,0.67505
2025-05-19 21:00:00,0.69342
2025-05-19 21:15:00,0.69720
2025-05-19 21:30:00,0.61406
2025-05-19 21:45:00,0.81881
2025-05-19 22:00:00,0.60428
2025-05-19 22:15:00,0.61290
2025-05-19 22:30:00,0.31878
2025-05-19 22:45:00,0.56583
2025-05-19 23:00:00,0.61949
2025-05-19 23:15:00,0.62727
2025-05-19 23:30:00,0.65485
2025-05-19 23:45:00,0.56519
2025-05-20 00:00:00,0.50967
2025-05-20 00:15:00,0.46552
2025-05-20 00:30:00,0.46639
2025-05-20 00:45:00,0.39867
2025-05-20 01:00:00,0.35996
2025-05-20 01:15:00,0.50867
2025-05-20 01:30:00,0.60766
2025-05-20 01:45:00,0.59205
2025-05-20 02:00:00,0.69066
2025-05-20 02:15:00,0.63850
2025-05-20 02:30:00,0.53246
2025-05-20 02:45:00,0.53873
2025-05-20 03:00:00,0.37826
2025-05-20 03:15:00,0.53766
2025-05-20 03:30:00,0.53031
2025-05-20 03:45:00,0.58583
2025-05-20 04:00:00,0.64860
2025-05-20 04:15:00,0.68298
2025-05-20 04:30:00,0.55979
2025-05-20 04:45:00,0.40660
2025-05-20 05:00:00,0.44626
2025-05-20 05:15:00,0.34105
2025-05-20 05:30:00,0.48266
2025-05-20 05:45:00,0.60451
2025-05-20 06:00:00,0.54308
2025-05-20 06:15:00,0.47775
2025-05-20 06:30:00,0.57731
2025-05-20 06:45:00,0.66081
2025-05-20 07:00:00,0.75809
2025-05-20 07:15:00,0.36263
2025-05-20 07:30:00,0.48335
2025-05-20 07:45:00,0.53023
2025-05-20 08:00:00,0.57253
2025-05-20 08:15:00,0.67499
2025-05-20 08:30:00,0.64123
2025-05-20 08:45:00,0.66469
2025-05-20 09:00:00,0.56323
2025-05-20 09:15:00,0.51470
2025-05-20 09:30:00,0.57913
2025-05-20 09:45:00,0.60649
2025-05-20 10:00:00,0.59293
2025-05-20 10:15:00,0.53740
2025-05-20 10:30:00,0.35494
2025-05-20 10:45:00,0.45386
2025-05-20 11:00:00,0.58790
2025-05-20 11:15:00,0.44499
2025-05-20 11:30:00,0.61251
2025-05-20 11:45:00,0.69315
2025-05-20 12:00:00,0.82808
2025-05-20 12:15:00,0.57040
2025-05-20 12:30:00,0.60479
2025-05-20 12:45:00,0.73762
2025-05-20 13:00:00,0.52247
2025-05-20 13:15:00,0.57746
2025-05-20 13:30:00,0.39811
2025-05-20 13:45:00,0.51425
2025-05-20 14:00:00,0.50084
2025-05-20 14:15:00,0.44010
2025-05-20 14:30:00,0.51796
2025-05-20 14:45:00,0.78159
2025-05-20 15:00:00,0.92381
2025-05-20 15:15:00,0.78752
2025-05-20 15:30:00,0.78897
2025-05-20 15:45:00,0.80768
2025-05-20 16:00:00,0.73490
2025-05-20 16:15:00,0.78514
2025-05-20 16:30:00,0.68114
2025-05-20 16:45:00,0.62222
2025-05-20 17:00:00,0.81379
2025-05-20 17:15:00,0.71645
2025-05-20 17:30:00,0.64032
2025-05-20 17:45:00,0.78071
2025-05-20 18:00:00,0.67511
2025-05-20 18:15:00,0.66777
2025-05-20 18:30:00,0.79263
2025-05-20 18:45:00,0.60122
2025-05-20 19:00:00,0.66725
2025-05-20 19:15:00,0.64741
2025-05-20 19:30:00,0.44418
2025-05-20 19:45:00,0.49713
2025-05-20 20:00:00,0.66319
2025-05-20 20:15:00,0.71747
2025-05-20 20:30:00,0.51385
2025-05-20 20:45:00,0.68012
2025-05-20 21:00:00,0.81762
2025-05-20 21:15:00,0.57510
2025-05-20 21:30:00,0.77572
2025-05-20 21:45:00,0.68305
2025-05-20 22:00:00,0.74046
2025-05-20 22:15:00,0.42833
2025-05-20 22:30:00,0.34304
2025-05-20 22:45:00,0.54681
2025-05-20 23:00:00,0.61790
2025-05-20 23:15:00,0.46289
2025-05-20 23:30:00,0.45228
2025-05-20 23:45:00,0.47688
2025-05-21 00:00:00,0.32168
2025-05-21 00:15:00,0.50186
2025-05-21 00:30:00,0.37341
2025-05-21 00:45:00,0.38984
2025-05-21 01:00:00,0.61239
2025-05-21 01:15:00,0.48096
2025-05-21 01:30:00,0.54896
2025-05-21 01:45:00,0.70679
2025-05-21 02:00:00,0.55303
2025-05-21 02:15:00,0.61197
2025-05-21 02:30:00,0.71472
2025-05-21 02:45:00,0.64806
2025-05-21 03:00:00,0.68547
2025-05-21 03:15:00,0.45114
2025-05-21 03:30:00,0.51375
2025-05-21 03:45:00,0.35166
2025-05-21 04:00:00,0.47155
2025-05-21 04:15:00,0.53088
2025-05-21 04:30:00,0.69796
2025-05-21 04:45:00,0.65697
2025-05-21 05:00:00,0.40633
2025-05-21 05:15:00,0.48406
2025-05-21 05:30:00,0.41308
2025-05-21 05:45:00,0.38988
2025-05-21 06:00:00,0.46157
2025-05-21 06:15:00,0.60613
2025-05-21 06:30:00,0.51086
2025-05-21 06:45:00,0.49952
2025-05-21 07:00:00,0.61167
2025-05-21 07:15:00,0.63460
2025-05-21 07:30:00,0.55754
2025-05-21 07:45:00,0.69167
2025-05-21 08:00:00,0.58639
2025-05-21 08:15:00,0.57207
2025-05-21 08:30:00,0.52613
2025-05-21 08:45:00,0.66755
2025-05-21 09:00:00,0.78453
2025-05-21 09:15:00,0.60401
2025-05-21 09:30:00,0.61928
2025-05-21 09:45:00,0.61717
2025-05-21 10:00:00,0.67195
2025-05-21 10:15:00,0.59110
2025-05-21 10:30:00,0.68463
2025-05-21 10:45:00,0.74320
2025-05-21 11:00:00,0.54096
2025-05-21 11:15:00,0.54902
2025-05-21 11:30:00,0.71352
2025-05-21 11:45:00,0.53927
2025-05-21 12:00:00,0.72426
2025-05-21 12:15:00,0.56239
2025-05-21 12:30:00,0.69679
2025-05-21 12:45:00,0.55030
2025-05-21 13:00:00,0.66537
2025-05-21 13:15:00,0.41594
2025-05-21 13:30:00,0.43836
2025-05-21 13:45:00,0.57282
2025-05-21 14:00:00,0.57415
2025-05-21 14:15:00,0.70161
2025-05-21 14:30:00,0.76404
2025-05-21 14:45:00,0.61393
2025-05-21 15:00:00,0.68728
2025-05-21 15:15:00,0.67407
2025-05-21 15:30:00,0.49281
2025-05-21 15:45:00,0.42644
2025-05-21 16:00:00,0.53370
2025-05-21 16:15:00,0.69862
2025-05-21 16:30:00,0.80597
2025-05-21 16:45:00,0.94277
2025-05-21 17:00:00,0.83809
2025-05-21 17:15:00,0.82533
2025-05-21 17:30:00,0.84160
2025-05-21 17:45:00,0.81515
2025-05-21 18:00:00,0.70087
2025-05-21 18:15:00,0.72323
2025-05-21 18:30:00,0.58857
2025-05-21 18:45:00,0.51041
2025-05-21 19:00:00,0.73816
2025-05-21 19:15:00,0.69826
2025-05-21 19:30:00,0.78407
2025-05-21 19:45:00,0.74301
2025-05-21 20:00:00,0.47570
2025-05-21 20:15:00,0.61870
2025-05-21 20:30:00,0.60896
2025-05-21 20:45:00,0.53412
2025-05-21 21:00:00,0.55705
2025-05-21 21:15:00,0.55252
2025-05-21 21:30:00,0.56589
2025-05-21 21:45:00,0.37483
2025-05-21 22:00:00,0.52779
2025-05-21 22:15:00,0.30879
2025-05-21 22:30:00,0.46489
2025-05-21 22:45:00,0.60126
2025-05-21 23:00:00,0.47456
2025-05-21 23:15:00,0.62892
2025-05-21 23:30:00,0.63594
2025-05-21 23:45:00,0.43156
2025-05-22 00:00:00,0.54471
2025-05-22 00:15:00,0.35349
2025-05-22 00:30:00,0.42845
2025-05-22 00:45:00,0.55617
2025-05-22 01:00:00,0.50448
2025-05-22 01:15:00,0.37981
2025-05-22 01:30:00,0.31584
2025-05-22 01:45:00,0.49323
2025-05-22 02:00:00,0.46940
2025-05-22 02:15:00,0.58995
2025-05-22 02:30:00,0.54124
2025-05-22 02:45:00,0.51437
2025-05-22 03:00:00,0.60418
2025-05-22 03:15:00,0.57723
2025-05-22 03:30:00,0.48140
2025-05-22 03:45:00,0.53442
2025-05-22 04:00:00,0.57446
2025-05-22 04:15:00,0.37451
2025-05-22 04:30:00,0.42002
2025-05-22 04:45:00,0.32378
2025-05-22 05:00:00,0.50849
2025-05-22 05:15:00,0.56678
2025-05-22 05:30:00,0.47940
2025-05-22 05:45:00,0.50575
2025-05-22 06:00:00,0.55870
2025-05-22 06:15:00,0.59976
2025-05-22 06:30:00,0.57678
2025-05-22 06:45:00,0.34788
2025-05-22 07:00:00,0.42201
2025-05-22 07:15:00,0.55607
2025-05-22 07:30:00,0.49408
2025-05-22 07:45:00,0.62357
2025-05-22 08:00:00,0.57399
2025-05-22 08:15:00,0.54906
2025-05-22 08:30:00,0.70460
2025-05-22 08:45:00,0.54192
2025-05-22 09:00:00,0.37839
2025-05-22 09:15:00,0.51163
2025-05-22 09:30:00,0.63983
2025-05-22 09:45:00,0.65292
2025-05-22 10:00:00,0.56662
2025-05-22 10:15:00,0.51229
2025-05-22 10:30:00,0.48769
2025-05-22 10:45:00,0.63259
2025-05-22 11:00:00,0.55399
2025-05-22 11:15:00,0.58530
2025-05-22 11:30:00,0.65137
2025-05-22 11:45:00,0.68107
2025-05-22 12:00:00,0.67529
2025-05-22 12:15:00,0.67324
2025-05-22 12:30:00,0.58366
2025-05-22 12:45:00,0.71232
2025-05-22 13:00:00,0.61996
2025-05-22 13:15:00,0.71936
2025-05-22 13:30:00,0.75837
2025-05-22 13:45:00,0.68405
2025-05-22 14:00:00,0.62520
2025-05-22 14:15:00,0.75053
2025-05-22 14:30:00,0.62446
2025-05-22 14:45:00,0.64860
2025-05-22 15:00:00,0.85979
2025-05-22 15:15:00,0.74348
2025-05-22 15:30:00,0.60093
2025-05-22 15:45:00,0.61641
2025-05-22 16:00:00,0.81183
2025-05-22 16:15:00,0.60711
2025-05-22 16:30:00,0.65578
2025-05-22 16:45:00,0.71326
2025-05-22 17:00:00,0.62034
2025-05-22 17:15:00,0.56991
2025-05-22 17:30:00,0.69441
2025-05-22 17:45:00,0.65234
2025-05-22 18:00:00,0.60477
2025-05-22 18:15:00,0.68339
2025-05-22 18:30:00,0.64882
2025-05-22 18:45:00,0.66019
2025-05-22 19:00:00,0.68767
2025-05-22 19:15:00,0.54643
2025-05-22 19:30:00,0.61867
2025-05-22 19:45:00,0.67699
2025-05-22 20:00:00,0.65142
2025-05-22 20:15:00,0.72983
2025-05-22 20:30:00,0.76849
2025-05-22 20:45:00,0.65986
2025-05-22 21:00:00,0.51812
2025-05-22 21:15:00,0.75167
2025-05-22 21:30:00,0.46843
2025-05-22 21:45:00,0.45650
2025-05-22 22:00:00,0.61381
2025-05-22 22:15:00,0.62131
2025-05-22 22:30:00,0.76349
2025-05-22 22:45:00,0.56942
2025-05-22 23:00:00,0.69562
2025-05-22 23:15:00,0.72340
2025-05-22 23:30:00,0.62601
2025-05-22 23:45:00,0.61933
2025-05-23 00:00:00,0.56466
2025-05-23 00:15:00,0.56646
2025-05-23 00:30:00,0.50782
2025-05-23 00:45:00,0.48315
2025-05-23 01:00:00,0.45840
2025-05-23 01:15:00,0.45658
2025-05-23 01:30:00,0.41347
2025-05-23 01:45:00,0.54474
2025-05-23 02:00:00,0.66471
2025-05-23 02:15:00,0.55997
2025-05-23 02:30:00,0.48998
2025-05-23 02:45:00,0.40074
2025-05-23 03:00:00,0.37275
2025-05-23 03:15:00,0.70832
2025-05-23 03:30:00,0.67775
2025-05-23 03:45:00,0.63713
2025-05-23 04:00:00,0.73373
2025-05-23 04:15:00,0.57066
2025-05-23 04:30:00,0.46314
2025-05-23 04:45:00,0.49804
2025-05-23 05:00:00,0.62343
2025-05-23 05:15:00,0.35451
2025-05-23 05:30:00,0.33099
2025-05-23 05:45:00,0.62438
2025-05-23 06:00:00,0.44947
2025-05-23 06:15:00,0.47298
2025-05-23 06:30:00,0.67634
2025-05-23 06:45:00,0.59089
2025-05-23 07:00:00,0.72702
2025-05-23 07:15:00,0.67514
2025-05-23 07:30:00,0.69495
2025-05-23 07:45:00,0.61628
2025-05-23 08:00:00,0.65517
2025-05-23 08:15:00,0.53751
2025-05-23 08:30:00,0.52123
2025-05-23 08:45:00,0.70894
2025-05-23 09:00:00,0.55342
2025-05-23 09:15:00,0.43094
2025-05-23 09:30:00,0.53375
2025-05-23 09:45:00,0.58307
2025-05-23 10:00:00,0.74385
2025-05-23 10:15:00,0.64367
2025-05-23 10:30:00,0.66364
2025-05-23 10:45:00,0.56976
2025-05-23 11:00:00,0.51778
2025-05-23 11:15:00,0.58030
2025-05-23 11:30:00,0.61534
2025-05-23 11:45:00,0.61910
2025-05-23 12:00:00,0.62620
2025-05-23 12:15:00,0.68181
2025-05-23 12:30:00,0.69534
2025-05-23 12:45:00,0.75904
2025-05-23 13:00:00,0.68855
2025-05-23 13:15:00,0.75629
2025-05-23 13:30:00,0.70381
2025-05-23 13:45:00,0.72631
2025-05-23 14:00:00,0.55163
2025-05-23 14:15:00,0.72525
2025-05-23 14:30:00,0.70974
2025-05-23 14:45:00,0.74573
2025-05-23 15:00:00,0.58336
2025-05-23 15:15:00,0.61469
2025-05-23 15:30:00,0.49634
2025-05-23 15:45:00,0.75281
2025-05-23 16:00:00,0.71252
2025-05-23 16:15:00,0.60759
2025-05-23 16:30:00,0.57104
2025-05-23 16:45:00,0.56501
2025-05-23 17:00:00,0.63276
2025-05-23 17:15:00,0.59643
2025-05-23 17:30:00,0.60661
2025-05-23 17:45:00,0.64022
2025-05-23 18:00:00,0.58099
2025-05-23 18:15:00,0.46281
2025-05-23 18:30:00,0.72972
2025-05-23 18:45:00,0.62528
2025-05-23 19:00:00,0.68310
2025-05-23 19:15:00,0.70627
2025-05-23 19:30:00,0.54036
2025-05-23 19:45:00,0.66598
2025-05-23 20:00:00,0.47645
2025-05-23 20:15:00,0.61698
2025-05-23 20:30:00,0.57905
2025-05-23 20:45:00,0.54739
2025-05-23 21:00:00,0.61689
2025-05-23 21:15:00,0.56975
2025-05-23 21:30:00,0.86429
2025-05-23 21:45:00,0.56882
2025-05-23 22:00:00,0.42949
2025-05-23 22:15:00,0.53914
2025-05-23 22:30:00,0.53756
2025-05-23 22:45:00,0.64215
2025-05-23 23:00:00,0.53656
2025-05-23 23:15:00,0.66308
2025-05-23 23:30:00,0.74087
2025-05-23 23:45:00,0.58415
2025-05-24 00:00:00,0.60462
2025-05-24 00:15:00,0.68123
2025-05-24 00:30:00,0.66945
2025-05-24 00:45:00,0.51462
2025-05-24 01:00:00,0.60266
2025-05-24 01:15:00,0.58546
2025-05-24 01:30:00,0.41161
2025-05-24 01:45:00,0.62424
2025-05-24 02:00:00,0.61201
2025-05-24 02:15:00,0.60877
2025-05-24 02:30:00,0.53746
2025-05-24 02:45:00,0.49808
2025-05-24 03:00:00,0.48027
2025-05-24 03:15:00,0.61469
2025-05-24 03:30:00,0.51107
2025-05-24 03:45:00,0.44214
2025-05-24 04:00:00,0.40607
2025-05-24 04:15:00,0.38107
2025-05-24 04:30:00,0.54121
2025-05-24 04:45:00,0.67648
2025-05-24 05:00:00,0.51959
2025-05-24 05:15:00,0.50363
2025-05-24 05:30:00,0.38881
2025-05-24 05:45:00,0.64513
2025-05-24 06:00:00,0.66008
2025-05-24 06:15:00,0.52536
2025-05-24 06:30:00,0.72207
2025-05-24 06:45:00,0.60767
2025-05-24 07:00:00,0.43693
2025-05-24 07:15:00,0.53981
2025-05-24 07:30:00,0.44378
2025-05-24 07:45:00,0.65233
2025-05-24 08:00:00,0.56305
2025-05-24 08:15:00,0.56671
2025-05-24 08:30:00,0.54420
2025-05-24 08:45:00,0.58637
2025-05-24 09:00:00,0.60204
2025-05-24 09:15:00,0.53231
2025-05-24 09:30:00,0.80336
2025-05-24 09:45:00,0.64179
2025-05-24 10:00:00,0.69705
2025-05-24 10:15:00,0.52484
2025-05-24 10:30:00,0.53688
2025-05-24 10:45:00,0.71472
2025-05-24 11:00:00,0.35014
2025-05-24 11:15:00,0.50056
2025-05-24 11:30:00,0.58759
2025-05-24 11:45:00,0.71672
2025-05-24 12:00:00,0.85129
2025-05-24 12:15:00,0.54972
2025-05-24 12:30:00,0.65942
2025-05-24 12:45:00,0.77119
2025-05-24 13:00:00,0.91377
2025-05-24 13:15:00,0.77494
2025-05-24 13:30:00,0.59366
2025-05-24 13:45:00,0.56737
2025-05-24 14:00:00,0.62738
2025-05-24 14:15:00,0.59288
2025-05-24 14:30:00,0.70436
2025-05-24 14:45:00,0.51992
2025-05-24 15:00:00,0.59098
2025-05-24 15:15:00,0.65178
2025-05-24 15:30:00,0.49465
2025-05-24 15:45:00,0.66084
2025-05-24 16:00:00,0.65700
2025-05-24 16:15:00,0.78558
2025-05-24 16:30:00,0.73816
2025-05-24 16:45:00,0.65329
2025-05-24 17:00:00,0.63317
2025-05-24 17:15:00,0.63007
2025-05-24 17:30:00,0.67669
2025-05-24 17:45:00,0.67094
2025-05-24 18:00:00,0.61184
2025-05-24 18:15:00,0.87332
2025-05-24 18:30:00,0.71494
2025-05-24 18:45:00,0.51536
2025-05-24 19:00:00,0.68882
2025-05-24 19:15:00,0.68086
2025-05-24 19:30:00,0.47225
2025-05-24 19:45:00,0.50927
2025-05-24 20:00:00,0.45517
2025-05-24 20:15:00,0.42889
2025-05-24 20:30:00,0.55409
2025-05-24 20:45:00,0.48030
2025-05-24 21:00:00,0.50074
2025-05-24 21:15:00,0.67628
2025-05-24 21:30:00,0.38448
2025-05-24 21:45:00,0.51180
2025-05-24 22:00:00,0.35809
2025-05-24 22:15:00,0.46053
2025-05-24 22:30:00,0.57683
2025-05-24 22:45:00,0.67365
2025-05-24 23:00:00,0.40507
2025-05-24 23:15:00,0.20308
2025-05-24 23:30:00,0.56274
2025-05-24 23:45:00,0.53921
2025-05-25 00:00:00,0.44218
2025-05-25 00:15:00,0.48884
2025-05-25 00:30:00,0.63425
2025-05-25 00:45:00,0.49240
2025-05-25 01:00:00,0.49263
2025-05-25 01:15:00,0.44398
2025-05-25 01:30:00,0.48593
2025-05-25 01:45:00,0.60052
2025-05-25 02:00:00,0.41993
2025-05-25 02:15:00,0.34765
2025-05-25 02:30:00,0.34239
2025-05-25 02:45:00,0.48203
2025-05-25 03:00:00,0.61775
2025-05-25 03:15:00,0.62622
2025-05-25 03:30:00,0.67111
2025-05-25 03:45:00,0.47185
2025-05-25 04:00:00,0.54344
2025-05-25 04:15:00,0.69952
2025-05-25 04:30:00,0.60906
2025-05-25 04:45:00,0.63564
2025-05-25 05:00:00,0.56634
2025-05-25 05:15:00,0.65302
2025-05-25 05:30:00,0.64179
2025-05-25 05:45:00,0.52625
2025-05-25 06:00:00,0.61746
2025-05-25 06:15:00,0.56427
2025-05-25 06:30:00,0.54394
2025-05-25 06:45:00,0.60300
2025-05-25 07:00:00,0.67968
2025-05-25 07:15:00,0.63212
2025-05-25 07:30:00,0.76031
2025-05-25 07:45:00,0.81351
2025-05-25 08:00:00,0.67035
2025-05-25 08:15:00,0.57889
2025-05-25 08:30:00,0.65237
2025-05-25 08:45:00,0.61702
2025-05-25 09:00:00,0.68900
2025-05-25 09:15:00,0.68087
2025-05-25 09:30:00,0.67534
2025-05-25 09:45:00,0.65841
2025-05-25 10:00:00,0.71608
2025-05-25 10:15:00,0.61422
2025-05-25 10:30:00,0.58339
2025-05-25 10:45:00,0.69408
2025-05-25 11:00:00,0.65083
2025-05-25 11:15:00,0.60394
2025-05-25 11:30:00,0.54131
2025-05-25 11:45:00,0.63471
2025-05-25 12:00:00,0.45873
2025-05-25 12:15:00,0.74035
2025-05-25 12:30:00,0.71208
2025-05-25 12:45:00,0.68938
2025-05-25 13:00:00,0.63819
2025-05-25 13:15:00,0.72050
2025-05-25 13:30:00,0.70016
2025-05-25 13:45:00,0.81375
2025-05-25 14:00:00,0.61595
2025-05-25 14:15:00,0.72213
2025-05-25 14:30:00,0.82224
2025-05-25 14:45:00,0.76146
2025-05-25 15:00:00,0.96128
2025-05-25 15:15:00,0.84517
2025-05-25 15:30:00,0.80633
2025-05-25 15:45:00,0.49120
2025-05-25 16:00:00,0.58761
2025-05-25 16:15:00,0.78915
2025-05-25 16:30:00,0.74312
2025-05-25 16:45:00,0.67643
2025-05-25 17:00:00,0.65851
2025-05-25 17:15:00,0.70745
2025-05-25 17:30:00,0.69843
2025-05-25 17:45:00,0.48908
2025-05-25 18:00:00,0.57894
2025-05-25 18:15:00,0.68117
2025-05-25 18:30:00,0.51005
2025-05-25 18:45:00,0.67349
2025-05-25 19:00:00,0.52132
2025-05-25 19:15:00,0.65023
2025-05-25 19:30:00,0.72187
2025-05-25 19:45:00,0.66283
2025-05-25 20:00:00,0.57217
2025-05-25 20:15:00,0.64900
2025-05-25 20:30:00,0.64556
2025-05-25 20:45:00,0.46365
2025-05-25 21:00:00,0.46830
2025-05-25 21:15:00,0.56095
2025-05-25 21:30:00,0.64742
2025-05-25 21:45:00,0.71997
2025-05-25 22:00:00,0.67700
2025-05-25 22:15:00,0.62943
2025-05-25 22:30:00,0.48002
2025-05-25 22:45:00,0.50662
2025-05-25 23:00:00,0.46589
2025-05-25 23:15:00,0.36419
2025-05-25 23:30:00,0.21612
2025-05-25 23:45:00,0.43554
2025-05-26 00:00:00,0.38808
2025-05-26 00:15:00,0.43563
2025-05-26 00:30:00,0.56040
2025-05-26 00:45:00,0.58462
2025-05-26 01:00:00,0.54002
2025-05-26 01:15:00,0.48602
2025-05-26 01:30:00,0.57839
2025-05-26 01:45:00,0.69933
2025-05-26 02:00:00,0.56473
2025-05-26 02:15:00,0.50450
2025-05-26 02:30:00,0.35412
2025-05-26 02:45:00,0.48825
2025-05-26 03:00:00,0.32476
2025-05-26 03:15:00,0.47464
2025-05-26 03:30:00,0.66367
2025-05-26 03:45:00,0.54917
2025-05-26 04:00:00,0.61715
2025-05-26 04:15:00,0.32281
2025-05-26 04:30:00,0.52798
2025-05-26 04:45:00,0.44972
2025-05-26 05:00:00,0.49637
2025-05-26 05:15:00,0.46993
2025-05-26 05:30:00,0.42611
2025-05-26 05:45:00,0.65253
2025-05-26 06:00:00,0.57546
2025-05-26 06:15:00,0.51373
2025-05-26 06:30:00,0.66451
2025-05-26 06:45:00,0.73166
2025-05-26 07:00:00,0.41983
2025-05-26 07:15:00,0.41085
2025-05-26 07:30:00,0.41425
2025-05-26 07:45:00,0.58572
2025-05-26 08:00:00,0.55658
2025-05-26 08:15:00,0.59796
2025-05-26 08:30:00,0.63983
2025-05-26 08:45:00,0.59138
2025-05-26 09:00:00,0.81241
2025-05-26 09:15:00,0.78894
2025-05-26 09:30:00,0.71052
2025-05-26 09:45:00,0.48065
2025-05-26 10:00:00,0.48086
2025-05-26 10:15:00,0.61193
2025-05-26 10:30:00,0.73248
2025-05-26 10:45:00,0.68310
2025-05-26 11:00:00,0.72206
2025-05-26 11:15:00,0.81410
2025-05-26 11:30:00,0.54400
2025-05-26 11:45:00,0.66065
2025-05-26 12:00:00,0.71798
2025-05-26 12:15:00,0.68322
2025-05-26 12:30:00,0.66733
2025-05-26 12:45:00,0.80741
2025-05-26 13:00:00,0.67708
2025-05-26 13:15:00,0.68232
2025-05-26 13:30:00,0.60045
2025-05-26 13:45:00,0.76629
2025-05-26 14:00:00,0.64833
2025-05-26 14:15:00,0.78842
2025-05-26 14:30:00,0.78276
2025-05-26 14:45:00,0.57419
2025-05-26 15:00:00,0.57689
2025-05-26 15:15:00,0.70119
2025-05-26 15:30:00,0.77487
2025-05-26 15:45:00,0.89333
2025-05-26 16:00:00,0.85033
2025-05-26 16:15:00,0.81847
2025-05-26 16:30:00,0.64764
2025-05-26 16:45:00,0.61425
2025-05-26 17:00:00,0.67846
2025-05-26 17:15:00,0.83469
2025-05-26 17:30:00,0.58434
2025-05-26 17:45:00,0.84706
2025-05-26 18:00:00,0.67862
2025-05-26 18:15:00,0.52629
2025-05-26 18:30:00,0.64949
2025-05-26 18:45:00,0.61109
2025-05-26 19:00:00,0.54637
2025-05-26 19:15:00,0.69716
2025-05-26 19:30:00,0.59157
2025-05-26 19:45:00,0.60114
2025-05-26 20:00:00,0.49137
2025-05-26 20:15:00,0.65473
2025-05-26 20:30:00,0.42336
2025-05-26 20:45:00,0.65762
2025-05-26 21:00:00,0.47324
2025-05-26 21:15:00,0.52228
2025-05-26 21:30:00,0.53033
2025-05-26 21:45:00,0.62929
2025-05-26 22:00:00,0.76868
2025-05-26 22:15:00,0.72442
2025-05-26 22:30:00,0.60621
2025-05-26 22:45:00,0.44163
2025-05-26 23:00:00,0.61589
2025-05-26 23:15:00,0.47739
2025-05-26 23:30:00,0.50762
2025-05-26 23:45:00,0.42988
2025-05-27 00:00:00,0.59293
2025-05-27 00:15:00,0.62321
2025-05-27 00:30:00,0.42842
2025-05-27 00:45:00,0.47528
2025-05-27 01:00:00,0.48955
2025-05-27 01:15:00,0.63339
2025-05-27 01:30:00,0.54776
2025-05-27 01:45:00,0.55145
2025-05-27 02:00:00,0.67439
2025-05-27 02:15:00,0.67793
2025-05-27 02:30:00,0.44667
2025-05-27 02:45:00,0.68872
2025-05-27 03:00:00,0.51521
2025-05-27 03:15:00,0.42085
2025-05-27 03:30:00,0.49558
2025-05-27 03:45:00,0.58437
2025-05-27 04:00:00,0.51480
2025-05-27 04:15:00,0.62036
2025-05-27 04:30:00,0.58382
2025-05-27 04:45:00,0.61552
2025-05-27 05:00:00,0.75659
2025-05-27 05:15:00,0.62125
2025-05-27 05:30:00,0.63458
2025-05-27 05:45:00,0.73596
2025-05-27 06:00:00,0.75258
2025-05-27 06:15:00,0.76749
2025-05-27 06:30:00,0.65031
2025-05-27 06:45:00,0.64140
2025-05-27 07:00:00,0.54781
2025-05-27 07:15:00,0.47605
2025-05-27 07:30:00,0.60717
2025-05-27 07:45:00,0.46197
2025-05-27 08:00:00,0.63312
2025-05-27 08:15:00,0.62204
2025-05-27 08:30:00,0.58507
2025-05-27 08:45:00,0.60017
2025-05-27 09:00:00,0.58612
2025-05-27 09:15:00,0.67164
2025-05-27 09:30:00,0.55104
2025-05-27 09:45:00,0.58033
2025-05-27 10:00:00,0.66493
2025-05-27 10:15:00,0.70629
2025-05-27 10:30:00,0.50355
2025-05-27 10:45:00,0.74476
2025-05-27 11:00:00,0.59972
2025-05-27 11:15:00,0.50879
2025-05-27 11:30:00,0.56411
2025-05-27 11:45:00,0.60713
2025-05-27 12:00:00,0.59169
2025-05-27 12:15:00,0.72610
2025-05-27 12:30:00,0.60615
2025-05-27 12:45:00,0.59671
2025-05-27 13:00:00,0.61822
2025-05-27 13:15:00,0.54953
2025-05-27 13:30:00,0.58583
2025-05-27 13:45:00,0.76715
2025-05-27 14:00:00,0.84937
2025-05-27 14:15:00,0.81211
2025-05-27 14:30:00,0.77815
2025-05-27 14:45:00,0.63460
2025-05-27 15:00:00,0.65177
2025-05-27 15:15:00,0.82615
2025-05-27 15:30:00,0.74291
2025-05-27 15:45:00,0.75406
2025-05-27 16:00:00,0.83708
2025-05-27 16:15:00,0.69368
2025-05-27 16:30:00,0.70575
2025-05-27 16:45:00,0.68764
2025-05-27 17:00:00,0.64305
2025-05-27 17:15:00,0.47673
2025-05-27 17:30:00,0.28121
2025-05-27 17:45:00,0.41827
2025-05-27 18:00:00,0.61280
2025-05-27 18:15:00,0.41108
2025-05-27 18:30:00,0.65250
2025-05-27 18:45:00,0.73873
2025-05-27 19:00:00,0.59121
2025-05-27 19:15:00,0.57676
2025-05-27 19:30:00,0.46400
2025-05-27 19:45:00,0.65597
2025-05-27 20:00:00,0.55980
2025-05-27 20:15:00,0.48063
2025-05-27 20:30:00,0.41262
2025-05-27 20:45:00,0.57421
2025-05-27 21:00:00,0.43831
2025-05-27 21:15:00,0.38781
2025-05-27 21:30:00,0.71166
2025-05-27 21:45:00,0.61051
2025-05-27 22:00:00,0.78391
2025-05-27 22:15:00,0.66949
2025-05-27 22:30:00,0.54100
2025-05-27 22:45:00,0.49263
2025-05-27 23:00:00,0.60183
2025-05-27 23:15:00,0.64906
2025-05-27 23:30:00,0.70805
2025-05-27 23:45:00,0.76906
2025-05-28 00:00:00,0.48502
2025-05-28 00:15:00,0.54881
2025-05-28 00:30:00,0.57287
2025-05-28 00:45:00,0.43983
2025-05-28 01:00:00,0.40974
2025-05-28 01:15:00,0.32316
2025-05-28 01:30:00,0.45185
2025-05-28 01:45:00,0.36983
2025-05-28 02:00:00,0.64647
2025-05-28 02:15:00,0.59186
2025-05-28 02:30:00,0.58134
2025-05-28 02:45:00,0.54358
2025-05-28 03:00:00,0.70480
2025-05-28 03:15:00,0.58431
2025-05-28 03:30:00,0.61930
2025-05-28 03:45:00,0.59856
2025-05-28 04:00:00,0.45413
2025-05-28 04:15:00,0.50289
2025-05-28 04:30:00,0.54415
2025-05-28 04:45:00,0.57954
2025-05-28 05:00:00,0.64229
2025-05-28 05:15:00,0.60973
2025-05-28 05:30:00,0.65928
2025-05-28 05:45:00,0.56129
2025-05-28 06:00:00,0.47699
2025-05-28 06:15:00,0.43880
2025-05-28 06:30:00,0.58604
2025-05-28 06:45:00,0.71547
2025-05-28 07:00:00,0.57330
2025-05-28 07:15:00,0.39803
2025-05-28 07:30:00,0.54060
2025-05-28 07:45:00,0.50957
2025-05-28 08:00:00,0.67340
2025-05-28 08:15:00,0.65067
2025-05-28 08:30:00,0.56501
2025-05-28 08:45:00,0.65473
2025-05-28 09:00:00,0.67911
2025-05-28 09:15:00,0.69719
2025-05-28 09:30:00,0.57650
2025-05-28 09:45:00,0.83978
2025-05-28 10:00:00,0.64515
2025-05-28 10:15:00,0.69742
2025-05-28 10:30:00,0.83058
2025-05-28 10:45:00,0.94833
2025-05-28 11:00:00,0.78639
2025-05-28 11:15:00,0.81854
2025-05-28 11:30:00,0.72867
2025-05-28 11:45:00,0.67631
2025-05-28 12:00:00,0.71261
2025-05-28 12:15:00,0.60001
2025-05-28 12:30:00,0.72797
2025-05-28 12:45:00,0.54008
2025-05-28 13:00:00,0.54370
2025-05-28 13:15:00,0.68066
2025-05-28 13:30:00,0.82376
2025-05-28 13:45:00,0.72395
2025-05-28 14:00:00,0.54387
2025-05-28 14:15:00,0.73797
2025-05-28 14:30:00,0.53073
2025-05-28 14:45:00,0.45511
2025-05-28 15:00:00,0.61619
2025-05-28 15:15:00,0.66262
2025-05-28 15:30:00,0.63654
2025-05-28 15:45:00,0.62114
2025-05-28 16:00:00,0.70914
2025-05-28 16:15:00,0.72912
2025-05-28 16:30:00,0.64994
2025-05-28 16:45:00,0.53699
2025-05-28 17:00:00,0.68486
2025-05-28 17:15:00,0.68975
2025-05-28 17:30:00,0.50832
2025-05-28 17:45:00,0.82248
2025-05-28 18:00:00,0.67769
2025-05-28 18:15:00,0.45333
2025-05-28 18:30:00,0.50273
2025-05-28 18:45:00,0.47861
2025-05-28 19:00:00,0.31280
2025-05-28 19:15:00,0.58401
2025-05-28 19:30:00,0.52726
2025-05-28 19:45:00,0.49971
2025-05-28 20:00:00,0.60454
2025-05-28 20:15:00,0.62286
2025-05-28 20:30:00,0.58353
2025-05-28 20:45:00,0.69977
2025-05-28 21:00:00,0.68712
2025-05-28 21:15:00,0.49933
2025-05-28 21:30:00,0.56653
2025-05-28 21:45:00,0.50126
2025-05-28 22:00:00,0.54789
2025-05-28 22:15:00,0.60573
2025-05-28 22:30:00,0.60568
2025-05-28 22:45:00,0.61090
2025-05-28 23:00:00,0.43101
2025-05-28 23:15:00,0.46843
2025-05-28 23:30:00,0.50838
2025-05-28 23:45:00,0.43508
2025-05-29 00:00:00,0.38470
2025-05-29 00:15:00,0.31583
2025-05-29 00:30:00,0.36671
2025-05-29 00:45:00,0.50993
2025-05-29 01:00:00,0.50192
2025-05-29 01:15:00,0.45536
2025-05-29 01:30:00,0.39846
2025-05-29 01:45:00,0.52116
2025-05-29 02:00:00,0.44175
2025-05-29 02:15:00,0.41056
2025-05-29 02:30:00,0.56835
2025-05-29 02:45:00,0.56495
2025-05-29 03:00:00,0.55224
2025-05-29 03:15:00,0.57979
2025-05-29 03:30:00,0.50563
2025-05-29 03:45:00,0.66205
2025-05-29 04:00:00,0.55611
2025-05-29 04:15:00,0.65729
2025-05-29 04:30:00,0.43847
2025-05-29 04:45:00,0.56375
2025-05-29 05:00:00,0.30131
2025-05-29 05:15:00,0.44675
2025-05-29 05:30:00,0.38412
2025-05-29 05:45:00,0.41155
2025-05-29 06:00:00,0.53861
2025-05-29 06:15:00,0.55199
2025-05-29 06:30:00,0.59375
2025-05-29 06:45:00,0.59396
2025-05-29 07:00:00,0.53539
2025-05-29 07:15:00,0.58972
2025-05-29 07:30:00,0.65108
2025-05-29 07:45:00,0.69662
2025-05-29 08:00:00,0.52652
2025-05-29 08:15:00,0.70929
2025-05-29 08:30:00,0.60559
2025-05-29 08:45:00,0.63165
2025-05-29 09:00:00,0.61907
2025-05-29 09:15:00,0.75432
2025-05-29 09:30:00,0.64048
2025-05-29 09:45:00,0.62605
2025-05-29 10:00:00,0.67341
2025-05-29 10:15:00,0.63625
2025-05-29 10:30:00,0.62139
2025-05-29 10:45:00,0.62174
2025-05-29 11:00:00,0.66739
2025-05-29 11:15:00,0.88263
2025-05-29 11:30:00,0.79315
2025-05-29 11:45:00,0.65989
2025-05-29 12:00:00,0.62656
2025-05-29 12:15:00,0.64395
2025-05-29 12:30:00,0.61575
2025-05-29 12:45:00,0.33032
2025-05-29 13:00:00,0.52901
2025-05-29 13:15:00,0.62331
2025-05-29 13:30:00,0.73687
2025-05-29 13:45:00,0.60930
2025-05-29 14:00:00,0.83478
2025-05-29 14:15:00,0.59580
2025-05-29 14:30:00,0.58920
2025-05-29 14:45:00,0.70418
2025-05-29 15:00:00,0.78959
2025-05-29 15:15:00,0.69847
2025-05-29 15:30:00,0.70506
2025-05-29 15:45:00,0.73837
2025-05-29 16:00:00,0.73518
2025-05-29 16:15:00,0.75338
2025-05-29 16:30:00,0.60617
2025-05-29 16:45:00,0.47681
2025-05-29 17:00:00,0.69752
2025-05-29 17:15:00,0.64410
2025-05-29 17:30:00,0.65290
2025-05-29 17:45:00,0.43253
2025-05-29 18:00:00,0.51711
2025-05-29 18:15:00,0.62135
2025-05-29 18:30:00,0.56930
2025-05-29 18:45:00,0.48675
2025-05-29 19:00:00,0.33774
2025-05-29 19:15:00,0.60919
2025-05-29 19:30:00,0.63911
2025-05-29 19:45:00,0.58541
2025-05-29 20:00:00,0.51795
2025-05-29 20:15:00,0.74348
2025-05-29 20:30:00,0.52502
2025-05-29 20:45:00,0.52255
2025-05-29 21:00:00,0.62512
2025-05-29 21:15:00,0.48603
2025-05-29 21:30:00,0.58880
2025-05-29 21:45:00,0.42360
2025-05-29 22:00:00,0.59691
2025-05-29 22:15:00,0.58741
2025-05-29 22:30:00,0.54824
2025-05-29 22:45:00,0.50457
2025-05-29 23:00:00,0.43500
2025-05-29 23:15:00,0.54018
2025-05-29 23:30:00,0.41679
2025-05-29 23:45:00,0.36091
2025-05-30 00:00:00,0.41473
2025-05-30 00:15:00,0.58355
2025-05-30 00:30:00,0.70483
2025-05-30 00:45:00,0.64181
2025-05-30 01:00:00,0.73836
2025-05-30 01:15:00,0.57360
2025-05-30 01:30:00,0.61603
2025-05-30 01:45:00,0.70740
2025-05-30 02:00:00,0.63258
2025-05-30 02:15:00,0.51201
2025-05-30 02:30:00,0.64299
2025-05-30 02:45:00,0.49230
2025-05-30 03:00:00,0.63855
2025-05-30 03:15:00,0.43571
2025-05-30 03:30:00,0.68212
2025-05-30 03:45:00,0.49074
2025-05-30 04:00:00,0.47960
2025-05-30 04:15:00,0.68471
2025-05-30 04:30:00,0.47558
2025-05-30 04:45:00,0.52644
2025-05-30 05:00:00,0.58344
2025-05-30 05:15:00,0.62913
2025-05-30 05:30:00,0.53980
2025-05-30 05:45:00,0.47711
2025-05-30 06:00:00,0.53431
2025-05-30 06:15:00,0.48725
2025-05-30 06:30:00,0.52269
2025-05-30 06:45:00,0.53507
2025-05-30 07:00:00,0.53105
2025-05-30 07:15:00,0.72987
2025-05-30 07:30:00,0.78322
2025-05-30 07:45:00,0.62773
2025-05-30 08:00:00,0.70229
2025-05-30 08:15:00,0.68688
2025-05-30 08:30:00,0.66331
2025-05-30 08:45:00,0.64243
2025-05-30 09:00:00,0.78158
2025-05-30 09:15:00,0.45215
2025-05-30 09:30:00,0.56175
2025-05-30 09:45:00,0.68127
2025-05-30 10:00:00,0.74660
2025-05-30 10:15:00,0.68157
2025-05-30 10:30:00,0.68470
2025-05-30 10:45:00,0.63893
2025-05-30 11:00:00,0.71971
2025-05-30 11:15:00,0.58778
2025-05-30 11:30:00,0.62052
2025-05-30 11:45:00,0.60083
2025-05-30 12:00:00,0.69287
2025-05-30 12:15:00,0.57288
2025-05-30 12:30:00,0.54986
2025-05-30 12:45:00,0.66740
2025-05-30 13:00:00,0.86662
2025-05-30 13:15:00,0.61438
2025-05-30 13:30:00,0.77774
2025-05-30 13:45:00,0.78694
2025-05-30 14:00:00,0.82417
2025-05-30 14:15:00,0.84790
2025-05-30 14:30:00,0.89241
2025-05-30 14:45:00,0.58064
2025-05-30 15:00:00,0.74295
2025-05-30 15:15:00,0.59785
2025-05-30 15:30:00,0.46643
2025-05-30 15:45:00,0.73314
2025-05-30 16:00:00,0.76733
2025-05-30 16:15:00,0.73616
2025-05-30 16:30:00,0.58145
2025-05-30 16:45:00,0.66070
2025-05-30 17:00:00,0.70847
2025-05-30 17:15:00,0.55101
2025-05-30 17:30:00,0.71239
2025-05-30 17:45:00,0.59425
2025-05-30 18:00:00,0.62194
2025-05-30 18:15:00,0.57588
2025-05-30 18:30:00,0.67472
2025-05-30 18:45:00,0.46711
2025-05-30 19:00:00,0.44666
2025-05-30 19:15:00,0.40483
2025-05-30 19:30:00,0.73264
2025-05-30 19:45:00,0.69895
2025-05-30 20:00:00,0.57817
2025-05-30 20:15:00,0.48221
2025-05-30 20:30:00,0.53313
2025-05-30 20:45:00,0.66208
2025-05-30 21:00:00,0.56039
2025-05-30 21:15:00,0.54335
2025-05-30 21:30:00,0.65409
2025-05-30 21:45:00,0.62233
2025-05-30 22:00:00,0.54874
2025-05-30 22:15:00,0.67251
2025-05-30 22:30:00,0.45657
2025-05-30 22:45:00,0.53220
2025-05-30 23:00:00,0.50150
2025-05-30 23:15:00,0.27556
2025-05-30 23:30:00,0.43869
2025-05-30 23:45:00,0.36538
2025-05-31 00:00:00,0.50445
2025-05-31 00:15:00,0.60422
2025-05-31 00:30:00,0.81233
2025-05-31 00:45:00,0.70008
2025-05-31 01:00:00,0.69992
2025-05-31 01:15:00,0.69476
2025-05-31 01:30:00,0.61313
2025-05-31 01:45:00,0.52900
2025-05-31 02:00:00,0.42180
2025-05-31 02:15:00,0.63898
2025-05-31 02:30:00,0.60318
2025-05-31 02:45:00,0.53112
2025-05-31 03:00:00,0.39305
2025-05-31 03:15:00,0.48694
2025-05-31 03:30:00,0.48977
2025-05-31 03:45:00,0.62024
2025-05-31 04:00:00,0.52235
2025-05-31 04:15:00,0.64127
2025-05-31 04:30:00,0.62977
2025-05-31 04:45:00,0.76527
2025-05-31 05:00:00,0.46306
2025-05-31 05:15:00,0.45079
2025-05-31 05:30:00,0.46984
2025-05-31 05:45:00,0.54819
2025-05-31 06:00:00,0.68403
2025-05-31 06:15:00,0.69730
2025-05-31 06:30:00,0.66781
2025-05-31 06:45:00,0.60827
2025-05-31 07:00:00,0.57741
2025-05-31 07:15:00,0.54855
2025-05-31 07:30:00,0.45199
2025-05-31 07:45:00,0.69168
2025-05-31 08:00:00,0.47631
2025-05-31 08:15:00,0.46476
2025-05-31 08:30:00,0.46030
2025-05-31 08:45:00,0.66229
2025-05-31 09:00:00,0.74150
2025-05-31 09:15:00,0.70512
2025-05-31 09:30:00,0.67890
2025-05-31 09:45:00,0.79139
2025-05-31 10:00:00,0.72553
2025-05-31 10:15:00,0.69712
2025-05-31 10:30:00,0.65861
2025-05-31 10:45:00,0.71008
2025-05-31 11:00:00,0.82527
2025-05-31 11:15:00,0.67622
2025-05-31 11:30:00,0.39500
2025-05-31 11:45:00,0.60605
2025-05-31 12:00:00,0.48755
2025-05-31 12:15:00,0.44810
2025-05-31 12:30:00,0.60710
2025-05-31 12:45:00,0.60161
2025-05-31 13:00:00,0.50648
2025-05-31 13:15:00,0.60677
2025-05-31 13:30:00,0.72008
2025-05-31 13:45:00,0.81281
2025-05-31 14:00:00,0.84517
2025-05-31 14:15:00,0.83384
2025-05-31 14:30:00,0.79322
2025-05-31 14:45:00,0.59873
2025-05-31 15:00:00,0.71772
2025-05-31 15:15:00,0.78830
2025-05-31 15:30:00,0.76061
2025-05-31 15:45:00,0.66348
2025-05-31 16:00:00,0.71813
2025-05-31 16:15:00,0.53949
2025-05-31 16:30:00,0.71620
2025-05-31 16:45:00,0.76353
2025-05-31 17:00:00,0.69938
2025-05-31 17:15:00,0.57551
2025-05-31 17:30:00,0.54650
2025-05-31 17:45:00,0.63527
2025-05-31 18:00:00,0.56548
2025-05-31 18:15:00,0.61656
2025-05-31 18:30:00,0.65622
2025-05-31 18:45:00,0.64038
2025-05-31 19:00:00,0.63443
2025-05-31 19:15:00,0.54117
2025-05-31 19:30:00,0.51904
2025-05-31 19:45:00,0.67408
2025-05-31 20:00:00,0.66356
2025-05-31 20:15:00,0.57206
2025-05-31 20:30:00,0.62054
2025-05-31 20:45:00,0.75812
2025-05-31 21:00:00,0.74193
2025-05-31 21:15:00,0.53323
2025-05-31 21:30:00,0.44054
2025-05-31 21:45:00,0.68177
2025-05-31 22:00:00,0.52966
2025-05-31 22:15:00,0.46452
2025-05-31 22:30:00,0.33917
2025-05-31 22:45:00,0.47164
2025-05-31 23:00:00,0.60679
2025-05-31 23:15:00,0.52370
2025-05-31 23:30:00,0.53592
2025-05-31 23:45:00,0.44212
2025-06-01 00:00:00,0.38131
2025-06-01 00:15:00,0.57620
2025-06-01 00:30:00,0.64477
2025-06-01 00:45:00,0.38844
2025-06-01 01:00:00,0.65981
2025-06-01 01:15:00,0.38675
2025-06-01 01:30:00,0.55796
2025-06-01 01:45:00,0.75346
2025-06-01 02:00:00,0.61444
2025-06-01 02:15:00,0.43839
2025-06-01 02:30:00,0.53254
2025-06-01 02:45:00,0.49416
2025-06-01 03:00:00,0.48415
2025-06-01 03:15:00,0.65522
2025-06-01 03:30:00,0.53950
2025-06-01 03:45:00,0.51282
2025-06-01 04:00:00,0.51499
2025-06-01 04:15:00,0.44597
2025-06-01 04:30:00,0.39875
2025-06-01 04:45:00,0.48550
2025-06-01 05:00:00,0.56637
2025-06-01 05:15:00,0.74269
2025-06-01 05:30:00,0.83505
2025-06-01 05:45:00,0.63534
2025-06-01 06:00:00,0.65110
2025-06-01 06:15:00,0.39958
2025-06-01 06:30:00,0.52191
2025-06-01 06:45:00,0.54477
2025-06-01 07:00:00,0.59852
2025-06-01 07:15:00,0.66298
2025-06-01 07:30:00,0.65509
2025-06-01 07:45:00,0.64944
2025-06-01 08:00:00,0.73594
2025-06-01 08:15:00,0.56996
2025-06-01 08:30:00,0.68052
2025-06-01 08:45:00,0.71089
2025-06-01 09:00:00,0.56171
2025-06-01 09:15:00,0.78089
2025-06-01 09:30:00,0.74919
2025-06-01 09:45:00,0.58184
2025-06-01 10:00:00,0.68175
2025-06-01 10:15:00,0.82051
2025-06-01 10:30:00,0.51684
2025-06-01 10:45:00,0.60499
2025-06-01 11:00:00,0.72482
2025-06-01 11:15:00,0.77349
2025-06-01 11:30:00,0.68552
2025-06-01 11:45:00,0.56191
2025-06-01 12:00:00,0.48261
2025-06-01 12:15:00,0.81107
2025-06-01 12:30:00,0.80427
2025-06-01 12:45:00,0.69673
2025-06-01 13:00:00,0.62320
2025-06-01 13:15:00,0.69157
2025-06-01 13:30:00,0.80095
2025-06-01 13:45:00,0.76475
2025-06-01 14:00:00,0.58377
2025-06-01 14:15:00,0.73823
2025-06-01 14:30:00,0.78989
2025-06-01 14:45:00,0.63939
2025-06-01 15:00:00,0.57686
2025-06-01 15:15:00,0.77293
2025-06-01 15:30:00,0.65836
2025-06-01 15:45:00,0.67567
2025-06-01 16:00:00,0.62683
2025-06-01 16:15:00,0.77805
2025-06-01 16:30:00,0.83693
2025-06-01 16:45:00,0.90711
2025-06-01 17:00:00,0.67856
2025-06-01 17:15:00,0.72826
2025-06-01 17:30:00,0.56704
2025-06-01 17:45:00,0.82374
2025-06-01 18:00:00,0.67348
2025-06-01 18:15:00,0.55056
2025-06-01 18:30:00,0.49552
2025-06-01 18:45:00,0.64610
2025-06-01 19:00:00,0.64341
2025-06-01 19:15:00,0.62563
2025-06-01 19:30:00,0.63051
2025-06-01 19:45:00,0.56884
2025-06-01 20:00:00,0.73340
2025-06-01 20:15:00,0.53963
2025-06-01 20:30:00,0.61035
2025-06-01 20:45:00,0.66657
2025-06-01 21:00:00,0.50313
2025-06-01 21:15:00,0.33646
2025-06-01 21:30:00,0.48556
2025-06-01 21:45:00,0.49859
2025-06-01 22:00:00,0.60325
2025-06-01 22:15:00,0.45817
2025-06-01 22:30:00,0.42077
2025-06-01 22:45:00,0.68654
2025-06-01 23:00:00,0.53685
2025-06-01 23:15:00,0.43097
2025-06-01 23:30:00,0.53339
2025-06-01 23:45:00,0.56864
2025-06-02 00:00:00,0.43363
2025-06-02 00:15:00,0.47059
2025-06-02 00:30:00,0.42512
2025-06-02 00:45:00,0.60781
2025-06-02 01:00:00,0.47169
2025-06-02 01:15:00,0.58525
2025-06-02 01:30:00,0.58113
2025-06-02 01:45:00,0.55590
2025-06-02 02:00:00,0.54873
2025-06-02 02:15:00,0.59030
2025-06-02 02:30:00,0.68042
2025-06-02 02:45:00,0.69559
2025-06-02 03:00:00,0.48319
2025-06-02 03:15:00,0.71137
2025-06-02 03:30:00,0.57251
2025-06-02 03:45:00,0.56613
2025-06-02 04:00:00,0.50504
2025-06-02 04:15:00,0.48400
2025-06-02 04:30:00,0.50315
2025-06-02 04:45:00,0.37005
2025-06-02 05:00:00,0.50531
2025-06-02 05:15:00,0.45815
2025-06-02 05:30:00,0.36849
2025-06-02 05:45:00,0.55519
2025-06-02 06:00:00,0.46355
2025-06-02 06:15:00,0.67914
2025-06-02 06:30:00,0.47154
2025-06-02 06:45:00,0.49773
2025-06-02 07:00:00,0.68487
2025-06-02 07:15:00,0.63908
2025-06-02 07:30:00,0.65965
2025-06-02 07:45:00,0.40061
2025-06-02 08:00:00,0.53955
2025-06-02 08:15:00,0.51130
2025-06-02 08:30:00,0.61756
2025-06-02 08:45:00,0.45259
2025-06-02 09:00:00,0.42809
2025-06-02 09:15:00,0.60661
2025-06-02 09:30:00,0.60988
2025-06-02 09:45:00,0.62157
2025-06-02 10:00:00,0.71122
2025-06-02 10:15:00,0.53831
2025-06-02 10:30:00,0.46382
2025-06-02 10:45:00,0.52412
2025-06-02 11:00:00,0.75734
2025-06-02 11:15:00,0.71211
2025-06-02 11:30:00,0.80813
2025-06-02 11:45:00,0.66199
2025-06-02 12:00:00,0.57793
2025-06-02 12:15:00,0.82888
2025-06-02 12:30:00,0.78668
2025-06-02 12:45:00,0.59952
2025-06-02 13:00:00,0.55624
2025-06-02 13:15:00,0.65435
2025-06-02 13:30:00,0.61714
2025-06-02 13:45:00,0.68996
2025-06-02 14:00:00,0.76326
2025-06-02 14:15:00,0.71082
2025-06-02 14:30:00,0.69627
2025-06-02 14:45:00,0.64752
2025-06-02 15:00:00,0.63857
2025-06-02 15:15:00,0.66696
2025-06-02 15:30:00,0.79335
2025-06-02 15:45:00,0.70311
2025-06-02 16:00:00,0.46048
2025-06-02 16:15:00,0.53479
2025-06-02 16:30:00,0.55112
2025-06-02 16:45:00,0.80584
2025-06-02 17:00:00,0.72939
2025-06-02 17:15:00,0.72758
2025-06-02 17:30:00,0.72262
2025-06-02 17:45:00,0.73727
2025-06-02 18:00:00,0.71344
2025-06-02 18:15:00,0.61854
2025-06-02 18:30:00,0.60002
2025-06-02 18:45:00,0.52155
2025-06-02 19:00:00,0.75590
2025-06-02 19:15:00,0.87737
2025-06-02 19:30:00,0.74162
2025-06-02 19:45:00,0.68358
2025-06-02 20:00:00,0.68650
2025-06-02 20:15:00,0.71323
2025-06-02 20:30:00,0.54285
2025-06-02 20:45:00,0.82227
2025-06-02 21:00:00,0.72378
2025-06-02 21:15:00,0.84561
2025-06-02 21:30:00,0.60149
2025-06-02 21:45:00,0.69951
2025-06-02 22:00:00,0.60883
2025-06-02 22:15:00,0.74737
2025-06-02 22:30:00,0.62335
2025-06-02 22:45:00,0.62952
2025-06-02 23:00:00,0.69551
2025-06-02 23:15:00,0.46241
2025-06-02 23:30:00,0.40828
2025-06-02 23:45:00,0.42925
2025-06-03 00:00:00,0.42721
2025-06-03 00:15:00,0.51006
2025-06-03 00:30:00,0.48735
2025-06-03 00:45:00,0.41116
2025-06-03 01:00:00,0.55682
2025-06-03 01:15:00,0.53645
2025-06-03 01:30:00,0.46359
2025-06-03 01:45:00,0.44117
2025-06-03 02:00:00,0.70204
2025-06-03 02:15:00,0.68607
2025-06-03 02:30:00,0.65482
2025-06-03 02:45:00,0.58684
2025-06-03 03:00:00,0.49693
2025-06-03 03:15:00,0.60561
2025-06-03 03:30:00,0.44184
2025-06-03 03:45:00,0.33961
2025-06-03 04:00:00,0.40941
2025-06-03 04:15:00,0.56160
2025-06-03 04:30:00,0.63986
2025-06-03 04:45:00,0.61179
2025-06-03 05:00:00,0.65575
2025-06-03 05:15:00,0.57587
2025-06-03 05:30:00,0.48093
2025-06-03 05:45:00,0.48681
2025-06-03 06:00:00,0.58049
2025-06-03 06:15:00,0.56977
2025-06-03 06:30:00,0.58967
2025-06-03 06:45:00,0.54499
2025-06-03 07:00:00,0.50564
2025-06-03 07:15:00,0.51444
2025-06-03 07:30:00,0.54431
2025-06-03 07:45:00,0.65905
2025-06-03 08:00:00,0.40247
2025-06-03 08:15:00,0.63235
2025-06-03 08:30:00,0.70718
2025-06-03 08:45:00,0.44425
2025-06-03 09:00:00,0.60538
2025-06-03 09:15:00,0.56360
2025-06-03 09:30:00,0.63632
2025-06-03 09:45:00,0.80795
2025-06-03 10:00:00,0.75915
2025-06-03 10:15:00,0.69959
2025-06-03 10:30:00,0.58899
2025-06-03 10:45:00,0.71005
2025-06-03 11:00:00,0.82018
2025-06-03 11:15:00,0.50976
2025-06-03 11:30:00,0.65454
2025-06-03 11:45:00,0.60161
2025-06-03 12:00:00,0.64497
2025-06-03 12:15:00,0.42173
2025-06-03 12:30:00,0.68432
2025-06-03 12:45:00,0.67397
2025-06-03 13:00:00,0.76463
2025-06-03 13:15:00,0.85495
2025-06-03 13:30:00,0.91354
2025-06-03 13:45:00,0.75718
2025-06-03 14:00:00,0.78772
2025-06-03 14:15:00,0.81874
2025-06-03 14:30:00,0.54537
2025-06-03 14:45:00,0.55858
2025-06-03 15:00:00,0.51128
2025-06-03 15:15:00,0.68105
2025-06-03 15:30:00,0.68269
2025-06-03 15:45:00,0.68728
2025-06-03 16:00:00,0.51433
2025-06-03 16:15:00,0.59765
2025-06-03 16:30:00,0.58163
2025-06-03 16:45:00,0.70258
2025-06-03 17:00:00,0.78419
2025-06-03 17:15:00,0.66701
2025-06-03 17:30:00,0.68094
2025-06-03 17:45:00,0.54130
2025-06-03 18:00:00,0.72465
2025-06-03 18:15:00,0.57452
2025-06-03 18:30:00,0.69724
2025-06-03 18:45:00,0.71624
2025-06-03 19:00:00,0.69784
2025-06-03 19:15:00,0.52778
2025-06-03 19:30:00,0.38345
2025-06-03 19:45:00,0.59326
2025-06-03 20:00:00,0.57216
2025-06-03 20:15:00,0.50695
2025-06-03 20:30:00,0.60614
2025-06-03 20:45:00,0.63285
2025-06-03 21:00:00,0.54865
2025-06-03 21:15:00,0.41173
2025-06-03 21:30:00,0.45253
2025-06-03 21:45:00,0.49712
2025-06-03 22:00:00,0.43622
2025-06-03 22:15:00,0.56111
2025-06-03 22:30:00,0.44889
2025-06-03 22:45:00,0.61047
2025-06-03 23:00:00,0.71795
2025-06-03 23:15:00,0.54089
2025-06-03 23:30:00,0.50697
2025-06-03 23:45:00,0.61492
2025-06-04 00:00:00,0.65060
2025-06-04 00:15:00,0.43622
2025-06-04 00:30:00,0.36902
2025-06-04 00:45:00,0.46348
2025-06-04 01:00:00,0.23321
2025-06-04 01:15:00,0.49545
2025-06-04 01:30:00,0.51465
2025-06-04 01:45:00,0.55236
2025-06-04 02:00:00,0.73886
2025-06-04 02:15:00,0.70226
2025-06-04 02:30:00,0.48812
2025-06-04 02:45:00,0.49438
2025-06-04 03:00:00,0.45703
2025-06-04 03:15:00,0.47796
2025-06-04 03:30:00,0.52176
2025-06-04 03:45:00,0.62929
2025-06-04 04:00:00,0.89301
2025-06-04 04:15:00,0.72289
2025-06-04 04:30:00,0.57031
2025-06-04 04:45:00,0.35761
2025-06-04 05:00:00,0.56764
2025-06-04 05:15:00,0.46891
2025-06-04 05:30:00,0.49945
2025-06-04 05:45:00,0.52526
2025-06-04 06:00:00,0.51925
2025-06-04 06:15:00,0.61100
2025-06-04 06:30:00,0.75333
2025-06-04 06:45:00,0.83608
2025-06-04 07:00:00,0.83462
2025-06-04 07:15:00,0.72226
2025-06-04 07:30:00,0.73462
2025-06-04 07:45:00,0.72587
2025-06-04 08:00:00,0.51637
2025-06-04 08:15:00,0.45263
2025-06-04 08:30:00,0.42732
2025-06-04 08:45:00,0.60644
2025-06-04 09:00:00,0.65405
2025-06-04 09:15:00,0.58426
2025-06-04 09:30:00,0.54611
2025-06-04 09:45:00,0.56349
2025-06-04 10:00:00,0.56588
2025-06-04 10:15:00,0.84697
2025-06-04 10:30:00,0.72134
2025-06-04 10:45:00,0.64746
2025-06-04 11:00:00,0.78754
2025-06-04 11:15:00,0.80558
2025-06-04 11:30:00,0.61489
2025-06-04 11:45:00,0.59118
2025-06-04 12:00:00,0.70902
2025-06-04 12:15:00,0.78976
2025-06-04 12:30:00,0.61929
2025-06-04 12:45:00,0.68318
2025-06-04 13:00:00,0.84229
2025-06-04 13:15:00,0.65590
2025-06-04 13:30:00,0.67972
2025-06-04 13:45:00,0.64504
2025-06-04 14:00:00,0.51455
2025-06-04 14:15:00,0.59580
2025-06-04 14:30:00,0.74098
2025-06-04 14:45:00,0.74689
2025-06-04 15:00:00,0.66912
2025-06-04 15:15:00,0.84492
2025-06-04 15:30:00,0.86793
2025-06-04 15:45:00,0.81705
2025-06-04 16:00:00,0.63511
2025-06-04 16:15:00,0.71638
2025-06-04 16:30:00,0.77809
2025-06-04 16:45:00,0.70114
2025-06-04 17:00:00,0.78165
2025-06-04 17:15:00,0.89300
2025-06-04 17:30:00,0.98280
2025-06-04 17:45:00,0.60766
2025-06-04 18:00:00,0.72642
2025-06-04 18:15:00,0.65903
2025-06-04 18:30:00,0.79938
2025-06-04 18:45:00,0.89525
2025-06-04 19:00:00,0.59041
2025-06-04 19:15:00,0.39975
2025-06-04 19:30:00,0.55653
2025-06-04 19:45:00,0.53415
2025-06-04 20:00:00,0.55371
2025-06-04 20:15:00,0.73260
2025-06-04 20:30:00,0.52789
2025-06-04 20:45:00,0.55969
2025-06-04 21:00:00,0.72155
2025-06-04 21:15:00,0.50270
2025-06-04 21:30:00,0.60021
2025-06-04 21:45:00,0.54529
2025-06-04 22:00:00,0.47279
2025-06-04 22:15:00,0.48807
2025-06-04 22:30:00,0.70539
2025-06-04 22:45:00,0.55466
2025-06-04 23:00:00,0.37296
2025-06-04 23:15:00,0.48170
2025-06-04 23:30:00,0.30875
2025-06-04 23:45:00,0.53432
2025-06-05 00:00:00,0.49138
2025-06-05 00:15:00,0.47229
2025-06-05 00:30:00,0.79342
2025-06-05 00:45:00,0.49931
2025-06-05 01:00:00,0.66069
2025-06-05 01:15:00,0.49981
2025-06-05 01:30:00,0.51042
2025-06-05 01:45:00,0.34425
2025-06-05 02:00:00,0.55001
2025-06-05 02:15:00,0.65475
2025-06-05 02:30:00,0.45789
2025-06-05 02:45:00,0.45818
2025-06-05 03:00:00,0.51092
2025-06-05 03:15:00,0.33887
2025-06-05 03:30:00,0.56638
2025-06-05 03:45:00,0.36810
2025-06-05 04:00:00,0.35398
2025-06-05 04:15:00,0.38243
2025-06-05 04:30:00,0.45254
2025-06-05 04:45:00,0.64080
2025-06-05 05:00:00,0.61491
2025-06-05 05:15:00,0.56566
2025-06-05 05:30:00,0.71729
2025-06-05 05:45:00,0.54939
2025-06-05 06:00:00,0.55190
2025-06-05 06:15:00,0.74389
2025-06-05 06:30:00,0.52854
2025-06-05 06:45:00,0.62458
2025-06-05 07:00:00,0.52381
2025-06-05 07:15:00,0.51957
2025-06-05 07:30:00,0.58204
2025-06-05 07:45:00,0.57450
2025-06-05 08:00:00,0.71941
2025-06-05 08:15:00,0.66292
2025-06-05 08:30:00,0.59925
2025-06-05 08:45:00,0.57033
2025-06-05 09:00:00,0.79448
2025-06-05 09:15:00,0.57050
2025-06-05 09:30:00,0.65959
2025-06-05 09:45:00,0.80864
2025-06-05 10:00:00,0.53932
2025-06-05 10:15:00,0.64025
2025-06-05 10:30:00,0.69729
2025-06-05 10:45:00,0.70614
2025-06-05 11:00:00,0.71056
2025-06-05 11:15:00,0.74335
2025-06-05 11:30:00,0.88494
2025-06-05 11:45:00,0.78958
2025-06-05 12:00:00,0.88162
2025-06-05 12:15:00,0.84342
2025-06-05 12:30:00,0.59823
2025-06-05 12:45:00,0.47888
2025-06-05 13:00:00,0.63806
2025-06-05 13:15:00,0.59670
2025-06-05 13:30:00,0.71458
2025-06-05 13:45:00,0.68803
2025-06-05 14:00:00,0.86135
2025-06-05 14:15:00,0.82409
2025-06-05 14:30:00,0.92097
2025-06-05 14:45:00,0.70588
2025-06-05 15:00:00,0.73190
2025-06-05 15:15:00,0.75197
2025-06-05 15:30:00,0.68920
2025-06-05 15:45:00,0.62601
2025-06-05 16:00:00,0.52129
2025-06-05 16:15:00,0.54942
2025-06-05 16:30:00,0.56723
2025-06-05 16:45:00,0.51174
2025-06-05 17:00:00,0.65003
2025-06-05 17:15:00,0.64673
2025-06-05 17:30:00,0.67628
2025-06-05 17:45:00,0.64567
2025-06-05 18:00:00,0.66963
2025-06-05 18:15:00,0.48221
2025-06-05 18:30:00,0.65374
2025-06-05 18:45:00,0.57287
2025-06-05 19:00:00,0.60378
2025-06-05 19:15:00,0.65629
2025-06-05 19:30:00,0.54489
2025-06-05 19:45:00,0.69247
2025-06-05 20:00:00,0.48924
2025-06-05 20:15:00,0.50398
2025-06-05 20:30:00,0.51825
2025-06-05 20:45:00,0.65049
2025-06-05 21:00:00,0.55345
2025-06-05 21:15:00,0.67131
2025-06-05 21:30:00,0.50375
2025-06-05 21:45:00,0.56827
2025-06-05 22:00:00,0.45827
2025-06-05 22:15:00,0.68400
2025-06-05 22:30:00,0.50658
2025-06-05 22:45:00,0.42660
2025-06-05 23:00:00,0.63600
2025-06-05 23:15:00,0.54412
2025-06-05 23:30:00,0.61349
2025-06-05 23:45:00,0.42826
2025-06-06 00:00:00,0.36947
2025-06-06 00:15:00,0.45496
2025-06-06 00:30:00,0.45623
2025-06-06 00:45:00,0.38213
2025-06-06 01:00:00,0.45165
2025-06-06 01:15:00,0.41465
2025-06-06 01:30:00,0.46134
2025-06-06 01:45:00,0.54473
2025-06-06 02:00:00,0.54645
2025-06-06 02:15:00,0.67617
2025-06-06 02:30:00,0.67481
2025-06-06 02:45:00,0.45802
2025-06-06 03:00:00,0.44415
2025-06-06 03:15:00,0.52766
2025-06-06 03:30:00,0.60999
2025-06-06 03:45:00,0.62393
2025-06-06 04:00:00,0.52064
2025-06-06 04:15:00,0.48667
2025-06-06 04:30:00,0.50521
2025-06-06 04:45:00,0.48108
2025-06-06 05:00:00,0.31022
2025-06-06 05:15:00,0.34520
2025-06-06 05:30:00,0.44369
2025-06-06 05:45:00,0.64685
2025-06-06 06:00:00,0.48730
2025-06-06 06:15:00,0.59110
2025-06-06 06:30:00,0.56760
2025-06-06 06:45:00,0.69409
2025-06-06 07:00:00,0.67583
2025-06-06 07:15:00,0.68323
2025-06-06 07:30:00,0.68805
2025-06-06 07:45:00,0.62397
2025-06-06 08:00:00,0.54501
2025-06-06 08:15:00,0.61306
2025-06-06 08:30:00,0.54899
2025-06-06 08:45:00,0.56442
2025-06-06 09:00:00,0.74390
2025-06-06 09:15:00,0.54975
2025-06-06 09:30:00,0.67760
2025-06-06 09:45:00,0.72648
2025-06-06 10:00:00,0.67819
2025-06-06 10:15:00,0.72359
2025-06-06 10:30:00,0.80921
2025-06-06 10:45:00,0.55831
2025-06-06 11:00:00,0.72322
2025-06-06 11:15:00,0.68643
2025-06-06 11:30:00,0.78186
2025-06-06 11:45:00,0.78144
2025-06-06 12:00:00,0.81109
2025-06-06 12:15:00,0.78429
2025-06-06 12:30:00,0.65497
2025-06-06 12:45:00,0.76669
2025-06-06 13:00:00,0.76084
2025-06-06 13:15:00,0.73719
2025-06-06 13:30:00,0.69640
2025-06-06 13:45:00,0.68772
2025-06-06 14:00:00,0.69857
2025-06-06 14:15:00,0.62809
2025-06-06 14:30:00,0.61190
2025-06-06 14:45:00,0.67854
2025-06-06 15:00:00,0.67920
2025-06-06 15:15:00,0.69802
2025-06-06 15:30:00,0.66770
2025-06-06 15:45:00,0.82301
2025-06-06 16:00:00,0.60524
2025-06-06 16:15:00,0.67882
2025-06-06 16:30:00,0.56931
2025-06-06 16:45:00,0.42252
2025-06-06 17:00:00,0.50762
2025-06-06 17:15:00,0.63764
2025-06-06 17:30:00,0.46593
2025-06-06 17:45:00,0.47466
2025-06-06 18:00:00,0.63800
2025-06-06 18:15:00,0.66569
2025-06-06 18:30:00,0.66342
2025-06-06 18:45:00,0.69249
2025-06-06 19:00:00,0.81486
2025-06-06 19:15:00,0.69818
2025-06-06 19:30:00,0.55752
2025-06-06 19:45:00,0.52973
2025-06-06 20:00:00,0.55983
2025-06-06 20:15:00,0.60923
2025-06-06 20:30:00,0.63958
2025-06-06 20:45:00,0.54889
2025-06-06 21:00:00,0.64641
2025-06-06 21:15:00,0.59055
2025-06-06 21:30:00,0.59478
2025-06-06 21:45:00,0.63527
2025-06-06 22:00:00,0.53597
2025-06-06 22:15:00,0.53856
2025-06-06 22:30:00,0.48457
2025-06-06 22:45:00,0.35613
2025-06-06 23:00:00,0.54304
2025-06-06 23:15:00,0.58331
2025-06-06 23:30:00,0.64547
2025-06-06 23:45:00,0.49245
2025-06-07 00:00:00,0.69923
2025-06-07 00:15:00,0.60005
2025-06-07 00:30:00,0.47974
2025-06-07 00:45:00,0.62925
2025-06-07 01:00:00,0.54952
2025-06-07 01:15:00,0.52982
2025-06-07 01:30:00,0.54787
2025-06-07 01:45:00,0.56499
2025-06-07 02:00:00,0.60832
2025-06-07 02:15:00,0.53039
2025-06-07 02:30:00,0.62382
2025-06-07 02:45:00,0.38803
2025-06-07 03:00:00,0.41352
2025-06-07 03:15:00,0.47379
2025-06-07 03:30:00,0.39353
2025-06-07 03:45:00,0.38631
2025-06-07 04:00:00,0.39764
2025-06-07 04:15:00,0.24750
2025-06-07 04:30:00,0.42678
2025-06-07 04:45:00,0.49936
2025-06-07 05:00:00,0.41647
2025-06-07 05:15:00,0.38668
2025-06-07 05:30:00,0.58297
2025-06-07 05:45:00,0.61441
2025-06-07 06:00:00,0.52114
2025-06-07 06:15:00,0.41372
2025-06-07 06:30:00,0.49383
2025-06-07 06:45:00,0.44144
2025-06-07 07:00:00,0.50826
2025-06-07 07:15:00,0.60460
2025-06-07 07:30:00,0.66763
2025-06-07 07:45:00,0.90316
2025-06-07 08:00:00,0.66497
2025-06-07 08:15:00,0.76183
2025-06-07 08:30:00,0.61437
2025-06-07 08:45:00,0.76595
2025-06-07 09:00:00,0.70314
2025-06-07 09:15:00,0.80316
2025-06-07 09:30:00,0.74929
2025-06-07 09:45:00,0.68366
2025-06-07 10:00:00,0.54787
2025-06-07 10:15:00,0.62673
2025-06-07 10:30:00,0.54960
2025-06-07 10:45:00,0.73595
2025-06-07 11:00:00,0.73325
2025-06-07 11:15:00,0.74218
2025-06-07 11:30:00,0.53034
2025-06-07 11:45:00,0.57858
2025-06-07 12:00:00,0.47159
2025-06-07 12:15:00,0.56696
2025-06-07 12:30:00,0.53117
2025-06-07 12:45:00,0.67248
2025-06-07 13:00:00,0.78112
2025-06-07 13:15:00,0.74919
2025-06-07 13:30:00,0.76695
2025-06-07 13:45:00,0.81029
2025-06-07 14:00:00,0.70201
2025-06-07 14:15:00,0.46113
2025-06-07 14:30:00,0.51933
2025-06-07 14:45:00,0.65759
2025-06-07 15:00:00,0.73674
2025-06-07 15:15:00,1.04925
2025-06-07 15:30:00,0.86772
2025-06-07 15:45:00,0.60908
2025-06-07 16:00:00,0.61127
2025-06-07 16:15:00,0.50653
2025-06-07 16:30:00,0.66807
2025-06-07 16:45:00,0.54894
2025-06-07 17:00:00,0.59805
2025-06-07 17:15:00,0.71380
2025-06-07 17:30:00,0.68239
2025-06-07 17:45:00,0.68902
2025-06-07 18:00:00,0.65505
2025-06-07 18:15:00,0.44035
2025-06-07 18:30:00,0.61548
2025-06-07 18:45:00,0.69980
2025-06-07 19:00:00,0.52753
2025-06-07 19:15:00,0.73666
2025-06-07 19:30:00,0.63241
2025-06-07 19:45:00,0.44720
2025-06-07 20:00:00,0.45892
2025-06-07 20:15:00,0.52193
2025-06-07 20:30:00,0.59157
2025-06-07 20:45:00,0.67702
2025-06-07 21:00:00,0.82270
2025-06-07 21:15:00,0.68862
2025-06-07 21:30:00,0.54794
2025-06-07 21:45:00,0.48558
2025-06-07 22:00:00,0.62464
2025-06-07 22:15:00,0.45540
2025-06-07 22:30:00,0.59589
2025-06-07 22:45:00,0.79292
2025-06-07 23:00:00,0.52847
2025-06-07 23:15:00,0.56434
2025-06-07 23:30:00,0.37282
2025-06-07 23:45:00,0.55883
2025-06-08 00:00:00,0.60832
2025-06-08 00:15:00,0.55972
2025-06-08 00:30:00,0.41752
2025-06-08 00:45:00,0.45404
2025-06-08 01:00:00,0.39252
2025-06-08 01:15:00,0.20724
2025-06-08 01:30:00,0.52103
2025-06-08 01:45:00,0.66691
2025-06-08 02:00:00,0.62761
2025-06-08 02:15:00,0.50776
2025-06-08 02:30:00,0.34842
2025-06-08 02:45:00,0.33391
2025-06-08 03:00:00,0.49367
2025-06-08 03:15:00,0.38047
2025-06-08 03:30:00,0.44722
2025-06-08 03:45:00,0.53292
2025-06-08 04:00:00,0.43104
2025-06-08 04:15:00,0.39923
2025-06-08 04:30:00,0.47407
2025-06-08 04:45:00,0.63917
2025-06-08 05:00:00,0.36656
2025-06-08 05:15:00,0.63635
2025-06-08 05:30:00,0.54830
2025-06-08 05:45:00,0.39590
2025-06-08 06:00:00,0.58065
2025-06-08 06:15:00,0.52763
2025-06-08 06:30:00,0.60116
2025-06-08 06:45:00,0.51998
2025-06-08 07:00:00,0.41792
2025-06-08 07:15:00,0.40989
2025-06-08 07:30:00,0.49837
2025-06-08 07:45:00,0.46236
2025-06-08 08:00:00,0.65182
2025-06-08 08:15:00,0.84961
2025-06-08 08:30:00,0.77195
2025-06-08 08:45:00,0.70915
2025-06-08 09:00:00,0.59571
2025-06-08 09:15:00,0.65568
2025-06-08 09:30:00,0.53269
2025-06-08 09:45:00,0.44794
2025-06-08 10:00:00,0.65041
2025-06-08 10:15:00,0.53947
2025-06-08 10:30:00,0.49590
2025-06-08 10:45:00,0.56222
2025-06-08 11:00:00,0.60613
2025-06-08 11:15:00,0.65828
2025-06-08 11:30:00,0.61993
2025-06-08 11:45:00,0.48644
2025-06-08 12:00:00,0.51407
2025-06-08 12:15:00,0.57292
2025-06-08 12:30:00,0.58038
2025-06-08 12:45:00,0.54551
2025-06-08 13:00:00,0.77464
2025-06-08 13:15:00,0.73894
2025-06-08 13:30:00,0.64373
2025-06-08 13:45:00,0.55475
2025-06-08 14:00:00,0.59633
2025-06-08 14:15:00,0.68784
2025-06-08 14:30:00,0.70640
2025-06-08 14:45:00,0.60038
2025-06-08 15:00:00,0.49074
2025-06-08 15:15:00,0.42387
2025-06-08 15:30:00,0.62229
2025-06-08 15:45:00,0.75924
2025-06-08 16:00:00,0.56483
2025-06-08 16:15:00,0.70916
2025-06-08 16:30:00,0.49564
2025-06-08 16:45:00,0.51579
2025-06-08 17:00:00,0.58688
2025-06-08 17:15:00,0.64531
2025-06-08 17:30:00,0.73098
2025-06-08 17:45:00,0.72261
2025-06-08 18:00:00,0.78313
2025-06-08 18:15:00,0.76844
2025-06-08 18:30:00,0.63567
2025-06-08 18:45:00,0.46232
2025-06-08 19:00:00,0.63558
2025-06-08 19:15:00,0.58795
2025-06-08 19:30:00,0.65094
2025-06-08 19:45:00,0.56816
2025-06-08 20:00:00,0.81516
2025-06-08 20:15:00,0.58624
2025-06-08 20:30:00,0.68263
2025-06-08 20:45:00,0.68422
2025-06-08 21:00:00,0.57721
2025-06-08 21:15:00,0.55594
2025-06-08 21:30:00,0.49714
2025-06-08 21:45:00,0.53780
2025-06-08 22:00:00,0.43884
2025-06-08 22:15:00,0.67167
2025-06-08 22:30:00,0.87365
2025-06-08 22:45:00,0.72893
2025-06-08 23:00:00,0.61375
2025-06-08 23:15:00,0.49916
2025-06-08 23:30:00,0.45224
2025-06-08 23:45:00,0.50116
2025-06-09 00:00:00,0.52803
2025-06-09 00:15:00,0.48753
2025-06-09 00:30:00,0.60826
2025-06-09 00:45:00,0.69419
2025-06-09 01:00:00,0.66128
2025-06-09 01:15:00,0.54006
2025-06-09 01:30:00,0.60096
2025-06-09 01:45:00,0.45708
2025-06-09 02:00:00,0.70246
2025-06-09 02:15:00,0.62045
2025-06-09 02:30:00,0.72730
2025-06-09 02:45:00,0.77019
2025-06-09 03:00:00,0.79905
2025-06-09 03:15:00,0.72284
2025-06-09 03:30:00,0.62753
2025-06-09 03:45:00,0.49353
2025-06-09 04:00:00,0.47716
2025-06-09 04:15:00,0.63533
2025-06-09 04:30:00,0.53283
2025-06-09 04:45:00,0.30174
2025-06-09 05:00:00,0.38307
2025-06-09 05:15:00,0.42082
2025-06-09 05:30:00,0.57777
2025-06-09 05:45:00,0.45727
2025-06-09 06:00:00,0.45883
2025-06-09 06:15:00,0.57964
2025-06-09 06:30:00,0.58982
2025-06-09 06:45:00,0.68554
2025-06-09 07:00:00,0.67200
2025-06-09 07:15:00,0.62752
2025-06-09 07:30:00,0.65517
2025-06-09 07:45:00,0.56383
2025-06-09 08:00:00,0.68022
2025-06-09 08:15:00,0.62729
2025-06-09 08:30:00,0.61656
2025-06-09 08:45:00,0.43089
2025-06-09 09:00:00,0.53088
2025-06-09 09:15:00,0.55173
2025-06-09 09:30:00,0.60050
2025-06-09 09:45:00,0.56665
2025-06-09 10:00:00,0.63169
2025-06-09 10:15:00,0.68547
2025-06-09 10:30:00,0.79429
2025-06-09 10:45:00,0.76714
2025-06-09 11:00:00,0.62510
2025-06-09 11:15:00,0.75362
2025-06-09 11:30:00,0.50510
2025-06-09 11:45:00,0.58480
2025-06-09 12:00:00,0.83270
2025-06-09 12:15:00,0.80632
2025-06-09 12:30:00,0.72298
2025-06-09 12:45:00,0.65694
2025-06-09 13:00:00,0.65558
2025-06-09 13:15:00,0.66887
2025-06-09 13:30:00,0.64980
2025-06-09 13:45:00,0.59900
2025-06-09 14:00:00,0.55670
2025-06-09 14:15:00,0.66711
2025-06-09 14:30:00,0.58048
2025-06-09 14:45:00,0.76269
2025-06-09 15:00:00,0.64812
2025-06-09 15:15:00,0.60412
2025-06-09 15:30:00,0.63559
2025-06-09 15:45:00,0.69495
2025-06-09 16:00:00,0.61197
2025-06-09 16:15:00,0.45389
2025-06-09 16:30:00,0.70101
2025-06-09 16:45:00,0.56523
2025-06-09 17:00:00,0.53865
2025-06-09 17:15:00,0.44095
2025-06-09 17:30:00,0.61441
2025-06-09 17:45:00,0.55593
2025-06-09 18:00:00,0.61947
2025-06-09 18:15:00,0.50938
2025-06-09 18:30:00,0.71712
2025-06-09 18:45:00,0.65231
2025-06-09 19:00:00,0.60747
2025-06-09 19:15:00,0.46647
2025-06-09 19:30:00,0.45654
2025-06-09 19:45:00,0.68858
2025-06-09 20:00:00,0.63850
2025-06-09 20:15:00,0.56951
2025-06-09 20:30:00,0.65695
2025-06-09 20:45:00,0.54707
2025-06-09 21:00:00,0.57466
2025-06-09 21:15:00,0.47241
2025-06-09 21:30:00,0.31390
2025-06-09 21:45:00,0.56090
2025-06-09 22:00:00,0.61815
2025-06-09 22:15:00,0.49104
2025-06-09 22:30:00,0.67942
2025-06-09 22:45:00,0.56985
2025-06-09 23:00:00,0.68803
2025-06-09 23:15:00,0.54554
2025-06-09 23:30:00,0.52577
2025-06-09 23:45:00,0.80644
2025-06-10 00:00:00,0.66110
2025-06-10 00:15:00,0.71369
2025-06-10 00:30:00,0.52296
2025-06-10 00:45:00,0.55183
2025-06-10 01:00:00,0.51486
2025-06-10 01:15:00,0.59496
2025-06-10 01:30:00,0.51770
2025-06-10 01:45:00,0.53784
2025-06-10 02:00:00,0.66624
2025-06-10 02:15:00,0.44022
2025-06-10 02:30:00,0.39659
2025-06-10 02:45:00,0.72357
2025-06-10 03:00:00,0.60122
2025-06-10 03:15:00,0.64757
2025-06-10 03:30:00,0.57975
2025-06-10 03:45:00,0.52412
2025-06-10 04:00:00,0.32928
2025-06-10 04:15:00,0.66046
2025-06-10 04:30:00,0.34060
2025-06-10 04:45:00,0.48013
2025-06-10 05:00:00,0.38530
2025-06-10 05:15:00,0.50498
2025-06-10 05:30:00,0.53569
2025-06-10 05:45:00,0.58540
2025-06-10 06:00:00,0.54332
2025-06-10 06:15:00,0.59239
2025-06-10 06:30:00,0.58323
2025-06-10 06:45:00,0.52002
2025-06-10 07:00:00,0.40271
2025-06-10 07:15:00,0.53368
2025-06-10 07:30:00,0.34513
2025-06-10 07:45:00,0.43143
2025-06-10 08:00:00,0.51992
2025-06-10 08:15:00,0.55140
2025-06-10 08:30:00,0.64074
2025-06-10 08:45:00,0.77259
2025-06-10 09:00:00,0.63705
2025-06-10 09:15:00,0.63293
2025-06-10 09:30:00,0.51182
2025-06-10 09:45:00,0.43728
2025-06-10 10:00:00,0.66719
2025-06-10 10:15:00,0.72766
2025-06-10 10:30:00,0.63062
2025-06-10 10:45:00,0.74967
2025-06-10 11:00:00,0.60610
2025-06-10 11:15:00,0.59811
2025-06-10 11:30:00,0.81226
2025-06-10 11:45:00,0.78824
2025-06-10 12:00:00,0.69729
2025-06-10 12:15:00,0.69216
2025-06-10 12:30:00,0.55673
2025-06-10 12:45:00,0.67864
2025-06-10 13:00:00,0.55010
2025-06-10 13:15:00,0.62576
2025-06-10 13:30:00,0.51598
2025-06-10 13:45:00,0.55340
2025-06-10 14:00:00,0.60659
2025-06-10 14:15:00,0.70611
2025-06-10 14:30:00,0.54766
2025-06-10 14:45:00,0.74897
2025-06-10 15:00:00,0.66892
2025-06-10 15:15:00,0.56417
2025-06-10 15:30:00,0.60908
2025-06-10 15:45:00,0.55320
2025-06-10 16:00:00,0.77688
2025-06-10 16:15:00,0.66922
2025-06-10 16:30:00,0.70807
2025-06-10 16:45:00,0.71789
2025-06-10 17:00:00,0.71357
2025-06-10 17:15:00,0.60224
2025-06-10 17:30:00,0.66209
2025-06-10 17:45:00,0.71251
2025-06-10 18:00:00,0.52503
2025-06-10 18:15:00,0.59419
2025-06-10 18:30:00,0.58285
2025-06-10 18:45:00,0.70265
2025-06-10 19:00:00,0.72728
2025-06-10 19:15:00,0.58708
2025-06-10 19:30:00,0.59693
2025-06-10 19:45:00,0.54038
2025-06-10 20:00:00,0.58030
2025-06-10 20:15:00,0.36748
2025-06-10 20:30:00,0.51667
2025-06-10 20:45:00,0.71438
2025-06-10 21:00:00,0.69074
2025-06-10 21:15:00,0.56497
2025-06-10 21:30:00,0.67098
2025-06-10 21:45:00,0.50252
2025-06-10 22:00:00,0.48102
2025-06-10 22:15:00,0.43341
2025-06-10 22:30:00,0.39214
2025-06-10 22:45:00,0.53832
2025-06-10 23:00:00,0.42926
2025-06-10 23:15:00,0.69972
2025-06-10 23:30:00,0.70072
2025-06-10 23:45:00,0.53105
2025-06-11 00:00:00,0.48738
2025-06-11 00:15:00,0.53640
2025-06-11 00:30:00,0.52547
2025-06-11 00:45:00,0.41967
2025-06-11 01:00:00,0.34290
2025-06-11 01:15:00,0.26651
2025-06-11 01:30:00,0.54122
2025-06-11 01:45:00,0.51957
2025-06-11 02:00:00,0.70449
2025-06-11 02:15:00,0.70645
2025-06-11 02:30:00,0.52306
2025-06-11 02:45:00,0.37419
2025-06-11 03:00:00,0.42177
2025-06-11 03:15:00,0.54967
2025-06-11 03:30:00,0.50741
2025-06-11 03:45:00,0.54007
2025-06-11 04:00:00,0.51395
2025-06-11 04:15:00,0.25182
2025-06-11 04:30:00,0.47498
2025-06-11 04:45:00,0.63938
2025-06-11 05:00:00,0.65440
2025-06-11 05:15:00,0.43518
2025-06-11 05:30:00,0.78466
2025-06-11 05:45:00,0.56961
2025-06-11 06:00:00,0.51486
2025-06-11 06:15:00,0.51141
2025-06-11 06:30:00,0.45625
2025-06-11 06:45:00,0.55229
2025-06-11 07:00:00,0.81650
2025-06-11 07:15:00,0.57490
2025-06-11 07:30:00,0.55243
2025-06-11 07:45:00,0.66264
2025-06-11 08:00:00,0.62085
2025-06-11 08:15:00,0.53415
2025-06-11 08:30:00,0.51033
2025-06-11 08:45:00,0.49489
2025-06-11 09:00:00,0.52135
2025-06-11 09:15:00,0.57093
2025-06-11 09:30:00,0.62519
2025-06-11 09:45:00,0.63826
2025-06-11 10:00:00,0.64325
2025-06-11 10:15:00,0.46868
2025-06-11 10:30:00,0.58539
2025-06-11 10:45:00,0.49535
2025-06-11 11:00:00,0.52016
2025-06-11 11:15:00,0.64282
2025-06-11 11:30:00,0.57154
2025-06-11 11:45:00,0.48115
2025-06-11 12:00:00,0.54434
2025-06-11 12:15:00,0.64447
2025-06-11 12:30:00,0.70037
2025-06-11 12:45:00,0.73650
2025-06-11 13:00:00,0.82631
2025-06-11 13:15:00,0.60841
2025-06-11 13:30:00,0.72108
2025-06-11 13:45:00,0.37497
2025-06-11 14:00:00,0.50601
2025-06-11 14:15:00,0.57103
2025-06-11 14:30:00,0.56660
2025-06-11 14:45:00,0.54165
2025-06-11 15:00:00,0.59190
2025-06-11 15:15:00,0.43185
2025-06-11 15:30:00,0.53801
2025-06-11 15:45:00,0.67560
2025-06-11 16:00:00,0.68981
2025-06-11 16:15:00,0.66497
2025-06-11 16:30:00,0.59895
2025-06-11 16:45:00,0.53830
2025-06-11 17:00:00,0.67649
2025-06-11 17:15:00,0.67577
2025-06-11 17:30:00,0.68145
2025-06-11 17:45:00,0.72473
2025-06-11 18:00:00,0.67640
2025-06-11 18:15:00,0.73167
2025-06-11 18:30:00,0.68515
2025-06-11 18:45:00,0.59825
2025-06-11 19:00:00,0.46226
2025-06-11 19:15:00,0.46938
2025-06-11 19:30:00,0.55752
2025-06-11 19:45:00,0.71224
2025-06-11 20:00:00,0.67793
2025-06-11 20:15:00,0.68428
2025-06-11 20:30:00,0.57528
2025-06-11 20:45:00,0.51079
2025-06-11 21:00:00,0.39432
2025-06-11 21:15:00,0.35858
2025-06-11 21:30:00,0.54553
2025-06-11 21:45:00,0.78196
2025-06-11 22:00:00,0.71984
2025-06-11 22:15:00,0.65545
2025-06-11 22:30:00,0.50653
2025-06-11 22:45:00,0.54955
2025-06-11 23:00:00,0.49272
2025-06-11 23:15:00,0.36770
2025-06-11 23:30:00,0.80861
2025-06-11 23:45:00,0.50029
2025-06-12 00:00:00,0.54672
2025-06-12 00:15:00,0.54667
2025-06-12 00:30:00,0.51845
2025-06-12 00:45:00,0.44022
2025-06-12 01:00:00,0.41383
2025-06-12 01:15:00,0.48744
2025-06-12 01:30:00,0.42115
2025-06-12 01:45:00,0.44339
2025-06-12 02:00:00,0.34897
2025-06-12 02:15:00,0.41285
2025-06-12 02:30:00,0.41572
2025-06-12 02:45:00,0.46884
2025-06-12 03:00:00,0.51955
2025-06-12 03:15:00,0.38719
2025-06-12 03:30:00,0.57556
2025-06-12 03:45:00,0.56937
2025-06-12 04:00:00,0.43681
2025-06-12 04:15:00,0.46641
2025-06-12 04:30:00,0.43763
2025-06-12 04:45:00,0.47874
2025-06-12 05:00:00,0.55859
2025-06-12 05:15:00,0.60490
2025-06-12 05:30:00,0.65913
2025-06-12 05:45:00,0.35718
2025-06-12 06:00:00,0.42958
2025-06-12 06:15:00,0.43005
2025-06-12 06:30:00,0.80078
2025-06-12 06:45:00,0.72531
2025-06-12 07:00:00,0.60079
2025-06-12 07:15:00,0.71155
2025-06-12 07:30:00,0.40884
2025-06-12 07:45:00,0.61678
2025-06-12 08:00:00,0.52593
2025-06-12 08:15:00,0.50554
2025-06-12 08:30:00,0.55309
2025-06-12 08:45:00,0.46924
2025-06-12 09:00:00,0.55641
2025-06-12 09:15:00,0.57215
2025-06-12 09:30:00,0.47263
2025-06-12 09:45:00,0.49537
2025-06-12 10:00:00,0.77377
2025-06-12 10:15:00,0.81022
2025-06-12 10:30:00,0.87288
2025-06-12 10:45:00,0.68609
2025-06-12 11:00:00,0.72405
2025-06-12 11:15:00,0.60888
2025-06-12 11:30:00,0.71883
2025-06-12 11:45:00,0.80979
2025-06-12 12:00:00,0.83769
2025-06-12 12:15:00,0.76727
2025-06-12 12:30:00,0.73690
2025-06-12 12:45:00,0.53610
2025-06-12 13:00:00,0.68934
2025-06-12 13:15:00,0.70693
2025-06-12 13:30:00,0.71628
2025-06-12 13:45:00,0.68916
2025-06-12 14:00:00,0.75451
2025-06-12 14:15:00,0.71575
2025-06-12 14:30:00,0.59278
2025-06-12 14:45:00,0.58586
2025-06-12 15:00:00,0.57323
2025-06-12 15:15:00,0.52283
2025-06-12 15:30:00,0.55990
2025-06-12 15:45:00,0.67687
2025-06-12 16:00:00,0.93211
2025-06-12 16:15:00,0.79287
2025-06-12 16:30:00,0.61077
2025-06-12 16:45:00,0.49944
2025-06-12 17:00:00,0.53494
2025-06-12 17:15:00,0.44132
2025-06-12 17:30:00,0.81630
2025-06-12 17:45:00,0.59434
2025-06-12 18:00:00,0.58712
2025-06-12 18:15:00,0.64101
2025-06-12 18:30:00,0.52878
2025-06-12 18:45:00,0.64989
2025-06-12 19:00:00,0.79480
2025-06-12 19:15:00,0.76413
2025-06-12 19:30:00,0.75774
2025-06-12 19:45:00,0.62671
2025-06-12 20:00:00,0.59754
2025-06-12 20:15:00,0.60885
2025-06-12 20:30:00,0.54033
2025-06-12 20:45:00,0.83712
2025-06-12 21:00:00,0.58222
2025-06-12 21:15:00,0.77072
2025-06-12 21:30:00,0.87988
2025-06-12 21:45:00,0.72310
2025-06-12 22:00:00,0.56852
2025-06-12 22:15:00,0.47654
2025-06-12 22:30:00,0.69905
2025-06-12 22:45:00,0.48024
2025-06-12 23:00:00,0.52067
2025-06-12 23:15:00,0.51366
2025-06-12 23:30:00,0.38527
2025-06-12 23:45:00,0.54721
2025-06-13 00:00:00,0.40402
2025-06-13 00:15:00,0.52263
2025-06-13 00:30:00,0.47687
2025-06-13 00:45:00,0.48452
2025-06-13 01:00:00,0.67091
2025-06-13 01:15:00,0.64325
2025-06-13 01:30:00,0.63693
2025-06-13 01:45:00,0.34476
2025-06-13 02:00:00,0.57090
2025-06-13 02:15:00,0.56337
2025-06-13 02:30:00,0.43536
2025-06-13 02:45:00,0.42512
2025-06-13 03:00:00,0.55987
2025-06-13 03:15:00,0.48877
2025-06-13 03:30:00,0.54167
2025-06-13 03:45:00,0.55322
2025-06-13 04:00:00,0.56956
2025-06-13 04:15:00,0.50499
2025-06-13 04:30:00,0.50607
2025-06-13 04:45:00,0.44170
2025-06-13 05:00:00,0.46796
2025-06-13 05:15:00,0.53766
2025-06-13 05:30:00,0.56896
2025-06-13 05:45:00,0.73419
2025-06-13 06:00:00,0.59796
2025-06-13 06:15:00,0.61648
2025-06-13 06:30:00,0.46424
2025-06-13 06:45:00,0.54688
2025-06-13 07:00:00,0.70205
2025-06-13 07:15:00,0.64734
2025-06-13 07:30:00,0.46268
2025-06-13 07:45:00,0.67515
2025-06-13 08:00:00,0.71553
2025-06-13 08:15:00,0.72834
2025-06-13 08:30:00,0.69006
2025-06-13 08:45:00,0.52804
2025-06-13 09:00:00,0.65118
2025-06-13 09:15:00,0.59952
2025-06-13 09:30:00,0.50699
2025-06-13 09:45:00,0.49249
2025-06-13 10:00:00,0.36517
2025-06-13 10:15:00,0.50044
2025-06-13 10:30:00,0.57944
2025-06-13 10:45:00,0.70307
2025-06-13 11:00:00,0.69837
2025-06-13 11:15:00,0.70554
2025-06-13 11:30:00,0.66027
2025-06-13 11:45:00,0.69239
2025-06-13 12:00:00,0.79075
2025-06-13 12:15:00,0.54707
2025-06-13 12:30:00,0.66230
2025-06-13 12:45:00,0.80191
2025-06-13 13:00:00,0.83412
2025-06-13 13:15:00,0.66132
2025-06-13 13:30:00,0.66680
2025-06-13 13:45:00,0.75379
2025-06-13 14:00:00,0.62445
2025-06-13 14:15:00,0.76140
2025-06-13 14:30:00,0.78732
2025-06-13 14:45:00,0.87087
2025-06-13 15:00:00,0.61260
2025-06-13 15:15:00,0.81373
2025-06-13 15:30:00,0.70513
2025-06-13 15:45:00,0.76869
2025-06-13 16:00:00,0.62902
2025-06-13 16:15:00,0.75753
2025-06-13 16:30:00,0.82118
2025-06-13 16:45:00,0.63631
2025-06-13 17:00:00,0.57785
2025-06-13 17:15:00,0.72474
2025-06-13 17:30:00,0.66886
2025-06-13 17:45:00,0.55127
2025-06-13 18:00:00,0.56364
2025-06-13 18:15:00,0.63874
2025-06-13 18:30:00,0.80009
2025-06-13 18:45:00,0.68033
2025-06-13 19:00:00,0.61789
2025-06-13 19:15:00,0.41490
2025-06-13 19:30:00,0.55893
2025-06-13 19:45:00,0.84432
2025-06-13 20:00:00,0.70855
2025-06-13 20:15:00,0.59784
2025-06-13 20:30:00,0.64366
2025-06-13 20:45:00,0.51522
2025-06-13 21:00:00,0.46833
2025-06-13 21:15:00,0.46324
2025-06-13 21:30:00,0.45396
2025-06-13 21:45:00,0.52483
2025-06-13 22:00:00,0.54308
2025-06-13 22:15:00,0.51832
2025-06-13 22:30:00,0.59236
2025-06-13 22:45:00,0.70194
2025-06-13 23:00:00,0.60721
2025-06-13 23:15:00,0.57427
2025-06-13 23:30:00,0.33043
2025-06-13 23:45:00,0.32896
2025-06-14 00:00:00,0.43514
2025-06-14 00:15:00,0.38642
2025-06-14 00:30:00,0.31795
2025-06-14 00:45:00,0.32969
2025-06-14 01:00:00,0.43560
2025-06-14 01:15:00,0.52499
2025-06-14 01:30:00,0.63774
2025-06-14 01:45:00,0.57339
2025-06-14 02:00:00,0.65292
2025-06-14 02:15:00,0.48420
2025-06-14 02:30:00,0.63720
2025-06-14 02:45:00,0.52844
2025-06-14 03:00:00,0.43526
2025-06-14 03:15:00,0.43089
2025-06-14 03:30:00,0.49550
2025-06-14 03:45:00,0.43447
2025-06-14 04:00:00,0.43739
2025-06-14 04:15:00,0.67104
2025-06-14 04:30:00,0.58151
2025-06-14 04:45:00,0.51755
2025-06-14 05:00:00,0.61002
2025-06-14 05:15:00,0.56820
2025-06-14 05:30:00,0.65230
2025-06-14 05:45:00,0.66370
2025-06-14 06:00:00,0.59677
2025-06-14 06:15:00,0.52700
2025-06-14 06:30:00,0.45110
2025-06-14 06:45:00,0.40127
2025-06-14 07:00:00,0.46092
2025-06-14 07:15:00,0.45028
2025-06-14 07:30:00,0.46013
2025-06-14 07:45:00,0.54517
2025-06-14 08:00:00,0.58152
2025-06-14 08:15:00,0.70258
2025-06-14 08:30:00,0.54088
2025-06-14 08:45:00,0.56543
2025-06-14 09:00:00,0.65027
2025-06-14 09:15:00,0.69383
2025-06-14 09:30:00,0.52938
2025-06-14 09:45:00,0.48701
2025-06-14 10:00:00,0.50559
2025-06-14 10:15:00,0.57576
2025-06-14 10:30:00,0.41749
2025-06-14 10:45:00,0.59904
2025-06-14 11:00:00,0.52255
2025-06-14 11:15:00,0.54716
2025-06-14 11:30:00,0.66172
2025-06-14 11:45:00,0.74075
2025-06-14 12:00:00,0.66293
2025-06-14 12:15:00,0.78212
2025-06-14 12:30:00,0.61031
2025-06-14 12:45:00,0.55423
2025-06-14 13:00:00,0.57607
2025-06-14 13:15:00,0.66938
2025-06-14 13:30:00,0.64922
2025-06-14 13:45:00,0.66305
2025-06-14 14:00:00,0.70166
2025-06-14 14:15:00,0.64697
2025-06-14 14:30:00,0.86380
2025-06-14 14:45:00,0.74514
2025-06-14 15:00:00,0.68950
2025-06-14 15:15:00,0.96428
2025-06-14 15:30:00,0.58569
2025-06-14 15:45:00,0.63212
2025-06-14 16:00:00,0.60995
2025-06-14 16:15:00,0.50660
2025-06-14 16:30:00,0.57478
2025-06-14 16:45:00,0.73289
2025-06-14 17:00:00,0.74722
2025-06-14 17:15:00,0.66702
2025-06-14 17:30:00,0.68135
2025-06-14 17:45:00,0.76437
2025-06-14 18:00:00,0.78206
2025-06-14 18:15:00,0.66178
2025-06-14 18:30:00,0.68385
2025-06-14 18:45:00,0.62823
2025-06-14 19:00:00,0.62642
2025-06-14 19:15:00,0.70118
2025-06-14 19:30:00,0.67080
2025-06-14 19:45:00,0.39761
2025-06-14 20:00:00,0.48838
2025-06-14 20:15:00,0.48460
2025-06-14 20:30:00,0.56712
2025-06-14 20:45:00,0.55282
2025-06-14 21:00:00,0.58698
2025-06-14 21:15:00,0.56231
2025-06-14 21:30:00,0.53844
2025-06-14 21:45:00,0.66601
2025-06-14 22:00:00,0.70137
2025-06-14 22:15:00,0.76395
2025-06-14 22:30:00,0.34743
2025-06-14 22:45:00,0.41833
2025-06-14 23:00:00,0.49171
2025-06-14 23:15:00,0.55457
2025-06-14 23:30:00,0.43976
2025-06-14 23:45:00,0.46178
2025-06-15 00:00:00,0.66622
2025-06-15 00:15:00,0.60707
2025-06-15 00:30:00,0.52446
2025-06-15 00:45:00,0.42176
2025-06-15 01:00:00,0.43764
2025-06-15 01:15:00,0.41165
2025-06-15 01:30:00,0.43867
2025-06-15 01:45:00,0.46743
2025-06-15 02:00:00,0.73945
2025-06-15 02:15:00,0.64915
2025-06-15 02:30:00,0.56533
2025-06-15 02:45:00,0.59309
2025-06-15 03:00:00,0.64127
2025-06-15 03:15:00,0.61495
2025-06-15 03:30:00,0.58674
2025-06-15 03:45:00,0.81403
2025-06-15 04:00:00,0.61654
2025-06-15 04:15:00,0.63292
2025-06-15 04:30:00,0.58597
2025-06-15 04:45:00,0.65674
2025-06-15 05:00:00,0.69297
2025-06-15 05:15:00,0.51693
2025-06-15 05:30:00,0.53156
2025-06-15 05:45:00,0.54691
2025-06-15 06:00:00,0.58134
2025-06-15 06:15:00,0.65694
2025-06-15 06:30:00,0.46606
2025-06-15 06:45:00,0.44396
2025-06-15 07:00:00,0.49509
2025-06-15 07:15:00,0.62462
2025-06-15 07:30:00,0.69407
2025-06-15 07:45:00,0.68902
2025-06-15 08:00:00,0.63604
2025-06-15 08:15:00,0.55827
2025-06-15 08:30:00,0.59510
2025-06-15 08:45:00,0.40374
2025-06-15 09:00:00,0.62632
2025-06-15 09:15:00,0.56800
2025-06-15 09:30:00,0.63557
2025-06-15 09:45:00,0.71450
2025-06-15 10:00:00,0.57503
2025-06-15 10:15:00,0.45382
2025-06-15 10:30:00,0.65006
2025-06-15 10:45:00,0.53321
2025-06-15 11:00:00,0.37935
2025-06-15 11:15:00,0.70496
2025-06-15 11:30:00,0.84632
2025-06-15 11:45:00,0.73385
2025-06-15 12:00:00,0.76204
2025-06-15 12:15:00,0.67915
2025-06-15 12:30:00,0.95154
2025-06-15 12:45:00,0.77888
2025-06-15 13:00:00,0.62813
2025-06-15 13:15:00,0.63647
2025-06-15 13:30:00,0.56472
2025-06-15 13:45:00,0.67918
2025-06-15 14:00:00,0.73439
2025-06-15 14:15:00,0.55173
2025-06-15 14:30:00,0.61867
2025-06-15 14:45:00,0.58983
2025-06-15 15:00:00,0.66730
2025-06-15 15:15:00,0.71557
2025-06-15 15:30:00,0.64778
2025-06-15 15:45:00,0.85835
2025-06-15 16:00:00,0.79272
2025-06-15 16:15:00,0.64150
2025-06-15 16:30:00,0.73771
2025-06-15 16:45:00,0.42488
2025-06-15 17:00:00,0.35218
2025-06-15 17:15:00,0.54514
2025-06-15 17:30:00,0.45133
2025-06-15 17:45:00,0.64364
2025-06-15 18:00:00,0.62928
2025-06-15 18:15:00,0.60377
2025-06-15 18:30:00,0.65576
2025-06-15 18:45:00,0.59879
2025-06-15 19:00:00,0.55929
2025-06-15 19:15:00,0.71985
2025-06-15 19:30:00,0.62169
2025-06-15 19:45:00,0.55725
2025-06-15 20:00:00,0.62839
2025-06-15 20:15:00,0.63471
2025-06-15 20:30:00,0.49112
2025-06-15 20:45:00,0.43320
2025-06-15 21:00:00,0.75407
2025-06-15 21:15:00,0.68456
2025-06-15 21:30:00,0.64747
2025-06-15 21:45:00,0.63736
2025-06-15 22:00:00,0.53091
2025-06-15 22:15:00,0.44101
2025-06-15 22:30:00,0.52277
2025-06-15 22:45:00,0.55055
2025-06-15 23:00:00,0.65029
2025-06-15 23:15:00,0.57722
2025-06-15 23:30:00,0.47232
2025-06-15 23:45:00,0.56399
2025-06-16 00:00:00,0.57436
2025-06-16 00:15:00,0.58942
2025-06-16 00:30:00,0.50393
2025-06-16 00:45:00,0.60533
2025-06-16 01:00:00,0.60445
2025-06-16 01:15:00,0.55785
2025-06-16 01:30:00,0.51787
2025-06-16 01:45:00,0.62658
2025-06-16 02:00:00,0.68847
2025-06-16 02:15:00,0.73906
2025-06-16 02:30:00,0.51172
2025-06-16 02:45:00,0.68866
2025-06-16 03:00:00,0.71828
2025-06-16 03:15:00,0.61773
2025-06-16 03:30:00,0.63931
2025-06-16 03:45:00,0.60812
2025-06-16 04:00:00,0.56009
2025-06-16 04:15:00,0.45549
2025-06-16 04:30:00,0.60384
2025-06-16 04:45:00,0.61768
2025-06-16 05:00:00,0.72186
2025-06-16 05:15:00,0.55023
2025-06-16 05:30:00,0.55027
2025-06-16 05:45:00,0.53721
2025-06-16 06:00:00,0.46159
2025-06-16 06:15:00,0.50622
2025-06-16 06:30:00,0.48246
2025-06-16 06:45:00,0.59386
2025-06-16 07:00:00,0.63975
2025-06-16 07:15:00,0.69519
2025-06-16 07:30:00,0.44723
2025-06-16 07:45:00,0.64778
2025-06-16 08:00:00,0.60710
2025-06-16 08:15:00,0.67233
2025-06-16 08:30:00,0.68946
2025-06-16 08:45:00,0.62182
2025-06-16 09:00:00,0.60116
2025-06-16 09:15:00,0.60560
2025-06-16 09:30:00,0.67072
2025-06-16 09:45:00,0.75308
2025-06-16 10:00:00,0.58795
2025-06-16 10:15:00,0.77008
2025-06-16 10:30:00,0.63034
2025-06-16 10:45:00,0.69353
2025-06-16 11:00:00,0.73387
2025-06-16 11:15:00,0.64134
2025-06-16 11:30:00,0.66951
2025-06-16 11:45:00,0.73308
2025-06-16 12:00:00,0.54688
2025-06-16 12:15:00,0.50797
2025-06-16 12:30:00,0.63413
2025-06-16 12:45:00,0.77050
2025-06-16 13:00:00,0.76831
2025-06-16 13:15:00,0.76953
2025-06-16 13:30:00,0.55210
2025-06-16 13:45:00,0.78407
2025-06-16 14:00:00,0.66672
2025-06-16 14:15:00,0.56426
2025-06-16 14:30:00,0.77088
2025-06-16 14:45:00,0.70132
2025-06-16 15:00:00,0.85799
2025-06-16 15:15:00,0.77113
2025-06-16 15:30:00,0.79769
2025-06-16 15:45:00,0.68398
2025-06-16 16:00:00,0.60074
2025-06-16 16:15:00,0.83018
2025-06-16 16:30:00,0.74926
2025-06-16 16:45:00,0.72222
2025-06-16 17:00:00,0.70841
2025-06-16 17:15:00,0.75220
2025-06-16 17:30:00,0.78752
2025-06-16 17:45:00,0.97324
2025-06-16 18:00:00,0.70001
2025-06-16 18:15:00,0.69159
2025-06-16 18:30:00,0.72098
2025-06-16 18:45:00,0.75327
2025-06-16 19:00:00,0.52064
2025-06-16 19:15:00,0.64643
2025-06-16 19:30:00,0.70188
2025-06-16 19:45:00,0.49461
2025-06-16 20:00:00,0.71289
2025-06-16 20:15:00,0.54038
2025-06-16 20:30:00,0.71305
2025-06-16 20:45:00,0.64078
2025-06-16 21:00:00,0.45902
2025-06-16 21:15:00,0.58022
2025-06-16 21:30:00,0.54956
2025-06-16 21:45:00,0.51543
2025-06-16 22:00:00,0.61194
2025-06-16 22:15:00,0.47648
2025-06-16 22:30:00,0.52413
2025-06-16 22:45:00,0.38517
2025-06-16 23:00:00,0.33601
2025-06-16 23:15:00,0.31971
2025-06-16 23:30:00,0.61801
2025-06-16 23:45:00,0.69818
2025-06-17 00:00:00,0.42981
2025-06-17 00:15:00,0.50542
2025-06-17 00:30:00,0.49117
2025-06-17 00:45:00,0.38935
2025-06-17 01:00:00,0.39657
2025-06-17 01:15:00,0.67779
2025-06-17 01:30:00,0.56834
2025-06-17 01:45:00,0.66931
2025-06-17 02:00:00,0.47320
2025-06-17 02:15:00,0.43185
2025-06-17 02:30:00,0.47112
2025-06-17 02:45:00,0.52251
2025-06-17 03:00:00,0.49840
2025-06-17 03:15:00,0.49343
2025-06-17 03:30:00,0.78279
2025-06-17 03:45:00,0.52325
2025-06-17 04:00:00,0.63146
2025-06-17 04:15:00,0.61298
2025-06-17 04:30:00,0.54846
2025-06-17 04:45:00,0.68678
2025-06-17 05:00:00,0.51376
2025-06-17 05:15:00,0.59758
2025-06-17 05:30:00,0.64758
2025-06-17 05:45:00,0.59425
2025-06-17 06:00:00,0.63641
2025-06-17 06:15:00,0.49766
2025-06-17 06:30:00,0.63466
2025-06-17 06:45:00,0.58900
2025-06-17 07:00:00,0.46166
2025-06-17 07:15:00,0.66099
2025-06-17 07:30:00,0.52017
2025-06-17 07:45:00,0.46865
2025-06-17 08:00:00,0.70442
2025-06-17 08:15:00,0.68090
2025-06-17 08:30:00,0.67389
2025-06-17 08:45:00,0.53540
2025-06-17 09:00:00,0.48704
2025-06-17 09:15:00,0.38847
2025-06-17 09:30:00,0.61693
2025-06-17 09:45:00,0.59451
2025-06-17 10:00:00,0.72380
2025-06-17 10:15:00,0.49830
2025-06-17 10:30:00,0.58598
2025-06-17 10:45:00,0.86285
2025-06-17 11:00:00,0.68911
2025-06-17 11:15:00,0.51826
2025-06-17 11:30:00,0.63132
2025-06-17 11:45:00,0.64680
2025-06-17 12:00:00,0.60379
2025-06-17 12:15:00,0.40696
2025-06-17 12:30:00,0.59485
2025-06-17 12:45:00,0.62231
2025-06-17 13:00:00,0.73185
2025-06-17 13:15:00,0.70111
2025-06-17 13:30:00,0.75512
2025-06-17 13:45:00,0.64289
2025-06-17 14:00:00,0.61877
2025-06-17 14:15:00,0.42854
2025-06-17 14:30:00,0.51686
2025-06-17 14:45:00,0.59308
2025-06-17 15:00:00,0.57902
2025-06-17 15:15:00,0.77081
2025-06-17 15:30:00,0.73352
2025-06-17 15:45:00,0.74905
2025-06-17 16:00:00,0.67764
2025-06-17 16:15:00,0.52017
2025-06-17 16:30:00,0.58198
2025-06-17 16:45:00,0.63815
2025-06-17 17:00:00,0.75510
2025-06-17 17:15:00,0.48944
2025-06-17 17:30:00,0.45617
2025-06-17 17:45:00,0.66267
2025-06-17 18:00:00,0.67657
2025-06-17 18:15:00,0.57153
2025-06-17 18:30:00,0.51975
2025-06-17 18:45:00,0.66863
2025-06-17 19:00:00,0.65444
2025-06-17 19:15:00,0.61696
2025-06-17 19:30:00,0.69870
2025-06-17 19:45:00,0.68283
2025-06-17 20:00:00,0.60628
2025-06-17 20:15:00,0.49183
2025-06-17 20:30:00,0.47118
2025-06-17 20:45:00,0.71222
2025-06-17 21:00:00,0.47725
2025-06-17 21:15:00,0.54561
2025-06-17 21:30:00,0.45958
2025-06-17 21:45:00,0.49798
2025-06-17 22:00:00,0.82170
2025-06-17 22:15:00,0.60608
2025-06-17 22:30:00,0.58544
2025-06-17 22:45:00,0.62507
2025-06-17 23:00:00,0.56995
2025-06-17 23:15:00,0.48153
2025-06-17 23:30:00,0.37487
2025-06-17 23:45:00,0.37637
2025-06-18 00:00:00,0.58155
2025-06-18 00:15:00,0.71363
2025-06-18 00:30:00,0.67964
2025-06-18 00:45:00,0.32590
2025-06-18 01:00:00,0.50428
2025-06-18 01:15:00,0.46233
2025-06-18 01:30:00,0.48709
2025-06-18 01:45:00,0.45950
2025-06-18 02:00:00,0.44568
2025-06-18 02:15:00,0.47236
2025-06-18 02:30:00,0.47214
2025-06-18 02:45:00,0.49218
2025-06-18 03:00:00,0.54855
2025-06-18 03:15:00,0.54095
2025-06-18 03:30:00,0.39150
2025-06-18 03:45:00,0.36867
2025-06-18 04:00:00,0.54034
2025-06-18 04:15:00,0.40820
2025-06-18 04:30:00,0.46925
2025-06-18 04:45:00,0.50467
2025-06-18 05:00:00,0.59516
2025-06-18 05:15:00,0.52873
2025-06-18 05:30:00,0.53179
2025-06-18 05:45:00,0.64393
2025-06-18 06:00:00,0.72250
2025-06-18 06:15:00,0.75508
2025-06-18 06:30:00,0.46640
2025-06-18 06:45:00,0.61285
2025-06-18 07:00:00,0.59322
2025-06-18 07:15:00,0.60871
2025-06-18 07:30:00,0.70181
2025-06-18 07:45:00,0.64062
2025-06-18 08:00:00,0.50138
2025-06-18 08:15:00,0.28887
2025-06-18 08:30:00,0.56680
2025-06-18 08:45:00,0.62895
2025-06-18 09:00:00,0.54110
2025-06-18 09:15:00,0.69364
2025-06-18 09:30:00,0.62183
2025-06-18 09:45:00,0.60483
2025-06-18 10:00:00,0.71553
2025-06-18 10:15:00,0.75192
2025-06-18 10:30:00,0.67409
2025-06-18 10:45:00,0.77775
2025-06-18 11:00:00,0.58115
2025-06-18 11:15:00,0.53166
2025-06-18 11:30:00,0.61691
2025-06-18 11:45:00,0.73492
2025-06-18 12:00:00,0.67719
2025-06-18 12:15:00,0.71395
2025-06-18 12:30:00,0.55325
2025-06-18 12:45:00,0.64631
2025-06-18 13:00:00,0.69695
2025-06-18 13:15:00,0.79928
2025-06-18 13:30:00,0.89234
2025-06-18 13:45:00,0.81223
2025-06-18 14:00:00,0.86385
2025-06-18 14:15:00,0.72334
2025-06-18 14:30:00,0.71052
2025-06-18 14:45:00,0.59758
2025-06-18 15:00:00,0.63073
2025-06-18 15:15:00,0.59719
2025-06-18 15:30:00,0.55870
2025-06-18 15:45:00,0.69140
2025-06-18 16:00:00,0.67656
2025-06-18 16:15:00,0.69604
2025-06-18 16:30:00,0.78611
2025-06-18 16:45:00,0.81369
2025-06-18 17:00:00,0.76643
2025-06-18 17:15:00,0.67108
2025-06-18 17:30:00,0.59551
2025-06-18 17:45:00,0.68084
2025-06-18 18:00:00,0.68195
2025-06-18 18:15:00,0.71073
2025-06-18 18:30:00,0.61382
2025-06-18 18:45:00,0.50446
2025-06-18 19:00:00,0.61154
2025-06-18 19:15:00,0.51106
2025-06-18 19:30:00,0.47541
2025-06-18 19:45:00,0.66899
2025-06-18 20:00:00,0.80549
2025-06-18 20:15:00,0.83424
2025-06-18 20:30:00,0.64563
2025-06-18 20:45:00,0.60227
2025-06-18 21:00:00,0.53278
2025-06-18 21:15:00,0.40993
2025-06-18 21:30:00,0.52780
2025-06-18 21:45:00,0.51272
2025-06-18 22:00:00,0.73386
2025-06-18 22:15:00,0.50653
2025-06-18 22:30:00,0.62415
2025-06-18 22:45:00,0.50013
2025-06-18 23:00:00,0.59346
2025-06-18 23:15:00,0.66657
2025-06-18 23:30:00,0.61744
2025-06-18 23:45:00,0.57403
2025-06-19 00:00:00,0.59633
2025-06-19 00:15:00,0.71308
2025-06-19 00:30:00,0.61808
2025-06-19 00:45:00,0.72877
2025-06-19 01:00:00,0.66208
2025-06-19 01:15:00,0.63853
2025-06-19 01:30:00,0.62634
2025-06-19 01:45:00,0.51527
2025-06-19 02:00:00,0.46348
2025-06-19 02:15:00,0.48057
2025-06-19 02:30:00,0.37663
2025-06-19 02:45:00,0.55969
2025-06-19 03:00:00,0.60475
2025-06-19 03:15:00,0.57281
2025-06-19 03:30:00,0.29998
2025-06-19 03:45:00,0.44668
2025-06-19 04:00:00,0.42560
2025-06-19 04:15:00,0.57055
2025-06-19 04:30:00,0.61530
2025-06-19 04:45:00,0.45111
2025-06-19 05:00:00,0.52479
2025-06-19 05:15:00,0.63600
2025-06-19 05:30:00,0.55663
2025-06-19 05:45:00,0.57713
2025-06-19 06:00:00,0.43651
2025-06-19 06:15:00,0.48708
2025-06-19 06:30:00,0.46611
2025-06-19 06:45:00,0.53353
2025-06-19 07:00:00,0.66398
2025-06-19 07:15:00,0.57700
2025-06-19 07:30:00,0.37412
2025-06-19 07:45:00,0.34750
2025-06-19 08:00:00,0.41877
2025-06-19 08:15:00,0.55316
2025-06-19 08:30:00,0.55463
2025-06-19 08:45:00,0.55986
2025-06-19 09:00:00,0.68270
2025-06-19 09:15:00,0.60419
2025-06-19 09:30:00,0.53408
2025-06-19 09:45:00,0.49533
2025-06-19 10:00:00,0.53024
2025-06-19 10:15:00,0.64250
2025-06-19 10:30:00,0.44483
2025-06-19 10:45:00,0.51634
2025-06-19 11:00:00,0.58621
2025-06-19 11:15:00,0.70978
2025-06-19 11:30:00,0.64260
2025-06-19 11:45:00,0.68072
2025-06-19 12:00:00,0.81338
2025-06-19 12:15:00,0.77453
2025-06-19 12:30:00,0.61381
2025-06-19 12:45:00,0.73222
2025-06-19 13:00:00,0.74140
2025-06-19 13:15:00,0.66213
2025-06-19 13:30:00,0.46939
2025-06-19 13:45:00,0.74436
2025-06-19 14:00:00,0.65427
2025-06-19 14:15:00,0.66534
2025-06-19 14:30:00,0.65437
2025-06-19 14:45:00,0.83041
2025-06-19 15:00:00,0.69272
2025-06-19 15:15:00,0.53364
2025-06-19 15:30:00,0.64943
2025-06-19 15:45:00,0.58987
2025-06-19 16:00:00,0.77929
2025-06-19 16:15:00,0.66749
2025-06-19 16:30:00,0.58506
2025-06-19 16:45:00,0.66872
2025-06-19 17:00:00,0.71443
2025-06-19 17:15:00,0.70218
2025-06-19 17:30:00,0.73387
2025-06-19 17:45:00,0.79899
2025-06-19 18:00:00,0.79077
2025-06-19 18:15:00,0.64699
2025-06-19 18:30:00,0.57193
2025-06-19 18:45:00,0.59124
2025-06-19 19:00:00,0.68110
2025-06-19 19:15:00,0.61010
2025-06-19 19:30:00,0.57007
2025-06-19 19:45:00,0.54095
2025-06-19 20:00:00,0.69848
2025-06-19 20:15:00,0.64747
2025-06-19 20:30:00,0.53565
2025-06-19 20:45:00,0.63902
2025-06-19 21:00:00,0.58353
2025-06-19 21:15:00,0.52090
2025-06-19 21:30:00,0.61341
2025-06-19 21:45:00,0.76834
2025-06-19 22:00:00,0.63761
2025-06-19 22:15:00,0.57702
2025-06-19 22:30:00,0.49969
2025-06-19 22:45:00,0.46271
2025-06-19 23:00:00,0.51143
2025-06-19 23:15:00,0.44341
2025-06-19 23:30:00,0.62187
2025-06-19 23:45:00,0.56424
2025-06-20 00:00:00,0.59261
2025-06-20 00:15:00,0.45615
2025-06-20 00:30:00,0.38004
2025-06-20 00:45:00,0.62124
2025-06-20 01:00:00,0.64754
2025-06-20 01:15:00,0.43646
2025-06-20 01:30:00,0.52000
2025-06-20 01:45:00,0.49511
2025-06-20 02:00:00,0.56462
2025-06-20 02:15:00,0.42582
2025-06-20 02:30:00,0.37246
2025-06-20 02:45:00,0.52361
2025-06-20 03:00:00,0.64301
2025-06-20 03:15:00,0.66569
2025-06-20 03:30:00,0.62251
2025-06-20 03:45:00,0.52942
2025-06-20 04:00:00,0.50110
2025-06-20 04:15:00,0.56055
2025-06-20 04:30:00,0.69601
2025-06-20 04:45:00,0.44637
2025-06-20 05:00:00,0.52083
2025-06-20 05:15:00,0.38706
2025-06-20 05:30:00,0.26400
2025-06-20 05:45:00,0.43570
2025-06-20 06:00:00,0.36254
2025-06-20 06:15:00,0.41037
2025-06-20 06:30:00,0.44027
2025-06-20 06:45:00,0.46121
2025-06-20 07:00:00,0.54548
2025-06-20 07:15:00,0.43963
2025-06-20 07:30:00,0.56252
2025-06-20 07:45:00,0.63254
2025-06-20 08:00:00,0.62963
2025-06-20 08:15:00,0.68346
2025-06-20 08:30:00,0.46246
2025-06-20 08:45:00,0.61349
2025-06-20 09:00:00,0.57350
2025-06-20 09:15:00,0.67225
2025-06-20 09:30:00,0.89432
2025-06-20 09:45:00,0.61950
2025-06-20 10:00:00,0.56042
2025-06-20 10:15:00,0.68009
2025-06-20 10:30:00,0.57892
2025-06-20 10:45:00,0.84491
2025-06-20 11:00:00,0.71361
2025-06-20 11:15:00,0.70285
2025-06-20 11:30:00,0.70538
2025-06-20 11:45:00,0.56653
2025-06-20 12:00:00,0.62425
2025-06-20 12:15:00,0.83889
2025-06-20 12:30:00,0.91655
2025-06-20 12:45:00,0.70825
2025-06-20 13:00:00,0.70604
2025-06-20 13:15:00,0.74322
2025-06-20 13:30:00,0.80614
2025-06-20 13:45:00,0.65217
2025-06-20 14:00:00,0.62897
2025-06-20 14:15:00,0.52105
2025-06-20 14:30:00,0.69888
2025-06-20 14:45:00,0.68193
2025-06-20 15:00:00,0.69766
2025-06-20 15:15:00,0.91658
2025-06-20 15:30:00,0.82439
2025-06-20 15:45:00,0.72843
2025-06-20 16:00:00,0.47048
2025-06-20 16:15:00,0.63983
2025-06-20 16:30:00,0.73344
2025-06-20 16:45:00,0.77133
2025-06-20 17:00:00,0.73442
2025-06-20 17:15:00,0.72898
2025-06-20 17:30:00,0.69886
2025-06-20 17:45:00,0.74367
2025-06-20 18:00:00,0.74040
2025-06-20 18:15:00,0.63455
2025-06-20 18:30:00,0.61831
2025-06-20 18:45:00,0.69176
2025-06-20 19:00:00,0.66838
2025-06-20 19:15:00,0.79956
2025-06-20 19:30:00,0.52071
2025-06-20 19:45:00,0.58381
2025-06-20 20:00:00,0.67225
2025-06-20 20:15:00,0.60694
2025-06-20 20:30:00,0.61317
2025-06-20 20:45:00,0.39598
2025-06-20 21:00:00,0.32657
2025-06-20 21:15:00,0.47614
2025-06-20 21:30:00,0.74580
2025-06-20 21:45:00,0.52685
2025-06-20 22:00:00,0.54463
2025-06-20 22:15:00,0.71113
2025-06-20 22:30:00,0.67867
2025-06-20 22:45:00,0.69685
2025-06-20 23:00:00,0.70217
2025-06-20 23:15:00,0.60524
2025-06-20 23:30:00,0.74125
2025-06-20 23:45:00,0.60834
2025-06-21 00:00:00,0.49503
2025-06-21 00:15:00,0.48489
2025-06-21 00:30:00,0.37095
2025-06-21 00:45:00,0.56064
2025-06-21 01:00:00,0.42408
2025-06-21 01:15:00,0.50218
2025-06-21 01:30:00,0.66766
2025-06-21 01:45:00,0.59422
2025-06-21 02:00:00,0.71055
2025-06-21 02:15:00,0.64193
2025-06-21 02:30:00,0.50733
2025-06-21 02:45:00,0.50521
2025-06-21 03:00:00,0.53750
2025-06-21 03:15:00,0.52298
2025-06-21 03:30:00,0.59029
2025-06-21 03:45:00,0.35500
2025-06-21 04:00:00,0.41482
2025-06-21 04:15:00,0.34328
2025-06-21 04:30:00,0.65466
2025-06-21 04:45:00,0.58333
2025-06-21 05:00:00,0.48998
2025-06-21 05:15:00,0.65407
2025-06-21 05:30:00,0.55536
2025-06-21 05:45:00,0.59514
2025-06-21 06:00:00,0.57635
2025-06-21 06:15:00,0.31683
2025-06-21 06:30:00,0.54471
2025-06-21 06:45:00,0.51479
2025-06-21 07:00:00,0.43631
2025-06-21 07:15:00,0.57342
2025-06-21 07:30:00,0.64272
2025-06-21 07:45:00,0.80861
2025-06-21 08:00:00,0.55059
2025-06-21 08:15:00,0.63299
2025-06-21 08:30:00,0.67029
2025-06-21 08:45:00,0.72806
2025-06-21 09:00:00,0.58240
2025-06-21 09:15:00,0.52372
2025-06-21 09:30:00,0.57246
2025-06-21 09:45:00,0.67309
2025-06-21 10:00:00,0.77793
2025-06-21 10:15:00,0.67396
2025-06-21 10:30:00,0.85325
2025-06-21 10:45:00,0.84518
2025-06-21 11:00:00,0.82571
2025-06-21 11:15:00,0.63495
2025-06-21 11:30:00,0.61689
2025-06-21 11:45:00,0.52409
2025-06-21 12:00:00,0.67075
2025-06-21 12:15:00,0.53219
2025-06-21 12:30:00,0.63606
2025-06-21 12:45:00,0.72344
2025-06-21 13:00:00,0.78990
2025-06-21 13:15:00,0.86682
2025-06-21 13:30:00,0.82778
2025-06-21 13:45:00,0.70654
2025-06-21 14:00:00,0.86867
2025-06-21 14:15:00,0.92724
2025-06-21 14:30:00,0.77278
2025-06-21 14:45:00,0.68022
2025-06-21 15:00:00,0.62217
2025-06-21 15:15:00,0.67368
2025-06-21 15:30:00,0.76559
2025-06-21 15:45:00,0.72168
2025-06-21 16:00:00,0.68742
2025-06-21 16:15:00,0.75100
2025-06-21 16:30:00,0.68102
2025-06-21 16:45:00,0.62966
2025-06-21 17:00:00,0.69145
2025-06-21 17:15:00,0.57482
2025-06-21 17:30:00,0.69215
2025-06-21 17:45:00,0.69400
2025-06-21 18:00:00,0.67572
2025-06-21 18:15:00,0.57460
2025-06-21 18:30:00,0.60347
2025-06-21 18:45:00,0.51976
2025-06-21 19:00:00,0.60166
2025-06-21 19:15:00,0.78467
2025-06-21 19:30:00,0.78045
2025-06-21 19:45:00,0.74296
2025-06-21 20:00:00,0.55296
2025-06-21 20:15:00,0.52180
2025-06-21 20:30:00,0.58174
2025-06-21 20:45:00,0.61483
2025-06-21 21:00:00,0.66479
2025-06-21 21:15:00,0.60529
2025-06-21 21:30:00,0.60648
2025-06-21 21:45:00,0.61627
2025-06-21 22:00:00,0.56485
2025-06-21 22:15:00,0.62550
2025-06-21 22:30:00,0.42463
2025-06-21 22:45:00,0.52806
2025-06-21 23:00:00,0.61650
2025-06-21 23:15:00,0.61646
2025-06-21 23:30:00,0.51608
2025-06-21 23:45:00,0.62286
2025-06-22 00:00:00,0.58359
2025-06-22 00:15:00,0.54793
2025-06-22 00:30:00,0.42361
2025-06-22 00:45:00,0.41132
2025-06-22 01:00:00,0.50154
2025-06-22 01:15:00,0.41336
2025-06-22 01:30:00,0.43683
2025-06-22 01:45:00,0.43917
2025-06-22 02:00:00,0.51117
2025-06-22 02:15:00,0.64550
2025-06-22 02:30:00,0.50078
2025-06-22 02:45:00,0.58175
2025-06-22 03:00:00,0.48739
2025-06-22 03:15:00,0.54991
2025-06-22 03:30:00,0.51366
2025-06-22 03:45:00,0.39695
2025-06-22 04:00:00,0.72462
2025-06-22 04:15:00,0.54624
2025-06-22 04:30:00,0.54983
2025-06-22 04:45:00,0.57103
2025-06-22 05:00:00,0.56088
2025-06-22 05:15:00,0.52324
2025-06-22 05:30:00,0.42204
2025-06-22 05:45:00,0.60756
2025-06-22 06:00:00,0.69259
2025-06-22 06:15:00,0.56824
2025-06-22 06:30:00,0.52098
2025-06-22 06:45:00,0.62539
2025-06-22 07:00:00,0.52788
2025-06-22 07:15:00,0.66008
2025-06-22 07:30:00,0.68465
2025-06-22 07:45:00,0.56917
2025-06-22 08:00:00,0.36197
2025-06-22 08:15:00,0.41168
2025-06-22 08:30:00,0.50583
2025-06-22 08:45:00,0.48753
2025-06-22 09:00:00,0.60768
2025-06-22 09:15:00,0.73517
2025-06-22 09:30:00,0.72326
2025-06-22 09:45:00,0.91653
2025-06-22 10:00:00,0.94663
2025-06-22 10:15:00,0.67222
2025-06-22 10:30:00,0.61473
2025-06-22 10:45:00,0.66888
2025-06-22 11:00:00,0.56739
2025-06-22 11:15:00,0.59989
2025-06-22 11:30:00,0.64138
2025-06-22 11:45:00,0.72254
2025-06-22 12:00:00,0.71799
2025-06-22 12:15:00,0.79084
2025-06-22 12:30:00,0.56996
2025-06-22 12:45:00,0.64444
2025-06-22 13:00:00,0.63865
2025-06-22 13:15:00,0.71041
2025-06-22 13:30:00,0.67191
2025-06-22 13:45:00,0.60976
2025-06-22 14:00:00,0.72548
2025-06-22 14:15:00,0.70237
2025-06-22 14:30:00,0.66931
2025-06-22 14:45:00,0.55156
2025-06-22 15:00:00,0.60341
2025-06-22 15:15:00,0.75324
2025-06-22 15:30:00,0.82417
2025-06-22 15:45:00,0.78085
2025-06-22 16:00:00,0.72202
2025-06-22 16:15:00,0.81769
2025-06-22 16:30:00,0.63801
2025-06-22 16:45:00,0.58077
2025-06-22 17:00:00,0.54423
2025-06-22 17:15:00,0.58190
2025-06-22 17:30:00,0.76489
2025-06-22 17:45:00,0.57727
2025-06-22 18:00:00,0.83893
2025-06-22 18:15:00,0.58728
2025-06-22 18:30:00,0.59745
2025-06-22 18:45:00,0.63930
2025-06-22 19:00:00,0.78651
2025-06-22 19:15:00,0.88036
2025-06-22 19:30:00,0.61975
2025-06-22 19:45:00,0.56640
2025-06-22 20:00:00,0.57088
2025-06-22 20:15:00,0.69867
2025-06-22 20:30:00,0.60382
2025-06-22 20:45:00,0.55883
2025-06-22 21:00:00,0.69111
2025-06-22 21:15:00,0.50966
2025-06-22 21:30:00,0.41707
2025-06-22 21:45:00,0.52726
2025-06-22 22:00:00,0.45541
2025-06-22 22:15:00,0.44909
2025-06-22 22:30:00,0.55385
2025-06-22 22:45:00,0.66727
2025-06-22 23:00:00,0.52241
2025-06-22 23:15:00,0.66883
2025-06-22 23:30:00,0.43580
2025-06-22 23:45:00,0.72915
2025-06-23 00:00:00,0.55986
2025-06-23 00:15:00,0.57006
2025-06-23 00:30:00,0.51949
2025-06-23 00:45:00,0.55768
2025-06-23 01:00:00,0.57336
2025-06-23 01:15:00,0.41629
2025-06-23 01:30:00,0.46588
2025-06-23 01:45:00,0.53637
2025-06-23 02:00:00,0.49304
2025-06-23 02:15:00,0.52496
2025-06-23 02:30:00,0.49470
2025-06-23 02:45:00,0.52139
2025-06-23 03:00:00,0.68328
2025-06-23 03:15:00,0.58105
2025-06-23 03:30:00,0.58338
2025-06-23 03:45:00,0.42306
2025-06-23 04:00:00,0.54012
2025-06-23 04:15:00,0.55065
2025-06-23 04:30:00,0.57304
2025-06-23 04:45:00,0.58774
2025-06-23 05:00:00,0.61732
2025-06-23 05:15:00,0.64366
2025-06-23 05:30:00,0.53865
2025-06-23 05:45:00,0.45527
2025-06-23 06:00:00,0.59447
2025-06-23 06:15:00,0.41435
2025-06-23 06:30:00,0.48413
2025-06-23 06:45:00,0.57021
2025-06-23 07:00:00,0.61798
2025-06-23 07:15:00,0.64033
2025-06-23 07:30:00,0.60517
2025-06-23 07:45:00,0.41913
2025-06-23 08:00:00,0.41316
2025-06-23 08:15:00,0.43077
2025-06-23 08:30:00,0.62320
2025-06-23 08:45:00,0.67667
2025-06-23 09:00:00,0.49947
2025-06-23 09:15:00,0.55673
2025-06-23 09:30:00,0.63050
2025-06-23 09:45:00,0.66952
2025-06-23 10:00:00,0.65322
2025-06-23 10:15:00,0.74503
2025-06-23 10:30:00,0.71614
2025-06-23 10:45:00,0.67694
2025-06-23 11:00:00,0.73667
2025-06-23 11:15:00,0.56175
2025-06-23 11:30:00,0.70740
2025-06-23 11:45:00,0.83993
2025-06-23 12:00:00,0.64719
2025-06-23 12:15:00,0.43323
2025-06-23 12:30:00,0.71470
2025-06-23 12:45:00,0.72227
2025-06-23 13:00:00,0.74647
2025-06-23 13:15:00,0.70691
2025-06-23 13:30:00,0.64307
2025-06-23 13:45:00,0.78673
2025-06-23 14:00:00,0.74622
2025-06-23 14:15:00,0.49606
2025-06-23 14:30:00,0.63479
2025-06-23 14:45:00,0.98121
2025-06-23 15:00:00,0.78513
2025-06-23 15:15:00,0.65941
2025-06-23 15:30:00,0.65555
2025-06-23 15:45:00,0.82036
2025-06-23 16:00:00,0.75416
2025-06-23 16:15:00,0.88266
2025-06-23 16:30:00,0.62312
2025-06-23 16:45:00,0.71976
2025-06-23 17:00:00,0.72956
2025-06-23 17:15:00,0.46206
2025-06-23 17:30:00,0.43168
2025-06-23 17:45:00,0.44411
2025-06-23 18:00:00,0.48443
2025-06-23 18:15:00,0.49924
2025-06-23 18:30:00,0.56456
2025-06-23 18:45:00,0.68436
2025-06-23 19:00:00,0.63888
2025-06-23 19:15:00,0.48788
2025-06-23 19:30:00,0.56396
2025-06-23 19:45:00,0.64244
2025-06-23 20:00:00,0.68568
2025-06-23 20:15:00,0.56786
2025-06-23 20:30:00,0.67930
2025-06-23 20:45:00,0.69614
2025-06-23 21:00:00,0.70351
2025-06-23 21:15:00,0.73459
2025-06-23 21:30:00,0.54197
2025-06-23 21:45:00,0.63229
2025-06-23 22:00:00,0.49424
2025-06-23 22:15:00,0.44405
2025-06-23 22:30:00,0.42417
2025-06-23 22:45:00,0.34035
2025-06-23 23:00:00,0.19492
2025-06-23 23:15:00,0.27941
2025-06-23 23:30:00,0.40223
2025-06-23 23:45:00,0.61680
2025-06-24 00:00:00,0.47542
2025-06-24 00:15:00,0.33501
2025-06-24 00:30:00,0.59045
2025-06-24 00:45:00,0.42678
2025-06-24 01:00:00,0.55694
2025-06-24 01:15:00,0.48357
2025-06-24 01:30:00,0.65993
2025-06-24 01:45:00,0.51898
2025-06-24 02:00:00,0.59836
2025-06-24 02:15:00,0.36577
2025-06-24 02:30:00,0.45049
2025-06-24 02:45:00,0.52024
2025-06-24 03:00:00,0.68361
2025-06-24 03:15:00,0.57310
2025-06-24 03:30:00,0.54831
2025-06-24 03:45:00,0.64833
2025-06-24 04:00:00,0.65999
2025-06-24 04:15:00,0.53414
2025-06-24 04:30:00,0.40554
2025-06-24 04:45:00,0.62587
2025-06-24 05:00:00,0.47414
2025-06-24 05:15:00,0.55107
2025-06-24 05:30:00,0.45817
2025-06-24 05:45:00,0.70986
2025-06-24 06:00:00,0.67801
2025-06-24 06:15:00,0.60338
2025-06-24 06:30:00,0.60989
2025-06-24 06:45:00,0.52063
2025-06-24 07:00:00,0.85855
2025-06-24 07:15:00,0.72862
2025-06-24 07:30:00,0.61358
2025-06-24 07:45:00,0.56022
2025-06-24 08:00:00,0.52889
2025-06-24 08:15:00,0.67317
2025-06-24 08:30:00,0.45819
2025-06-24 08:45:00,0.42745
2025-06-24 09:00:00,0.66358
2025-06-24 09:15:00,0.57074
2025-06-24 09:30:00,0.56341
2025-06-24 09:45:00,0.56814
2025-06-24 10:00:00,0.66470
2025-06-24 10:15:00,0.72238
2025-06-24 10:30:00,0.72281
2025-06-24 10:45:00,0.82274
2025-06-24 11:00:00,0.69123
2025-06-24 11:15:00,0.65773
2025-06-24 11:30:00,0.75339
2025-06-24 11:45:00,0.72299
2025-06-24 12:00:00,0.53697
2025-06-24 12:15:00,0.79454
2025-06-24 12:30:00,0.76671
2025-06-24 12:45:00,0.67266
2025-06-24 13:00:00,0.69975
2025-06-24 13:15:00,0.72492
2025-06-24 13:30:00,0.72959
2025-06-24 13:45:00,0.57107
2025-06-24 14:00:00,0.65144
2025-06-24 14:15:00,0.86049
2025-06-24 14:30:00,0.77519
2025-06-24 14:45:00,0.73311
2025-06-24 15:00:00,0.67208
2025-06-24 15:15:00,0.74832
2025-06-24 15:30:00,0.66446
2025-06-24 15:45:00,0.51660
2025-06-24 16:00:00,0.42621
2025-06-24 16:15:00,0.46074
2025-06-24 16:30:00,0.57810
2025-06-24 16:45:00,0.59349
2025-06-24 17:00:00,0.71288
2025-06-24 17:15:00,0.69691
2025-06-24 17:30:00,0.83942
2025-06-24 17:45:00,0.78450
2025-06-24 18:00:00,0.55550
2025-06-24 18:15:00,0.49228
2025-06-24 18:30:00,0.58183
2025-06-24 18:45:00,0.79635
2025-06-24 19:00:00,0.57251
2025-06-24 19:15:00,0.44678
2025-06-24 19:30:00,0.59518
2025-06-24 19:45:00,0.74919
2025-06-24 20:00:00,0.81368
2025-06-24 20:15:00,0.72725
2025-06-24 20:30:00,0.75778
2025-06-24 20:45:00,0.66275
2025-06-24 21:00:00,0.81748
2025-06-24 21:15:00,0.83574
2025-06-24 21:30:00,0.62786
2025-06-24 21:45:00,0.59667
2025-06-24 22:00:00,0.66681
2025-06-24 22:15:00,0.58570
2025-06-24 22:30:00,0.61252
2025-06-24 22:45:00,0.54673
2025-06-24 23:00:00,0.58500
2025-06-24 23:15:00,0.52986
2025-06-24 23:30:00,0.47489
2025-06-24 23:45:00,0.56265
2025-06-25 00:00:00,0.57095
2025-06-25 00:15:00,0.63810
2025-06-25 00:30:00,0.58851
2025-06-25 00:45:00,0.76696
2025-06-25 01:00:00,0.74535
2025-06-25 01:15:00,0.61538
2025-06-25 01:30:00,0.62136
2025-06-25 01:45:00,0.58694
2025-06-25 02:00:00,0.74172
2025-06-25 02:15:00,0.63593
2025-06-25 02:30:00,0.53602
2025-06-25 02:45:00,0.45179
2025-06-25 03:00:00,0.29677
2025-06-25 03:15:00,0.58780
2025-06-25 03:30:00,0.31816
2025-06-25 03:45:00,0.50944
2025-06-25 04:00:00,0.59722
2025-06-25 04:15:00,0.60914
2025-06-25 04:30:00,0.66091
2025-06-25 04:45:00,0.53193
2025-06-25 05:00:00,0.58270
2025-06-25 05:15:00,0.52226
2025-06-25 05:30:00,0.50820
2025-06-25 05:45:00,0.54824
2025-06-25 06:00:00,0.61194
2025-06-25 06:15:00,0.64482
2025-06-25 06:30:00,0.50435
2025-06-25 06:45:00,0.51659
2025-06-25 07:00:00,0.39121
2025-06-25 07:15:00,0.54699
2025-06-25 07:30:00,0.64841
2025-06-25 07:45:00,0.59354
2025-06-25 08:00:00,0.54687
2025-06-25 08:15:00,0.53784
2025-06-25 08:30:00,0.63977
2025-06-25 08:45:00,0.79063
2025-06-25 09:00:00,0.51939
2025-06-25 09:15:00,0.65254
2025-06-25 09:30:00,0.69228
2025-06-25 09:45:00,0.73937
2025-06-25 10:00:00,0.61592
2025-06-25 10:15:00,0.67331
2025-06-25 10:30:00,0.55220
2025-06-25 10:45:00,0.71536
2025-06-25 11:00:00,0.66142
2025-06-25 11:15:00,0.66830
2025-06-25 11:30:00,0.68030
2025-06-25 11:45:00,0.65218
2025-06-25 12:00:00,0.75302
2025-06-25 12:15:00,0.73045
2025-06-25 12:30:00,0.51088
2025-06-25 12:45:00,0.60683
2025-06-25 13:00:00,0.49313
2025-06-25 13:15:00,0.72017
2025-06-25 13:30:00,0.69210
2025-06-25 13:45:00,0.52500
2025-06-25 14:00:00,0.56654
2025-06-25 14:15:00,0.49920
2025-06-25 14:30:00,0.63419
2025-06-25 14:45:00,0.56637
2025-06-25 15:00:00,0.58421
2025-06-25 15:15:00,0.69331
2025-06-25 15:30:00,0.61313
2025-06-25 15:45:00,0.63254
2025-06-25 16:00:00,0.63550
2025-06-25 16:15:00,0.64865
2025-06-25 16:30:00,0.50855
2025-06-25 16:45:00,0.65559
2025-06-25 17:00:00,0.57677
2025-06-25 17:15:00,0.63653
2025-06-25 17:30:00,0.74159
2025-06-25 17:45:00,0.51675
2025-06-25 18:00:00,0.50521
2025-06-25 18:15:00,0.64465
2025-06-25 18:30:00,0.59017
2025-06-25 18:45:00,0.53667
2025-06-25 19:00:00,0.54973
2025-06-25 19:15:00,0.52260
2025-06-25 19:30:00,0.53354
2025-06-25 19:45:00,0.63201
2025-06-25 20:00:00,0.70385
2025-06-25 20:15:00,0.62388
2025-06-25 20:30:00,0.68651
2025-06-25 20:45:00,0.61340
2025-06-25 21:00:00,0.70685
2025-06-25 21:15:00,0.74662
2025-06-25 21:30:00,0.66601
2025-06-25 21:45:00,0.57417
2025-06-25 22:00:00,0.55416
2025-06-25 22:15:00,0.38975
2025-06-25 22:30:00,0.77013
2025-06-25 22:45:00,0.71670
2025-06-25 23:00:00,0.52078
2025-06-25 23:15:00,0.45145
2025-06-25 23:30:00,0.40694
2025-06-25 23:45:00,0.50812
2025-06-26 00:00:00,0.54060
2025-06-26 00:15:00,0.51664
2025-06-26 00:30:00,0.47294
2025-06-26 00:45:00,0.60093
2025-06-26 01:00:00,0.63587
2025-06-26 01:15:00,0.51973
2025-06-26 01:30:00,0.37161
2025-06-26 01:45:00,0.43943
2025-06-26 02:00:00,0.52252
2025-06-26 02:15:00,0.50923
2025-06-26 02:30:00,0.59228
2025-06-26 02:45:00,0.53485
2025-06-26 03:00:00,0.57962
2025-06-26 03:15:00,0.52129
2025-06-26 03:30:00,0.53436
2025-06-26 03:45:00,0.64301
2025-06-26 04:00:00,0.63449
2025-06-26 04:15:00,0.73816
2025-06-26 04:30:00,0.61569
2025-06-26 04:45:00,0.61871
2025-06-26 05:00:00,0.64535
2025-06-26 05:15:00,0.54244
2025-06-26 05:30:00,0.52750
2025-06-26 05:45:00,0.42656
2025-06-26 06:00:00,0.45345
2025-06-26 06:15:00,0.41542
2025-06-26 06:30:00,0.48447
2025-06-26 06:45:00,0.68495
2025-06-26 07:00:00,0.76363
2025-06-26 07:15:00,0.73417
2025-06-26 07:30:00,0.97109
2025-06-26 07:45:00,0.82437
2025-06-26 08:00:00,0.74947
2025-06-26 08:15:00,0.73234
2025-06-26 08:30:00,0.58407
2025-06-26 08:45:00,0.63541
2025-06-26 09:00:00,0.74593
2025-06-26 09:15:00,0.64086
2025-06-26 09:30:00,0.64765
2025-06-26 09:45:00,0.69851
2025-06-26 10:00:00,0.78540
2025-06-26 10:15:00,0.75295
2025-06-26 10:30:00,0.83892
2025-06-26 10:45:00,0.79651
2025-06-26 11:00:00,0.82087
2025-06-26 11:15:00,0.67804
2025-06-26 11:30:00,0.62923
2025-06-26 11:45:00,0.66173
2025-06-26 12:00:00,0.59079
2025-06-26 12:15:00,0.60086
2025-06-26 12:30:00,0.57206
2025-06-26 12:45:00,0.76164
2025-06-26 13:00:00,0.75012
2025-06-26 13:15:00,0.77756
2025-06-26 13:30:00,0.77173
2025-06-26 13:45:00,0.80992
2025-06-26 14:00:00,0.70053
2025-06-26 14:15:00,0.55914
2025-06-26 14:30:00,0.72826
2025-06-26 14:45:00,0.81732
2025-06-26 15:00:00,0.58962
2025-06-26 15:15:00,0.76514
2025-06-26 15:30:00,0.77776
2025-06-26 15:45:00,0.63918
2025-06-26 16:00:00,0.72069
2025-06-26 16:15:00,0.64477
2025-06-26 16:30:00,0.71785
2025-06-26 16:45:00,0.72023
2025-06-26 17:00:00,0.68996
2025-06-26 17:15:00,0.57860
2025-06-26 17:30:00,0.66124
2025-06-26 17:45:00,0.75081
2025-06-26 18:00:00,0.63380
2025-06-26 18:15:00,0.51894
2025-06-26 18:30:00,0.51070
2025-06-26 18:45:00,0.48398
2025-06-26 19:00:00,0.57056
2025-06-26 19:15:00,0.54725
2025-06-26 19:30:00,0.52691
2025-06-26 19:45:00,0.56957
2025-06-26 20:00:00,0.51401
2025-06-26 20:15:00,0.48305
2025-06-26 20:30:00,0.49787
2025-06-26 20:45:00,0.42432
2025-06-26 21:00:00,0.32147
2025-06-26 21:15:00,0.38914
2025-06-26 21:30:00,0.54097
2025-06-26 21:45:00,0.59046
2025-06-26 22:00:00,0.62449
2025-06-26 22:15:00,0.51434
2025-06-26 22:30:00,0.61966
2025-06-26 22:45:00,0.50546
2025-06-26 23:00:00,0.40377
2025-06-26 23:15:00,0.54001
2025-06-26 23:30:00,0.46474
2025-06-26 23:45:00,0.57378
2025-06-27 00:00:00,0.37554
2025-06-27 00:15:00,0.55149
2025-06-27 00:30:00,0.46727
2025-06-27 00:45:00,0.67555
2025-06-27 01:00:00,0.57433
2025-06-27 01:15:00,0.67491
2025-06-27 01:30:00,0.65782
2025-06-27 01:45:00,0.55949
2025-06-27 02:00:00,0.55598
2025-06-27 02:15:00,0.63919
2025-06-27 02:30:00,0.69433
2025-06-27 02:45:00,0.47369
2025-06-27 03:00:00,0.64503
2025-06-27 03:15:00,0.62607
2025-06-27 03:30:00,0.53593
2025-06-27 03:45:00,0.59782
2025-06-27 04:00:00,0.54030
2025-06-27 04:15:00,0.37815
2025-06-27 04:30:00,0.33160
2025-06-27 04:45:00,0.60514
2025-06-27 05:00:00,0.45438
2025-06-27 05:15:00,0.38739
2025-06-27 05:30:00,0.46733
2025-06-27 05:45:00,0.58849
2025-06-27 06:00:00,0.76121
2025-06-27 06:15:00,0.79181
2025-06-27 06:30:00,0.65916
2025-06-27 06:45:00,0.68418
2025-06-27 07:00:00,0.69056
2025-06-27 07:15:00,0.58153
2025-06-27 07:30:00,0.50447
2025-06-27 07:45:00,0.52178
2025-06-27 08:00:00,0.68908
2025-06-27 08:15:00,0.64921
2025-06-27 08:30:00,0.67401
2025-06-27 08:45:00,0.83168
2025-06-27 09:00:00,0.63348
2025-06-27 09:15:00,0.64735
2025-06-27 09:30:00,0.67783
2025-06-27 09:45:00,0.68922
2025-06-27 10:00:00,0.71787
2025-06-27 10:15:00,0.70202
2025-06-27 10:30:00,0.58273
2025-06-27 10:45:00,0.42664
2025-06-27 11:00:00,0.44580
2025-06-27 11:15:00,0.69260
2025-06-27 11:30:00,0.54208
2025-06-27 11:45:00,0.62201
2025-06-27 12:00:00,0.68128
2025-06-27 12:15:00,0.83248
2025-06-27 12:30:00,0.70819
2025-06-27 12:45:00,0.67728
2025-06-27 13:00:00,0.66043
2025-06-27 13:15:00,0.74528
2025-06-27 13:30:00,0.62487
2025-06-27 13:45:00,0.64804
2025-06-27 14:00:00,0.78681
2025-06-27 14:15:00,0.72247
2025-06-27 14:30:00,0.76839
2025-06-27 14:45:00,0.81450
2025-06-27 15:00:00,0.58020
2025-06-27 15:15:00,0.48007
2025-06-27 15:30:00,0.60828
2025-06-27 15:45:00,0.78514
2025-06-27 16:00:00,0.61565
2025-06-27 16:15:00,0.70460
2025-06-27 16:30:00,0.54854
2025-06-27 16:45:00,0.68314
2025-06-27 17:00:00,0.55175
2025-06-27 17:15:00,0.45568
2025-06-27 17:30:00,0.43093
2025-06-27 17:45:00,0.64019
2025-06-27 18:00:00,0.58075
2025-06-27 18:15:00,0.60536
2025-06-27 18:30:00,0.84877
2025-06-27 18:45:00,0.74066
2025-06-27 19:00:00,0.55047
2025-06-27 19:15:00,0.56144
2025-06-27 19:30:00,0.69697
2025-06-27 19:45:00,0.36631
2025-06-27 20:00:00,0.67801
2025-06-27 20:15:00,0.71469
2025-06-27 20:30:00,0.76558
2025-06-27 20:45:00,0.79260
2025-06-27 21:00:00,0.76269
2025-06-27 21:15:00,0.66812
2025-06-27 21:30:00,0.59421
2025-06-27 21:45:00,0.74964
2025-06-27 22:00:00,0.54768
2025-06-27 22:15:00,0.66965
2025-06-27 22:30:00,0.46900
2025-06-27 22:45:00,0.62700
2025-06-27 23:00:00,0.50261
2025-06-27 23:15:00,0.52409
2025-06-27 23:30:00,0.66845
2025-06-27 23:45:00,0.61196
2025-06-28 00:00:00,0.65929
2025-06-28 00:15:00,0.46583
2025-06-28 00:30:00,0.61135
2025-06-28 00:45:00,0.63173
2025-06-28 01:00:00,0.51165
2025-06-28 01:15:00,0.44523
2025-06-28 01:30:00,0.52476
2025-06-28 01:45:00,0.64236
2025-06-28 02:00:00,0.67014
2025-06-28 02:15:00,0.64452
2025-06-28 02:30:00,0.70098
2025-06-28 02:45:00,0.51141
2025-06-28 03:00:00,0.45505
2025-06-28 03:15:00,0.37178
2025-06-28 03:30:00,0.48039
2025-06-28 03:45:00,0.36286
2025-06-28 04:00:00,0.45484
2025-06-28 04:15:00,0.44199
2025-06-28 04:30:00,0.48185
2025-06-28 04:45:00,0.59157
2025-06-28 05:00:00,0.61334
2025-06-28 05:15:00,0.55035
2025-06-28 05:30:00,0.40321
2025-06-28 05:45:00,0.40776
2025-06-28 06:00:00,0.62982
2025-06-28 06:15:00,0.59475
2025-06-28 06:30:00,0.68301
2025-06-28 06:45:00,0.58831
2025-06-28 07:00:00,0.61519
2025-06-28 07:15:00,0.80005
2025-06-28 07:30:00,0.67027
2025-06-28 07:45:00,0.64053
2025-06-28 08:00:00,0.53395
2025-06-28 08:15:00,0.66403
2025-06-28 08:30:00,0.62760
2025-06-28 08:45:00,0.66258
2025-06-28 09:00:00,0.57279
2025-06-28 09:15:00,0.60557
2025-06-28 09:30:00,0.59249
2025-06-28 09:45:00,0.60083
2025-06-28 10:00:00,0.55565
2025-06-28 10:15:00,0.59131
2025-06-28 10:30:00,0.61440
2025-06-28 10:45:00,0.67773
2025-06-28 11:00:00,0.79061
2025-06-28 11:15:00,0.65325
2025-06-28 11:30:00,0.81006
2025-06-28 11:45:00,0.71246
2025-06-28 12:00:00,0.79855
2025-06-28 12:15:00,0.63195
2025-06-28 12:30:00,0.60722
2025-06-28 12:45:00,0.67855
2025-06-28 13:00:00,0.54973
2025-06-28 13:15:00,0.82693
2025-06-28 13:30:00,0.62523
2025-06-28 13:45:00,0.51545
2025-06-28 14:00:00,0.67341
2025-06-28 14:15:00,0.63374
2025-06-28 14:30:00,0.69572
2025-06-28 14:45:00,0.85151
2025-06-28 15:00:00,0.85436
2025-06-28 15:15:00,0.71812
2025-06-28 15:30:00,0.66714
2025-06-28 15:45:00,0.65160
2025-06-28 16:00:00,0.66328
2025-06-28 16:15:00,0.78002
2025-06-28 16:30:00,0.63046
2025-06-28 16:45:00,0.66616
2025-06-28 17:00:00,0.58898
2025-06-28 17:15:00,0.67486
2025-06-28 17:30:00,0.62108
2025-06-28 17:45:00,0.62811
2025-06-28 18:00:00,0.66108
2025-06-28 18:15:00,0.61278
2025-06-28 18:30:00,0.54549
2025-06-28 18:45:00,0.51814
2025-06-28 19:00:00,0.63711
2025-06-28 19:15:00,0.80540
2025-06-28 19:30:00,0.82192
2025-06-28 19:45:00,0.67334
2025-06-28 20:00:00,0.60291
2025-06-28 20:15:00,0.48794
2025-06-28 20:30:00,0.41091
2025-06-28 20:45:00,0.37782
2025-06-28 21:00:00,0.54553
2025-06-28 21:15:00,0.58762
2025-06-28 21:30:00,0.60911
2025-06-28 21:45:00,0.69913
2025-06-28 22:00:00,0.61988
2025-06-28 22:15:00,0.57422
2025-06-28 22:30:00,0.54566
2025-06-28 22:45:00,0.49961
2025-06-28 23:00:00,0.58758
2025-06-28 23:15:00,0.54264
2025-06-28 23:30:00,0.62138
2025-06-28 23:45:00,0.51983
2025-06-29 00:00:00,0.55891
2025-06-29 00:15:00,0.44600
2025-06-29 00:30:00,0.43045
2025-06-29 00:45:00,0.28904
2025-06-29 01:00:00,0.52680
2025-06-29 01:15:00,0.45653
2025-06-29 01:30:00,0.63280
2025-06-29 01:45:00,0.67110
2025-06-29 02:00:00,0.54103
2025-06-29 02:15:00,0.50935
2025-06-29 02:30:00,0.50601
2025-06-29 02:45:00,0.28025
2025-06-29 03:00:00,0.42854
2025-06-29 03:15:00,0.58417
2025-06-29 03:30:00,0.67009
2025-06-29 03:45:00,0.62586
2025-06-29 04:00:00,0.53336
2025-06-29 04:15:00,0.39681
2025-06-29 04:30:00,0.55449
2025-06-29 04:45:00,0.52183
2025-06-29 05:00:00,0.66919
2025-06-29 05:15:00,0.45859
2025-06-29 05:30:00,0.55043
2025-06-29 05:45:00,0.49405
2025-06-29 06:00:00,0.52361
2025-06-29 06:15:00,0.59223
2025-06-29 06:30:00,0.60138
2025-06-29 06:45:00,0.51705
2025-06-29 07:00:00,0.38541
2025-06-29 07:15:00,0.52337
2025-06-29 07:30:00,0.59312
2025-06-29 07:45:00,0.58631
2025-06-29 08:00:00,0.41778
2025-06-29 08:15:00,0.55400
2025-06-29 08:30:00,0.60710
2025-06-29 08:45:00,0.63508
2025-06-29 09:00:00,0.34477
2025-06-29 09:15:00,0.38681
2025-06-29 09:30:00,0.62878
2025-06-29 09:45:00,0.60450
2025-06-29 10:00:00,0.77004
2025-06-29 10:15:00,0.65541
2025-06-29 10:30:00,0.70269
2025-06-29 10:45:00,0.74914
2025-06-29 11:00:00,0.67729
2025-06-29 11:15:00,0.79119
2025-06-29 11:30:00,0.80929
2025-06-29 11:45:00,0.76815
2025-06-29 12:00:00,0.68761
2025-06-29 12:15:00,0.55763
2025-06-29 12:30:00,0.61178
2025-06-29 12:45:00,0.58799
2025-06-29 13:00:00,0.59320
2025-06-29 13:15:00,0.61218
2025-06-29 13:30:00,0.55851
2025-06-29 13:45:00,0.55501
2025-06-29 14:00:00,0.60385
2025-06-29 14:15:00,0.62666
2025-06-29 14:30:00,0.67275
2025-06-29 14:45:00,0.60786
2025-06-29 15:00:00,0.61873
2025-06-29 15:15:00,0.73442
2025-06-29 15:30:00,0.65407
2025-06-29 15:45:00,0.74477
2025-06-29 16:00:00,0.82151
2025-06-29 16:15:00,0.67721
2025-06-29 16:30:00,0.67296
2025-06-29 16:45:00,0.57027
2025-06-29 17:00:00,0.62403
2025-06-29 17:15:00,0.62110
2025-06-29 17:30:00,0.64200
2025-06-29 17:45:00,0.70046
2025-06-29 18:00:00,0.49562
2025-06-29 18:15:00,0.44905
2025-06-29 18:30:00,0.51755
2025-06-29 18:45:00,0.42608
2025-06-29 19:00:00,0.59941
2025-06-29 19:15:00,0.52839
2025-06-29 19:30:00,0.82997
2025-06-29 19:45:00,0.68609
2025-06-29 20:00:00,0.45945
2025-06-29 20:15:00,0.36506
2025-06-29 20:30:00,0.44799
2025-06-29 20:45:00,0.59682
2025-06-29 21:00:00,0.48671
2025-06-29 21:15:00,0.52733
2025-06-29 21:30:00,0.49785
2025-06-29 21:45:00,0.59759
2025-06-29 22:00:00,0.52961
2025-06-29 22:15:00,0.54694
2025-06-29 22:30:00,0.66270
2025-06-29 22:45:00,0.64003
2025-06-29 23:00:00,0.46621
2025-06-29 23:15:00,0.56998
2025-06-29 23:30:00,0.38924
2025-06-29 23:45:00,0.48737
